Workbook
Name data_dude: Database!$J$53:$J$62
Name data_dudr: Database!$N$53:$N$62
Name data_dudrc: Database!$L$53:$L$62
Name data_duds: Database!$M$53:$M$62
Name data_dudv: Database!$K$53:$K$62
Name data_dur: Database!$I$53:$I$62
Name data_ffiff: Database!$B$53:$B$62
Name data_ffiffft: Database!$C$53:$C$62
Name data_maxipr: Database!$E$53:$E$62
Name data_maxipu: Database!$F$53:$F$62
Name data_maxsir: Database!$G$53:$G$62
Name data_maxsiu: Database!$H$53:$H$62
Name data_piada: Database!$E$23:$E$24
Name data_pigen: Database!$E$19:$E$20
Name data_prjtyp: Database!$E$7:$E$9
Name data_ptsdrp: Database!$F$67:$F$70
Name data_ptslkpnts: Database!$F$90:$F$118
Name data_ptslkpr: Database!$E$90:$E$118
Name data_ptslkpt: Database!$B$90:$B$118
Name data_ptspr: Database!$B$67:$B$70
Name data_toilet: Database!$F$35:$F$38
Name data_unitan: Database!$I$12:$I$13
Name data_unitfhr: Database!$G$12:$G$13
Name data_unitfwr: Database!$H$12:$H$13
Name data_unittyp: Database!$E$12:$E$13
Name data_unitvol: Database!$F$12:$F$13
Name data_urinal: Database!$H$35:$H$37
Name inputsflow_dfr: 'Inputs Fixture Fittings'!$J$261:$J$374
Name inputsflow_dur: 'Inputs Fixture Fittings'!$H$261:$H$374
Name inputsflow_gn: 'Inputs Fixture Fittings'!$B$261:$B$374
Name inputsflow_id: 'Inputs Fixture Fittings'!$D$261:$D$374
Name inputsflow_no: 'Inputs Fixture Fittings'!$A$261:$A$374
Name inputsflow_paw: 'Inputs Fixture Fittings'!$K$261:$K$374
Name inputsflow_prcocc: 'Inputs Fixture Fittings'!$L$261:$L$374
Name inputsflow_tduot: 'Inputs Fixture Fittings'!$T$261:$T$374
Name inputsflow_typ: 'Inputs Fixture Fittings'!$E$261:$E$374
Name inputsflow_updot: 'Inputs Fixture Fittings'!$R$261:$R$374
Name inputsflush_dfr: 'Inputs Fixture Fittings'!$J$138:$J$251
Name inputsflush_fam: 'Inputs Fixture Fittings'!$E$138:$E$251
Name inputsflush_gn: 'Inputs Fixture Fittings'!$B$138:$B$251
Name inputsflush_id: 'Inputs Fixture Fittings'!$D$138:$D$251
Name inputsflush_no: 'Inputs Fixture Fittings'!$A$138:$A$251
Name inputsflush_paw: 'Inputs Fixture Fittings'!$K$138:$K$251
Name inputsflush_prcocc: 'Inputs Fixture Fittings'!$L$138:$L$251
Name inputsflush_tduot: 'Inputs Fixture Fittings'!$T$138:$T$251
Name inputsflush_typ: 'Inputs Fixture Fittings'!$G$138:$G$251
Name inputsflush_updot: 'Inputs Fixture Fittings'!$R$138:$R$251
Name inputsgrp_ada: 'Inputs Fixture Fittings'!$G$16:$G$129
Name inputsgrp_an: 'Inputs Fixture Fittings'!$I$16:$I$129
Name inputsgrp_def: 'Inputs Fixture Fittings'!$D$16:$D$129
Name inputsgrp_deff: 'Inputs Fixture Fittings'!$F$16:$F$129
Name inputsgrp_defm: 'Inputs Fixture Fittings'!$E$16:$E$129
Name inputsgrp_gn: 'Inputs Fixture Fittings'!$B$16:$B$129
Name inputsgrp_no: 'Inputs Fixture Fittings'!$A$16:$A$129
Name inputsgrp_otefte: 'Inputs Fixture Fittings'!$J$16:$J$129
Name inputsgrp_otot: 'Inputs Fixture Fittings'!$O$16:$O$129
Name inputsgrp_otrc: 'Inputs Fixture Fittings'!$L$16:$L$129
Name inputsgrp_otres: 'Inputs Fixture Fittings'!$N$16:$N$129
Name inputsgrp_otstud: 'Inputs Fixture Fittings'!$M$16:$M$129
Name inputsgrp_otv: 'Inputs Fixture Fittings'!$K$16:$K$129

Sheet Revision History
A1: Draft Calculator Revision History | H1: TASKS
A3: Date | B3: Party | C3: Tab Edited | D3: Field Edited | E3: Description | F3: Related TASK No. | H3: No. | I3: Date Complete | J3: Tab Edited | K3: Source File
A4: 45881 | B4: WSP | C4: ALL | D4: ALL | E4: Templatized | F4: NA | H4: 1 | J4: Make sure to create named fields (Formulas > Name Manager) and use formulas using named field values (note be sure to delete unused names from the template document)
A5: 45911 | B5: WSP | C5: ALL | D5: ALL | E5: Draft completed | F5: NA | H5: 2 | J5: Make sure all credit calculation requirements are included
H6: 3 | J6: Make sure formulas work, values correct, validation included where needed (i.e. positive numbers only, etc.)
H7: 4 | J7: Make sure labels are correct (including make explicit where inputs are required or optional)
H8: 5 | J8: QC Cell Formatting (see internal style guide)
H9: 6 | J9: Add Notes where needed
H10: 7 | J10: Add summary "Point calculation" tab
H11: 8 | J11: Update instructions tab
H12: 9 | J12: Add flags as needed (i.e. for CFCs, IDC BDC >700 GWP)
H13: 10 | J13: Allow Add rows without macros, include instructions (NOTE prior calculator drafts have used Groups, welcome other recommendations)
H14: 11 | J14: Update formatting per USGBC (including If required create named fields; If guidance says use tables, convert to tables)
H15: 12 | J15: Spell Check
H16: 13 | J16: Final Lock Settings and QC

Sheet Internal Style Guide
B2: Internal Style Guide
B4: TEMP LOCK PASSWORD | E4: LEEDv5
B5: Workbook Structure | E5: Inputs Tab: User input AND final summary values only, can have some automatic input cells IF important for user data, can have multiple inputs tabs if needed
E6: Logic Tab: Calculations for values needed for LEED Performance, no user input, will be hidden from users
E7: Database Tab: Constants, values for logic calculations, points, limit to static values no formulas where possible, will be hidden from users
E8: Summary Tab: Points, values needed for LEED performance (see Reference Guide Documentation requirements for what needs to be included)
E9: Note calculators must use Formula > Name Manager to name fields and cells that are used for calculations or pulled into other cells. Recommend developing full calculator structure and initial formulas before naming fields and updating formulas.
B10: General Sheet Formating | E10: Turn-off view gridlines
E11: Columns to left and right of boarder to be Width of 3.5 (42 pxl)
E12: Rows above and below boarder to be Height of 20 (34 pxl)
B13: Sheet Background Fill | E13: #F7F8F6; fill up to row 300, 600, or 900 as needed; fill up to column Z
B14: Instructions + Summary Background Fill | E14: #FFFFFF
B15: Title Fill | E15: IP | F15: #952713
E16: LT | F16: #B87400
E17: SS | F17: #536426
E18: WE | F18: #006570
E19: EA | F19: #C75127
E20: MR | F20: #7C4901
E21: EQ | F21: #684659
E22: PR | F22: #7E8AA2
B23: Title Format | E23: Use downloadable PNG logo w and maintain aspect ratio in all cases. Logo must never be more than 1 inch (72 pixels) wide.
E24: Suggest standard header height of 90.0 (150 pxl) with an increase to 95.0 (160 pxl) prerequisite and credit combo.
E25: Note naming convention (see below for example):
F26: USGBC Calculator || LEED for Building Operations and Maintenance [14 point font, bold] LEED v5 EAp4: Fundamental Refigerant Management [12 point font, bold] LEED v5 EAc3: Enhanced Refrigerant Management Performance [12 point font, bold] SHEET NAME (I.E. INPUTS, LOGIC, DATABASE, SUMMARY) [12 point font, bold]
B27: Cell Outline | E27: Automatic, Default Weight
B28: Standard Row Width | E28: 18.0 (30 pxls)
B29: Text Alignment | D29: Subheadings | E29: Center justified, Vertical Center
D30: Text | E30: Left justified, Vertical Center
D31: Numbers | E31: Right justified, Vertical Center
B32: Number Formatting | D32: 1000 | E32: CONFIRM WHICH DATA USES THIS FORMAT
D33: 1.1 | E33: CONFIRM WHICH DATA USES THIS FORMAT
D34: 0.011 | E34: CONFIRM WHICH DATA USES THIS FORMAT
B35: Font | D35: Headings | E35: Arial 11 Bold UPPERCASE
D36: Subheading | E36: Arial 10 Bold
D37: Text | E37: Arial 10
E38: HEADING | F38: FILL HEX #353434, TEXT HEX # F7F8F6
E39: Subheading | F39: FILL FOR SUBHEADING CELLS HEX #B6B7B8 CENTER ALL HEADERS
E40: Manual input | F40: FILL FOR USER INPUT CELLS HEX #000000
E41: Auto input | F41: FILL FOR AUTOMATIC CELLS HEX #F2F2F2
E42: Calculation | F42: FILL FOR AUTOMATIC CELLS HEX #D9D9D9 Database and logic only
E43: Supplemental instructions
B44: Formulas | E44: Use Formulas > Name Manager to name arrays and cells where possible

Sheet Instructions
B2: LEED v5 Fixture and Fittings Water Use Calculator LEED for Building Design and Construction | Interior Design and Construction Instructions
C5: CREDIT INSTRUCTIONS
D7: LEED v5 BD+C WEp2 | ID+C WEp1: Minimum Water Efficiency | Minimum Fixture and Fittings Option 2 Performance Path LEED v5 BD+C WEc2 | ID+C WEc2: Enhanced Water Efficiency | Option 2 Fixtures and Fittings
D8: ▪ | E8: This calculator serves as a Baseline and Design Water Consumption for Fixtures and Fittings model for compliance with WEp2: Minimum Water Efficiency, Option 2. Performance Path – Calculated Reduction and WEc2: Enhanced Water Efficiency, Option 2. Fixtures and Fittings – Calculated Reduction.
D9: ▪ | E9: Teams pursuing points under WEc2: Enhanced Water Efficiency should consider Option 2. Performance Path – Calculated Reduction to show prerequisite compliance. Using the performance-based approach, teams can maximize water conservation across all applicable fixtures and fittings within the project boundary.
D10: ▪ | E10: Teams must determine the project’s baseline water consumption. The baseline flush and flow rates must use values from the LEED Reference Guide, representing the maximum allowed flush and flow rates.
D11: ▪ | E11: The design case must use designed values that represent the fixtures and fittings installed in the project. For projects that have dual flush toilets, use the full-flush volume in the design case calculations. Do not use the weighted average.
D12: ▪ | E12: The total number of uses for each fixture and fitting remains the same in the baseline and design case calculations.
D13: ▪ | E13: Total annual consumption depends on project-specific data, including fitting and fixture types, flush and flow rates, the number of full-time equivalents and visitors, annual days of operation, and gender ratios. This data must remain consistent across all LEED BD+C: New Construction and LEED BD+C: Core and Shell credits to maintain the integrity of the submission.
D14: ▪ | E14: Teams must prove a reduction of 20% from the baseline water use for the fixtures and fittings located within the LEED project boundary to meet the minimum prerequisite requirements.
D15: ▪ | E15: For WEc2 credit calculations, projects must include the fixtures and fittings necessary to meet the occupants’ needs, whether they will be installed as part of the project’s scope of work or not. Include at a minimum all necessary restroom fixtures (toilets, urinals, and lavatories) to meet the project occupants’ needs, and showers when seeking LT Credit Transportation Demand Management. Upload a separate calculator for the credit, as applicable.
D16: ▪ | E16: Teams should always prioritize water efficiency first in the prerequisite to reduce consumption and demand before applying alternative water solutions in the credit. For any seasonally dependent sources, such as rainwater, calculations must reflect annual, seasonal totals to confirm the available quantity of the alternative water source.
E17: ▪ | F17: If the alternative water is used for multiple applications in the project – for example, flush fixtures, irrigation, and/or process water – or is shared by multiple buildings, teams must provide supply and demand calculations to confirm the available quantity of alternative water and demonstrate that a sufficient quantity is available to meet the demands of all uses. Monthly supply and demand calculations are typically provided for seasonally dependent sources of alternative water, such as harvested rainwater, and for projects with seasonal occupancy variations, such as schools.
E18: ▪ | F18: Alternative water sources include on-site reclaimed water, off-site supplied reclaimed wastewater, graywater, rainwater, stormwater, treated seawater, condensate, nuisance water, treated blowdown from process water, reject water from reverse osmosis, and other recycled water sources.
E19: ▪ | F19: Potable water sources include municipally supplied potable water, well water, groundwater, and water from naturally occurring surface bodies of water (such as streams, lakes, or rivers), even if not treated to potable drinking water standards.
C22: INPUT INSTRUCTIONS
E24: User input cell formatting.
E25: Automatic input cell formatting.
E26: Calculation cell formatting.
C28: All input cells are required unless otherwise noted.
C30: 1 | D30: Input general information for the project, including project type and units.
C32: 2 | D32: Input Group names, types, and functions.
D33: ▪ | E33: Fill in values from the top of the list. Do not leave blank rows above filled rows.
D34: ▪ | E34: Projects with extremely complex occupancy and/or fixture usage patterns (such as where different types of occupants have different annual days of operation and use fixtures with differing flush and flow rates within the building) may create a separate Group to represent the usage for complex scenarios.
E35: Required fields for each category:
E36: ▪ | F36: Group Name. Used to define group and allow for separate user groups when identifying fixture and fittings design. If there is only one occupancy group, only one Group Name needs to be input.
E37: ▪ | F37: Gender Mix | Default/Non-default. Default: Select if the default gender mix is half male and half female. Non-Default: Select if the project is specifically designed for an alternative gender ratio or the project is expected to have alternative gender usage rates for the life of the building.
E38: ▪ | F38: Gender Mix | Non-default Male. Only required if Non-default selected above. Must be a positive percentage.
E39: ▪ | F39: Gender Mix | Non-default Female. Only required if Non-default selected above. Must be a positive percentage.
E40: ▪ | F40: Contains ADA / Gender-Neutral Restrooms. If the project includes separate gender neutral and/or ADA restrooms without urinals, the LEED default assumption is that 5% of male occupants and 5% of female occupants use these restrooms. Enter 95% into the percent of males expected to use restrooms with urinals below. Alternately, the project team can estimate this percentage based on the project's restroom layout/anticipated usage patterns or weighted fixture counts.
E41: ▪ | F41: Percent of Males Expected to Use Restrooms with Urinals. To determine the percent of males expected to use restrooms with urinals, check the project floor plans to determine whether urinals are present in all male restrooms and in all gender-neutral/ADA restrooms. Enter 100% if all male and gender-neutral/ADA restrooms have urinals. Enter 0% if the project contains no urinals. If the project includes separate all-gender/ADA restrooms without urinals, enter the default value of 95%, or a project-specific estimate based on the project's restroom layout and anticipated usage patterns or weighted fixture counts.
E42: ▪ | F42: Annual Days of Operation. Enter the number of days of operation for each group. Must be consistent with the building’s operating schedule and occupancy patterns. Must be a positive whole number.
F43: ▪ K–12 schools that close on weekends, holidays, and for eight weeks of school vacation, may assume 195 days of operation.
E44: ▪ | F44: Occupancy Type. Include the daily average number of building occupants by type for each group. Values are only needed if project includes the occupancy type. Note at least one occupancy type must be included. Values must be a positive whole number. Fill in for the following occupancy types.
F45: ▪ Employees (FTE)
F46: ▪ Visitors
F47: ▪ Retail Customers
F48: ▪ Students (K-12)
F49: ▪ Residential
F50: Note: Residential occupants include dormitory, apartment, condo residents, overnight hotel guests, medical inpatients, prisoners, and any other people who use the building for sleeping accommodations.
F51: ▪ Other (Specify)
C53: 3 | D53: Input flush fixture design and use values by Group.
D54: ▪ | E54: If all occupants have access to all fixtures and fittings within the project, only one Group is needed.
C56: 4 | D56: Input flow fixture design and use values by Group.
C58: The following instructions apply to Steps 3 and 4.
D59: ▪ | E59: Fill in values from the top of the list. Do not leave blank rows above filled rows.
E60: Optional fields for each category:
E61: ▪ | F61: Duration. Flow Fixtures Only. The default duration value may be modified for special circumstances. Provide a narrative and supporting documentation/calculations to justify any modifications. The default duration lavatory faucets may be modified for special circumstances if there is published data or studies justifying an alternate usage duration. This value may not be modified for durations specified by a manufacturer, which may be preset to any duration, as the manufacturer’s duration setting may not reflect typical usage given variability in occupant behavior. Must be a positive number.
E62: ▪ | F62: Percent Alternative Water. Alternative Water Information for projects pursuing WEc2: Enhanced Water Efficiency Option 2. Fixtures and Fittings using alternative water sources. Enter the annual quantity of alternative water that is used for the design flush fixture water consumption and/or for the design flow fixture water consumption, if applicable.
E63: ▪ | F63: Other Uses per Day. Put in uses per day for Other user group types. Must be a positive number.
E64: ▪ | F64: Total Daily Uses. If necessary, modify the Total Uses per Day column for non-default uses. The default use value may be modified for special circumstances. Provide a narrative and supporting documentation/calculations to justify any modifications.
E65: Required fields for each category:
E66: ▪ | F66: Group Name. Dropdown input from Project Info tab. Allows for adding multiple fixtures to a single group.
E67: ▪ | F67: Fixture ID. Indicate the Fixture ID that matches the information provided in the plumbing schedule.
E68: ▪ | F68: Fixture Family. Flush Fixtures Only. Dropdown selection. Select the Fixture Family installed on the project.
E69: ▪ | F69: Fixture Type. Dropdown selection. Select the Fixture Type installed on the project.
E70: ▪ | F70: Design Flush Rate. Flush Fixtures Only. Enter the Design Flush Rate identified by the manufacturer. For projects that have dual flush toilets, use the full-flush volume in the design case calculations. Must be a positive number.
E71: ▪ | F71: Design Flow Rate. Flow Fixtures Only. Enter the Design Flow Rate identified by the manufacturer. Must be a positive number.
E72: ▪ | F72: Percent of Occupants. Enter the percent of occupants with access to the fixture. If all fixtures within the same fixture family have the same type and flush rate or flow rate, then the percent of occupants value for that fixture is 100%. If the project has a mix of fixtures with different flush rates or flow rates within the same fixture family, then the percent of occupants value assigned to each of those fixtures may vary based on occupants’ estimated use, but the sum for the fixture family must be 100%. For gender-neutral or ADA restrooms with different flush rates, the default percent of occupants that use these restrooms is 5% of males and 5% of females. Do not reduce the percent of Occupants for urinals if the project includes separate gender-neutral or ADA restrooms without urinals. The calculator will account for urinal usage based on the Percent of males expected to use restrooms with urinals entered in Calculator.
E73: ▪ | F73: Total Daily Uses. If necessary, modify the Total Uses per Day column for non-default uses. The default use value may be modified for special circumstances. Provide a narrative and supporting documentation/calculations to justify any modifications.
G76: V01
G77: Copyright © 2025
G78: U.S. Green Building Council
G79: All Rights Reserved
G80: Last Updated: 10/31/2025

Sheet Inputs Fixture Fittings
B2: LEED v5 Fixture and Fittings Water Use Calculator LEED for Building Design and Construction | Interior Design and Construction Inputs Fixture and Fittings
B4: STEP 1: GENERAL INFORMATION
B6: Project Type
B8: Unit of Measurement
B11: STEP 2: GROUP NAMES AND TYPES
B13: Click + to the left to add additional rows. Click - to the left to collapse (content will be saved).
B14: Group Name | D14: Gender Mix | G14: Contains ADA / Gender-Neutral Restrooms | H14: Percent of Males Expected to Use Restrooms with Urinals | I14: Annual Days of Operation | J14: Occupancy Type
D15: Default or Non-Default | E15: Non-Default Male | F15: Non-Default Female | J15: Employees (FTE) | K15: Vistors | L15: Retail Customers | M15: Students (K-12) | N15: Residential | O15: Other (Specify)
A16: 1
A17: 2
A18: 3
A19: 4
A20: 5
A21: 6
A22: 7
A23: 8
A24: 9
A25: 10 | P25: Click + to left for additional rows
A26: 11
A27: 12
A28: 13
A29: 14
A30: 15
A31: 16
A32: 17
A33: 18
A34: 19
A35: 20
A36: 21
A37: 22
... A45: 30
P46: Click + to left for additional rows
A47: 31
A48: 32
A49: 33
A50: 34
A51: 35
A52: 36
A53: 37
A54: 38
A55: 39
A56: 40
A57: 41
A58: 42
... A66: 50
P67: Click + to left for additional rows
A68: 51
A69: 52
A70: 53
A71: 54
A72: 55
A73: 56
A74: 57
A75: 58
A76: 59
A77: 60
A78: 61
A79: 62
... A87: 70
P88: Click + to left for additional rows
A89: 71
A90: 72
A91: 73
A92: 74
A93: 75
A94: 76
A95: 77
A96: 78
A97: 79
A98: 80
A99: 81
A100: 82
... A108: 90
P109: Click + to left for additional rows
A110: 91
A111: 92
A112: 93
A113: 94
A114: 95
A115: 96
A116: 97
A117: 98
A118: 99
A119: 100
A120: 101
A121: 102
... A129: 110
B133: STEP 3: FLUSH FIXTURE INFORMATION
B135: Click + to the left to add additional rows. Click - to the left to collapse (content will be saved).
B136: Group Name | D136: Fixture Information | I136: Flush Rate | K136: Use Information | M136: Uses per Day | S136: Total Daily Uses | U136: Total Daily Water Use | Y136: Total Annual Water Use | AD136: Helper Column
D137: Fixture ID | E137: Fixture Family | G137: Fixture Type | I137: =CONCATENATE("Baseline Flush Rate (",IF(inputspi_units<>"",INDEX(data_unitfwr,MATCH(inputspi_units,data_unittyp,0)),"unit"),")") -> Baseline Flush Rate (unit) | J137: =CONCATENATE("Design Flush Rate (",IF(inputspi_units<>"",INDEX(data_unitfwr,MATCH(inputspi_units,data_unittyp,0)),"unit"),")") -> Design Flush Rate (unit) | K137: Percent Alternative Water (Optional) | L137: Percent of Occupants | M137: Employees (FTE) | N137: Visitors | O137: Retail Customers | P137: Students (K-12) | Q137: Residential | R137: Other (Optional) | S137: Default | T137: Non-default (Optional) | U137: =CONCATENATE("Baseline (",IF(inputspi_units<>"",INDEX(data_unitvol,MATCH(inputspi_units,data_unittyp,0)),"unit"),")") -> Baseline (unit) | V137: =CONCATENATE("Design without Alternative Water (",IF(inputspi_units<>"",INDEX(data_unitvol,MATCH(inputspi_units,data_unittyp,0)),"unit"),")") -> Design without Alternative Water (unit) | W137: =CONCATENATE("Alternative Water Use (",IF(inputspi_units<>"",INDEX(data_unitvol,MATCH(inputspi_units,data_unittyp,0)),"unit"),")") -> Alternative Water Use (unit) | X137: =CONCATENATE("Design with Alternative Water (",IF(inputspi_units<>"",INDEX(data_unitvol,MATCH(inputspi_units,data_unittyp,0)),"unit"),")") -> Design with Alternative Water (unit) | Y137: =CONCATENATE("Baseline (",IF(inputspi_units<>"",INDEX(data_unitvol,MATCH(inputspi_units,data_unittyp,0)),"unit"),")") -> Baseline (unit) | Z137: =CONCATENATE("Design without Alternative Water (",IF(inputspi_units<>"",INDEX(data_unitvol,MATCH(inputspi_units,data_unittyp,0)),"unit"),")") -> Design without Alternative Water (unit) | AA137: =CONCATENATE("Alternative Water Use (",IF(inputspi_units<>"",INDEX(data_unitvol,MATCH(inputspi_units,data_unittyp,0)),"unit"),")") -> Alternative Water Use (unit) | AB137: =CONCATENATE("Design with Alternative Water (",IF(inputspi_units<>"",INDEX(data_unitvol,MATCH(inputspi_units,data_unittyp,0)),"unit"),")") -> Design with Alternative Water (unit)
A138: 1 | I138: =Logic!I139 | M138: =Logic!Q139 | N138: =Logic!U139 | O138: =Logic!Y139 | P138: =Logic!AC139 | Q138: =Logic!AG139 | S138: =Logic!AL139 | U138: =Logic!AN139 | V138: =Logic!AO139 | W138: =Logic!AP139 | X138: =Logic!AQ139 | Y138: =Logic!AS139 | Z138: =Logic!AT139 | AA138: =Logic!AU139 | AB138: =Logic!AV139 | AD138: =IF(OR(E138="Toilet (male)",E138="Toilet (female)"),"data_toilet",IF(E138="Urinal","data_urinal",""))
A139: 2 | I139: =Logic!I140 | M139: =Logic!Q140 | N139: =Logic!U140 | O139: =Logic!Y140 | P139: =Logic!AC140 | Q139: =Logic!AG140 | S139: =Logic!AL140 | U139: =Logic!AN140 | V139: =Logic!AO140 | W139: =Logic!AP140 | X139: =Logic!AQ140 | Y139: =Logic!AS140 | Z139: =Logic!AT140 | AA139: =Logic!AU140 | AB139: =Logic!AV140 | AD139: =IF(OR(E139="Toilet (male)",E139="Toilet (female)"),"data_toilet",IF(E139="Urinal","data_urinal",""))
A140: 3 | I140: =Logic!I141 | M140: =Logic!Q141 | N140: =Logic!U141 | O140: =Logic!Y141 | P140: =Logic!AC141 | Q140: =Logic!AG141 | S140: =Logic!AL141 | U140: =Logic!AN141 | V140: =Logic!AO141 | W140: =Logic!AP141 | X140: =Logic!AQ141 | Y140: =Logic!AS141 | Z140: =Logic!AT141 | AA140: =Logic!AU141 | AB140: =Logic!AV141 | AD140: =IF(OR(E140="Toilet (male)",E140="Toilet (female)"),"data_toilet",IF(E140="Urinal","data_urinal",""))
A141: 4 | I141: =Logic!I142 | M141: =Logic!Q142 | N141: =Logic!U142 | O141: =Logic!Y142 | P141: =Logic!AC142 | Q141: =Logic!AG142 | S141: =Logic!AL142 | U141: =Logic!AN142 | V141: =Logic!AO142 | W141: =Logic!AP142 | X141: =Logic!AQ142 | Y141: =Logic!AS142 | Z141: =Logic!AT142 | AA141: =Logic!AU142 | AB141: =Logic!AV142 | AD141: =IF(OR(E141="Toilet (male)",E141="Toilet (female)"),"data_toilet",IF(E141="Urinal","data_urinal",""))
A142: 5 | I142: =Logic!I143 | M142: =Logic!Q143 | N142: =Logic!U143 | O142: =Logic!Y143 | P142: =Logic!AC143 | Q142: =Logic!AG143 | S142: =Logic!AL143 | U142: =Logic!AN143 | V142: =Logic!AO143 | W142: =Logic!AP143 | X142: =Logic!AQ143 | Y142: =Logic!AS143 | Z142: =Logic!AT143 | AA142: =Logic!AU143 | AB142: =Logic!AV143 | AD142: =IF(OR(E142="Toilet (male)",E142="Toilet (female)"),"data_toilet",IF(E142="Urinal","data_urinal",""))
A143: 6 | I143: =Logic!I144 | M143: =Logic!Q144 | N143: =Logic!U144 | O143: =Logic!Y144 | P143: =Logic!AC144 | Q143: =Logic!AG144 | S143: =Logic!AL144 | U143: =Logic!AN144 | V143: =Logic!AO144 | W143: =Logic!AP144 | X143: =Logic!AQ144 | Y143: =Logic!AS144 | Z143: =Logic!AT144 | AA143: =Logic!AU144 | AB143: =Logic!AV144 | AD143: =IF(OR(E143="Toilet (male)",E143="Toilet (female)"),"data_toilet",IF(E143="Urinal","data_urinal",""))
A144: 7 | I144: =Logic!I145 | M144: =Logic!Q145 | N144: =Logic!U145 | O144: =Logic!Y145 | P144: =Logic!AC145 | Q144: =Logic!AG145 | S144: =Logic!AL145 | U144: =Logic!AN145 | V144: =Logic!AO145 | W144: =Logic!AP145 | X144: =Logic!AQ145 | Y144: =Logic!AS145 | Z144: =Logic!AT145 | AA144: =Logic!AU145 | AB144: =Logic!AV145 | AD144: =IF(OR(E144="Toilet (male)",E144="Toilet (female)"),"data_toilet",IF(E144="Urinal","data_urinal",""))
A145: 8 | I145: =Logic!I146 | M145: =Logic!Q146 | N145: =Logic!U146 | O145: =Logic!Y146 | P145: =Logic!AC146 | Q145: =Logic!AG146 | S145: =Logic!AL146 | U145: =Logic!AN146 | V145: =Logic!AO146 | W145: =Logic!AP146 | X145: =Logic!AQ146 | Y145: =Logic!AS146 | Z145: =Logic!AT146 | AA145: =Logic!AU146 | AB145: =Logic!AV146 | AD145: =IF(OR(E145="Toilet (male)",E145="Toilet (female)"),"data_toilet",IF(E145="Urinal","data_urinal",""))
A146: 9 | I146: =Logic!I147 | M146: =Logic!Q147 | N146: =Logic!U147 | O146: =Logic!Y147 | P146: =Logic!AC147 | Q146: =Logic!AG147 | S146: =Logic!AL147 | U146: =Logic!AN147 | V146: =Logic!AO147 | W146: =Logic!AP147 | X146: =Logic!AQ147 | Y146: =Logic!AS147 | Z146: =Logic!AT147 | AA146: =Logic!AU147 | AB146: =Logic!AV147 | AD146: =IF(OR(E146="Toilet (male)",E146="Toilet (female)"),"data_toilet",IF(E146="Urinal","data_urinal",""))
...

Sheet Logic
B2: LEED v5 Fixture and Fittings Water Use Calculator LEED for Building Design and Construction | Interior Design and Construction Logic
B4: LOGIC 1: GENERAL INFORMATION
B6: Project Type | G6: =IFERROR(IF(inputspi_pt<>"",inputspi_pt,""),"")
B8: Unit of Measurement | G8: =IFERROR(IF(inputspi_units<>"",inputspi_units,""),"")
B11: LOGIC 2: GROUP PROJECT AND OCCUPANCY INFORMATION
B13: Click + to the left to add additional rows. Click - to the left to collapse (content will be saved).
B14: Group Name | D14: Contains ADA / Gender-Neutral Restrooms | E14: Percent of Males Expected to Use Restrooms with Urinals | F14: Annual Days of Operation | G14: Employees (FTE) | J14: Visitors | M14: Retail Customers | P14: Students (K-12) | S14: Residential | V14: Other (Specify)
G15: Total | H15: Male | I15: Female | J15: Total | K15: Male | L15: Female | M15: Total | N15: Male | O15: Female | P15: Total | Q15: Male | R15: Female | S15: Total | T15: Male | U15: Female | V15: Total | W15: Male | X15: Female
A16: 1 | B16: =IFERROR(IF(INDEX(inputsgrp_gn,MATCH(Logic!$A16,inputsgrp_no,0))<>"",INDEX(inputsgrp_gn,MATCH(Logic!$A16,inputsgrp_no,0)),""),"") | D16: =IFERROR(IF(INDEX(inputsgrp_ada,MATCH(Logic!$A16,inputsgrp_no,0))<>"",INDEX(inputsgrp_ada,MATCH(Logic!$A16,inputsgrp_no,0)),""),"") | E16: =IFERROR(IF(INDEX(inputsgrp_urinal,MATCH(Logic!$A16,inputsgrp_no,0))<>"",INDEX(inputsgrp_urinal,MATCH(Logic!$A16,inputsgrp_no,0)),""),"") | F16: =IFERROR(IF(INDEX(inputsgrp_an,MATCH(Logic!$A16,inputsgrp_no,0))<>"",INDEX(inputsgrp_an,MATCH(Logic!$A16,inputsgrp_no,0)),""),"") | G16: =IFERROR(IF(INDEX(inputsgrp_otefte,MATCH(Logic!$A16,inputsgrp_no,0))<>"",INDEX(inputsgrp_otefte,MATCH(Logic!$A16,inputsgrp_no,0)),""),"") | H16: =IF($G16<>"",IFERROR(IF('Inputs Fixture Fittings'!$D16<>"Default",'Inputs Fixture Fittings'!$E16*$G16,0.5*$G16),0),"") | I16: =IF($G16<>"",IFERROR(IF('Inputs Fixture Fittings'!$D16<>"Default",'Inputs Fixture Fittings'!$F16*$G16,0.5*$G16),0),"") | J16: =IFERROR(IF(INDEX(inputsgrp_otv,MATCH(Logic!$A16,inputsgrp_no,0))<>"",INDEX(inputsgrp_otv,MATCH(Logic!$A16,inputsgrp_no,0)),""),"") | K16: =IF($J16<>"",IFERROR(IF('Inputs Fixture Fittings'!$D16<>"Default",'Inputs Fixture Fittings'!$E16*$J16,0.5*$J16),0),"") | L16: =IF($J16<>"",IFERROR(IF('Inputs Fixture Fittings'!$D16<>"Default",'Inputs Fixture Fittings'!$F16*$J16,0.5*$J16),0),"") | M16: =IFERROR(IF(INDEX(inputsgrp_otrc,MATCH(Logic!$A16,inputsgrp_no,0))<>"",INDEX(inputsgrp_otrc,MATCH(Logic!$A16,inputsgrp_no,0)),""),"") | N16: =IF($M16<>"",IFERROR(IF('Inputs Fixture Fittings'!$D16<>"Default",'Inputs Fixture Fittings'!$E16*$M16,0.5*$M16),0),"") | O16: =IF($M16<>"",IFERROR(IF('Inputs Fixture Fittings'!$D16<>"Default",'Inputs Fixture Fittings'!$F16*$M16,0.5*$M16),0),"") | P16: =IFERROR(IF(INDEX(inputsgrp_otstud,MATCH(Logic!$A16,inputsgrp_no,0))<>"",INDEX(inputsgrp_otstud,MATCH(Logic!$A16,inputsgrp_no,0)),""),"") | Q16: =IF($P16<>"",IFERROR(IF('Inputs Fixture Fittings'!$D16<>"Default",'Inputs Fixture Fittings'!$E16*$P16,0.5*$P16),0),"") | R16: =IF($P16<>"",IFERROR(IF('Inputs Fixture Fittings'!$D16<>"Default",'Inputs Fixture Fittings'!$F16*$P16,0.5*$P16),0),"") | S16: =IFERROR(IF(INDEX(inputsgrp_otres,MATCH(Logic!$A16,inputsgrp_no,0))<>"",INDEX(inputsgrp_otres,MATCH(Logic!$A16,inputsgrp_no,0)),""),"") | T16: =IF($S16<>"",IFERROR(IF('Inputs Fixture Fittings'!$D16<>"Default",'Inputs Fixture Fittings'!$E16*$S16,0.5*$S16),0),"") | U16: =IF($S16<>"",IFERROR(IF('Inputs Fixture Fittings'!$D16<>"Default",'Inputs Fixture Fittings'!$F16*$S16,0.5*$S16),0),"") | V16: =IFERROR(IF(INDEX(inputsgrp_otot,MATCH(Logic!$A16,inputsgrp_no,0))<>"",INDEX(inputsgrp_otot,MATCH(Logic!$A16,inputsgrp_no,0)),""),"") | W16: =IF($V16<>"",IFERROR(IF('Inputs Fixture Fittings'!$D16<>"Default",'Inputs Fixture Fittings'!$E16*$V16,0.5*$V16),0),"") | X16: =IF($V16<>"",IFERROR(IF('Inputs Fixture Fittings'!$D16<>"Default",'Inputs Fixture Fittings'!$F16*$V16,0.5*$V16),0),"")
A17: 2 | B17: =IFERROR(IF(INDEX(inputsgrp_gn,MATCH(Logic!$A17,inputsgrp_no,0))<>"",INDEX(inputsgrp_gn,MATCH(Logic!$A17,inputsgrp_no,0)),""),"") | D17: =IFERROR(IF(INDEX(inputsgrp_ada,MATCH(Logic!$A17,inputsgrp_no,0))<>"",INDEX(inputsgrp_ada,MATCH(Logic!$A17,inputsgrp_no,0)),""),"") | E17: =IFERROR(IF(INDEX(inputsgrp_urinal,MATCH(Logic!$A17,inputsgrp_no,0))<>"",INDEX(inputsgrp_urinal,MATCH(Logic!$A17,inputsgrp_no,0)),""),"") | F17: =IFERROR(IF(INDEX(inputsgrp_an,MATCH(Logic!$A17,inputsgrp_no,0))<>"",INDEX(inputsgrp_an,MATCH(Logic!$A17,inputsgrp_no,0)),""),"") | G17: =IFERROR(IF(INDEX(inputsgrp_otefte,MATCH(Logic!$A17,inputsgrp_no,0))<>"",INDEX(inputsgrp_otefte,MATCH(Logic!$A17,inputsgrp_no,0)),""),"") | H17: =IF($G17<>"",IFERROR(IF('Inputs Fixture Fittings'!$D17<>"Default",'Inputs Fixture Fittings'!$E17*$G17,0.5*$G17),0),"") | I17: =IF($G17<>"",IFERROR(IF('Inputs Fixture Fittings'!$D17<>"Default",'Inputs Fixture Fittings'!$F17*$G17,0.5*$G17),0),"") | J17: =IFERROR(IF(INDEX(inputsgrp_otv,MATCH(Logic!$A17,inputsgrp_no,0))<>"",INDEX(inputsgrp_otv,MATCH(Logic!$A17,inputsgrp_no,0)),""),"") | K17: =IF($J17<>"",IFERROR(IF('Inputs Fixture Fittings'!$D17<>"Default",'Inputs Fixture Fittings'!$E17*$J17,0.5*$J17),0),"") | L17: =IF($J17<>"",IFERROR(IF('Inputs Fixture Fittings'!$D17<>"Default",'Inputs Fixture Fittings'!$F17*$J17,0.5*$J17),0),"") | M17: =IFERROR(IF(INDEX(inputsgrp_otrc,MATCH(Logic!$A17,inputsgrp_no,0))<>"",INDEX(inputsgrp_otrc,MATCH(Logic!$A17,inputsgrp_no,0)),""),"") | N17: =IF($M17<>"",IFERROR(IF('Inputs Fixture Fittings'!$D17<>"Default",'Inputs Fixture Fittings'!$E17*$M17,0.5*$M17),0),"") | O17: =IF($M17<>"",IFERROR(IF('Inputs Fixture Fittings'!$D17<>"Default",'Inputs Fixture Fittings'!$F17*$M17,0.5*$M17),0),"") | P17: =IFERROR(IF(INDEX(inputsgrp_otstud,MATCH(Logic!$A17,inputsgrp_no,0))<>"",INDEX(inputsgrp_otstud,MATCH(Logic!$A17,inputsgrp_no,0)),""),"") | Q17: =IF($P17<>"",IFERROR(IF('Inputs Fixture Fittings'!$D17<>"Default",'Inputs Fixture Fittings'!$E17*$P17,0.5*$P17),0),"") | R17: =IF($P17<>"",IFERROR(IF('Inputs Fixture Fittings'!$D17<>"Default",'Inputs Fixture Fittings'!$F17*$P17,0.5*$P17),0),"") | S17: =IFERROR(IF(INDEX(inputsgrp_otres,MATCH(Logic!$A17,inputsgrp_no,0))<>"",INDEX(inputsgrp_otres,MATCH(Logic!$A17,inputsgrp_no,0)),""),"") | T17: =IF($S17<>"",IFERROR(IF('Inputs Fixture Fittings'!$D17<>"Default",'Inputs Fixture Fittings'!$E17*$S17,0.5*$S17),0),"") | U17: =IF($S17<>"",IFERROR(IF('Inputs Fixture Fittings'!$D17<>"Default",'Inputs Fixture Fittings'!$F17*$S17,0.5*$S17),0),"") | V17: =IFERROR(IF(INDEX(inputsgrp_otot,MATCH(Logic!$A17,inputsgrp_no,0))<>"",INDEX(inputsgrp_otot,MATCH(Logic!$A17,inputsgrp_no,0)),""),"") | W17: =IF($V17<>"",IFERROR(IF('Inputs Fixture Fittings'!$D17<>"Default",'Inputs Fixture Fittings'!$E17*$V17,0.5*$V17),0),"") | X17: =IF($V17<>"",IFERROR(IF('Inputs Fixture Fittings'!$D17<>"Default",'Inputs Fixture Fittings'!$F17*$V17,0.5*$V17),0),"")
A18: 3 | B18: =IFERROR(IF(INDEX(inputsgrp_gn,MATCH(Logic!$A18,inputsgrp_no,0))<>"",INDEX(inputsgrp_gn,MATCH(Logic!$A18,inputsgrp_no,0)),""),"") | D18: =IFERROR(IF(INDEX(inputsgrp_ada,MATCH(Logic!$A18,inputsgrp_no,0))<>"",INDEX(inputsgrp_ada,MATCH(Logic!$A18,inputsgrp_no,0)),""),"") | E18: =IFERROR(IF(INDEX(inputsgrp_urinal,MATCH(Logic!$A18,inputsgrp_no,0))<>"",INDEX(inputsgrp_urinal,MATCH(Logic!$A18,inputsgrp_no,0)),""),"") | F18: =IFERROR(IF(INDEX(inputsgrp_an,MATCH(Logic!$A18,inputsgrp_no,0))<>"",INDEX(inputsgrp_an,MATCH(Logic!$A18,inputsgrp_no,0)),""),"") | G18: =IFERROR(IF(INDEX(inputsgrp_otefte,MATCH(Logic!$A18,inputsgrp_no,0))<>"",INDEX(inputsgrp_otefte,MATCH(Logic!$A18,inputsgrp_no,0)),""),"") | H18: =IF($G18<>"",IFERROR(IF('Inputs Fixture Fittings'!$D18<>"Default",'Inputs Fixture Fittings'!$E18*$G18,0.5*$G18),0),"") | I18: =IF($G18<>"",IFERROR(IF('Inputs Fixture Fittings'!$D18<>"Default",'Inputs Fixture Fittings'!$F18*$G18,0.5*$G18),0),"") | J18: =IFERROR(IF(INDEX(inputsgrp_otv,MATCH(Logic!$A18,inputsgrp_no,0))<>"",INDEX(inputsgrp_otv,MATCH(Logic!$A18,inputsgrp_no,0)),""),"") | K18: =IF($J18<>"",IFERROR(IF('Inputs Fixture Fittings'!$D18<>"Default",'Inputs Fixture Fittings'!$E18*$J18,0.5*$J18),0),"") | L18: =IF($J18<>"",IFERROR(IF('Inputs Fixture Fittings'!$D18<>"Default",'Inputs Fixture Fittings'!$F18*$J18,0.5*$J18),0),"") | M18: =IFERROR(IF(INDEX(inputsgrp_otrc,MATCH(Logic!$A18,inputsgrp_no,0))<>"",INDEX(inputsgrp_otrc,MATCH(Logic!$A18,inputsgrp_no,0)),""),"") | N18: =IF($M18<>"",IFERROR(IF('Inputs Fixture Fittings'!$D18<>"Default",'Inputs Fixture Fittings'!$E18*$M18,0.5*$M18),0),"") | O18: =IF($M18<>"",IFERROR(IF('Inputs Fixture Fittings'!$D18<>"Default",'Inputs Fixture Fittings'!$F18*$M18,0.5*$M18),0),"") | P18: =IFERROR(IF(INDEX(inputsgrp_otstud,MATCH(Logic!$A18,inputsgrp_no,0))<>"",INDEX(inputsgrp_otstud,MATCH(Logic!$A18,inputsgrp_no,0)),""),"") | Q18: =IF($P18<>"",IFERROR(IF('Inputs Fixture Fittings'!$D18<>"Default",'Inputs Fixture Fittings'!$E18*$P18,0.5*$P18),0),"") | R18: =IF($P18<>"",IFERROR(IF('Inputs Fixture Fittings'!$D18<>"Default",'Inputs Fixture Fittings'!$F18*$P18,0.5*$P18),0),"") | S18: =IFERROR(IF(INDEX(inputsgrp_otres,MATCH(Logic!$A18,inputsgrp_no,0))<>"",INDEX(inputsgrp_otres,MATCH(Logic!$A18,inputsgrp_no,0)),""),"") | T18: =IF($S18<>"",IFERROR(IF('Inputs Fixture Fittings'!$D18<>"Default",'Inputs Fixture Fittings'!$E18*$S18,0.5*$S18),0),"") | U18: =IF($S18<>"",IFERROR(IF('Inputs Fixture Fittings'!$D18<>"Default",'Inputs Fixture Fittings'!$F18*$S18,0.5*$S18),0),"") | V18: =IFERROR(IF(INDEX(inputsgrp_otot,MATCH(Logic!$A18,inputsgrp_no,0))<>"",INDEX(inputsgrp_otot,MATCH(Logic!$A18,inputsgrp_no,0)),""),"") | W18: =IF($V18<>"",IFERROR(IF('Inputs Fixture Fittings'!$D18<>"Default",'Inputs Fixture Fittings'!$E18*$V18,0.5*$V18),0),"") | X18: =IF($V18<>"",IFERROR(IF('Inputs Fixture Fittings'!$D18<>"Default",'Inputs Fixture Fittings'!$F18*$V18,0.5*$V18),0),"")
A19: 4 | B19: =IFERROR(IF(INDEX(inputsgrp_gn,MATCH(Logic!$A19,inputsgrp_no,0))<>"",INDEX(inputsgrp_gn,MATCH(Logic!$A19,inputsgrp_no,0)),""),"") | D19: =IFERROR(IF(INDEX(inputsgrp_ada,MATCH(Logic!$A19,inputsgrp_no,0))<>"",INDEX(inputsgrp_ada,MATCH(Logic!$A19,inputsgrp_no,0)),""),"") | E19: =IFERROR(IF(INDEX(inputsgrp_urinal,MATCH(Logic!$A19,inputsgrp_no,0))<>"",INDEX(inputsgrp_urinal,MATCH(Logic!$A19,inputsgrp_no,0)),""),"") | F19: =IFERROR(IF(INDEX(inputsgrp_an,MATCH(Logic!$A19,inputsgrp_no,0))<>"",INDEX(inputsgrp_an,MATCH(Logic!$A19,inputsgrp_no,0)),""),"") | G19: =IFERROR(IF(INDEX(inputsgrp_otefte,MATCH(Logic!$A19,inputsgrp_no,0))<>"",INDEX(inputsgrp_otefte,MATCH(Logic!$A19,inputsgrp_no,0)),""),"") | H19: =IF($G19<>"",IFERROR(IF('Inputs Fixture Fittings'!$D19<>"Default",'Inputs Fixture Fittings'!$E19*$G19,0.5*$G19),0),"") | I19: =IF($G19<>"",IFERROR(IF('Inputs Fixture Fittings'!$D19<>"Default",'Inputs Fixture Fittings'!$F19*$G19,0.5*$G19),0),"") | J19: =IFERROR(IF(INDEX(inputsgrp_otv,MATCH(Logic!$A19,inputsgrp_no,0))<>"",INDEX(inputsgrp_otv,MATCH(Logic!$A19,inputsgrp_no,0)),""),"") | K19: =IF($J19<>"",IFERROR(IF('Inputs Fixture Fittings'!$D19<>"Default",'Inputs Fixture Fittings'!$E19*$J19,0.5*$J19),0),"") | L19: =IF($J19<>"",IFERROR(IF('Inputs Fixture Fittings'!$D19<>"Default",'Inputs Fixture Fittings'!$F19*$J19,0.5*$J19),0),"") | M19: =IFERROR(IF(INDEX(inputsgrp_otrc,MATCH(Logic!$A19,inputsgrp_no,0))<>"",INDEX(inputsgrp_otrc,MATCH(Logic!$A19,inputsgrp_no,0)),""),"") | N19: =IF($M19<>"",IFERROR(IF('Inputs Fixture Fittings'!$D19<>"Default",'Inputs Fixture Fittings'!$E19*$M19,0.5*$M19),0),"") | O19: =IF($M19<>"",IFERROR(IF('Inputs Fixture Fittings'!$D19<>"Default",'Inputs Fixture Fittings'!$F19*$M19,0.5*$M19),0),"") | P19: =IFERROR(IF(INDEX(inputsgrp_otstud,MATCH(Logic!$A19,inputsgrp_no,0))<>"",INDEX(inputsgrp_otstud,MATCH(Logic!$A19,inputsgrp_no,0)),""),"") | Q19: =IF($P19<>"",IFERROR(IF('Inputs Fixture Fittings'!$D19<>"Default",'Inputs Fixture Fittings'!$E19*$P19,0.5*$P19),0),"") | R19: =IF($P19<>"",IFERROR(IF('Inputs Fixture Fittings'!$D19<>"Default",'Inputs Fixture Fittings'!$F19*$P19,0.5*$P19),0),"") | S19: =IFERROR(IF(INDEX(inputsgrp_otres,MATCH(Logic!$A19,inputsgrp_no,0))<>"",INDEX(inputsgrp_otres,MATCH(Logic!$A19,inputsgrp_no,0)),""),"") | T19: =IF($S19<>"",IFERROR(IF('Inputs Fixture Fittings'!$D19<>"Default",'Inputs Fixture Fittings'!$E19*$S19,0.5*$S19),0),"") | U19: =IF($S19<>"",IFERROR(IF('Inputs Fixture Fittings'!$D19<>"Default",'Inputs Fixture Fittings'!$F19*$S19,0.5*$S19),0),"") | V19: =IFERROR(IF(INDEX(inputsgrp_otot,MATCH(Logic!$A19,inputsgrp_no,0))<>"",INDEX(inputsgrp_otot,MATCH(Logic!$A19,inputsgrp_no,0)),""),"") | W19: =IF($V19<>"",IFERROR(IF('Inputs Fixture Fittings'!$D19<>"Default",'Inputs Fixture Fittings'!$E19*$V19,0.5*$V19),0),"") | X19: =IF($V19<>"",IFERROR(IF('Inputs Fixture Fittings'!$D19<>"Default",'Inputs Fixture Fittings'!$F19*$V19,0.5*$V19),0),"")
A20: 5 | B20: =IFERROR(IF(INDEX(inputsgrp_gn,MATCH(Logic!$A20,inputsgrp_no,0))<>"",INDEX(inputsgrp_gn,MATCH(Logic!$A20,inputsgrp_no,0)),""),"") | D20: =IFERROR(IF(INDEX(inputsgrp_ada,MATCH(Logic!$A20,inputsgrp_no,0))<>"",INDEX(inputsgrp_ada,MATCH(Logic!$A20,inputsgrp_no,0)),""),"") | E20: =IFERROR(IF(INDEX(inputsgrp_urinal,MATCH(Logic!$A20,inputsgrp_no,0))<>"",INDEX(inputsgrp_urinal,MATCH(Logic!$A20,inputsgrp_no,0)),""),"") | F20: =IFERROR(IF(INDEX(inputsgrp_an,MATCH(Logic!$A20,inputsgrp_no,0))<>"",INDEX(inputsgrp_an,MATCH(Logic!$A20,inputsgrp_no,0)),""),"") | G20: =IFERROR(IF(INDEX(inputsgrp_otefte,MATCH(Logic!$A20,inputsgrp_no,0))<>"",INDEX(inputsgrp_otefte,MATCH(Logic!$A20,inputsgrp_no,0)),""),"") | H20: =IF($G20<>"",IFERROR(IF('Inputs Fixture Fittings'!$D20<>"Default",'Inputs Fixture Fittings'!$E20*$G20,0.5*$G20),0),"") | I20: =IF($G20<>"",IFERROR(IF('Inputs Fixture Fittings'!$D20<>"Default",'Inputs Fixture Fittings'!$F20*$G20,0.5*$G20),0),"") | J20: =IFERROR(IF(INDEX(inputsgrp_otv,MATCH(Logic!$A20,inputsgrp_no,0))<>"",INDEX(inputsgrp_otv,MATCH(Logic!$A20,inputsgrp_no,0)),""),"") | K20: =IF($J20<>"",IFERROR(IF('Inputs Fixture Fittings'!$D20<>"Default",'Inputs Fixture Fittings'!$E20*$J20,0.5*$J20),0),"") | L20: =IF($J20<>"",IFERROR(IF('Inputs Fixture Fittings'!$D20<>"Default",'Inputs Fixture Fittings'!$F20*$J20,0.5*$J20),0),"") | M20: =IFERROR(IF(INDEX(inputsgrp_otrc,MATCH(Logic!$A20,inputsgrp_no,0))<>"",INDEX(inputsgrp_otrc,MATCH(Logic!$A20,inputsgrp_no,0)),""),"") | N20: =IF($M20<>"",IFERROR(IF('Inputs Fixture Fittings'!$D20<>"Default",'Inputs Fixture Fittings'!$E20*$M20,0.5*$M20),0),"") | O20: =IF($M20<>"",IFERROR(IF('Inputs Fixture Fittings'!$D20<>"Default",'Inputs Fixture Fittings'!$F20*$M20,0.5*$M20),0),"") | P20: =IFERROR(IF(INDEX(inputsgrp_otstud,MATCH(Logic!$A20,inputsgrp_no,0))<>"",INDEX(inputsgrp_otstud,MATCH(Logic!$A20,inputsgrp_no,0)),""),"") | Q20: =IF($P20<>"",IFERROR(IF('Inputs Fixture Fittings'!$D20<>"Default",'Inputs Fixture Fittings'!$E20*$P20,0.5*$P20),0),"") | R20: =IF($P20<>"",IFERROR(IF('Inputs Fixture Fittings'!$D20<>"Default",'Inputs Fixture Fittings'!$F20*$P20,0.5*$P20),0),"") | S20: =IFERROR(IF(INDEX(inputsgrp_otres,MATCH(Logic!$A20,inputsgrp_no,0))<>"",INDEX(inputsgrp_otres,MATCH(Logic!$A20,inputsgrp_no,0)),""),"") | T20: =IF($S20<>"",IFERROR(IF('Inputs Fixture Fittings'!$D20<>"Default",'Inputs Fixture Fittings'!$E20*$S20,0.5*$S20),0),"") | U20: =IF($S20<>"",IFERROR(IF('Inputs Fixture Fittings'!$D20<>"Default",'Inputs Fixture Fittings'!$F20*$S20,0.5*$S20),0),"") | V20: =IFERROR(IF(INDEX(inputsgrp_otot,MATCH(Logic!$A20,inputsgrp_no,0))<>"",INDEX(inputsgrp_otot,MATCH(Logic!$A20,inputsgrp_no,0)),""),"") | W20: =IF($V20<>"",IFERROR(IF('Inputs Fixture Fittings'!$D20<>"Default",'Inputs Fixture Fittings'!$E20*$V20,0.5*$V20),0),"") | X20: =IF($V20<>"",IFERROR(IF('Inputs Fixture Fittings'!$D20<>"Default",'Inputs Fixture Fittings'!$F20*$V20,0.5*$V20),0),"")
A21: 6 | B21: =IFERROR(IF(INDEX(inputsgrp_gn,MATCH(Logic!$A21,inputsgrp_no,0))<>"",INDEX(inputsgrp_gn,MATCH(Logic!$A21,inputsgrp_no,0)),""),"") | D21: =IFERROR(IF(INDEX(inputsgrp_ada,MATCH(Logic!$A21,inputsgrp_no,0))<>"",INDEX(inputsgrp_ada,MATCH(Logic!$A21,inputsgrp_no,0)),""),"") | E21: =IFERROR(IF(INDEX(inputsgrp_urinal,MATCH(Logic!$A21,inputsgrp_no,0))<>"",INDEX(inputsgrp_urinal,MATCH(Logic!$A21,inputsgrp_no,0)),""),"") | F21: =IFERROR(IF(INDEX(inputsgrp_an,MATCH(Logic!$A21,inputsgrp_no,0))<>"",INDEX(inputsgrp_an,MATCH(Logic!$A21,inputsgrp_no,0)),""),"") | G21: =IFERROR(IF(INDEX(inputsgrp_otefte,MATCH(Logic!$A21,inputsgrp_no,0))<>"",INDEX(inputsgrp_otefte,MATCH(Logic!$A21,inputsgrp_no,0)),""),"") | H21: =IF($G21<>"",IFERROR(IF('Inputs Fixture Fittings'!$D21<>"Default",'Inputs Fixture Fittings'!$E21*$G21,0.5*$G21),0),"") | I21: =IF($G21<>"",IFERROR(IF('Inputs Fixture Fittings'!$D21<>"Default",'Inputs Fixture Fittings'!$F21*$G21,0.5*$G21),0),"") | J21: =IFERROR(IF(INDEX(inputsgrp_otv,MATCH(Logic!$A21,inputsgrp_no,0))<>"",INDEX(inputsgrp_otv,MATCH(Logic!$A21,inputsgrp_no,0)),""),"") | K21: =IF($J21<>"",IFERROR(IF('Inputs Fixture Fittings'!$D21<>"Default",'Inputs Fixture Fittings'!$E21*$J21,0.5*$J21),0),"") | L21: =IF($J21<>"",IFERROR(IF('Inputs Fixture Fittings'!$D21<>"Default",'Inputs Fixture Fittings'!$F21*$J21,0.5*$J21),0),"") | M21: =IFERROR(IF(INDEX(inputsgrp_otrc,MATCH(Logic!$A21,inputsgrp_no,0))<>"",INDEX(inputsgrp_otrc,MATCH(Logic!$A21,inputsgrp_no,0)),""),"") | N21: =IF($M21<>"",IFERROR(IF('Inputs Fixture Fittings'!$D21<>"Default",'Inputs Fixture Fittings'!$E21*$M21,0.5*$M21),0),"") | O21: =IF($M21<>"",IFERROR(IF('Inputs Fixture Fittings'!$D21<>"Default",'Inputs Fixture Fittings'!$F21*$M21,0.5*$M21),0),"") | P21: =IFERROR(IF(INDEX(inputsgrp_otstud,MATCH(Logic!$A21,inputsgrp_no,0))<>"",INDEX(inputsgrp_otstud,MATCH(Logic!$A21,inputsgrp_no,0)),""),"") | Q21: =IF($P21<>"",IFERROR(IF('Inputs Fixture Fittings'!$D21<>"Default",'Inputs Fixture Fittings'!$E21*$P21,0.5*$P21),0),"") | R21: =IF($P21<>"",IFERROR(IF('Inputs Fixture Fittings'!$D21<>"Default",'Inputs Fixture Fittings'!$F21*$P21,0.5*$P21),0),"") | S21: =IFERROR(IF(INDEX(inputsgrp_otres,MATCH(Logic!$A21,inputsgrp_no,0))<>"",INDEX(inputsgrp_otres,MATCH(Logic!$A21,inputsgrp_no,0)),""),"") | T21: =IF($S21<>"",IFERROR(IF('Inputs Fixture Fittings'!$D21<>"Default",'Inputs Fixture Fittings'!$E21*$S21,0.5*$S21),0),"") | U21: =IF($S21<>"",IFERROR(IF('Inputs Fixture Fittings'!$D21<>"Default",'Inputs Fixture Fittings'!$F21*$S21,0.5*$S21),0),"") | V21: =IFERROR(IF(INDEX(inputsgrp_otot,MATCH(Logic!$A21,inputsgrp_no,0))<>"",INDEX(inputsgrp_otot,MATCH(Logic!$A21,inputsgrp_no,0)),""),"") | W21: =IF($V21<>"",IFERROR(IF('Inputs Fixture Fittings'!$D21<>"Default",'Inputs Fixture Fittings'!$E21*$V21,0.5*$V21),0),"") | X21: =IF($V21<>"",IFERROR(IF('Inputs Fixture Fittings'!$D21<>"Default",'Inputs Fixture Fittings'!$F21*$V21,0.5*$V21),0),"")
A22: 7 | B22: =IFERROR(IF(INDEX(inputsgrp_gn,MATCH(Logic!$A22,inputsgrp_no,0))<>"",INDEX(inputsgrp_gn,MATCH(Logic!$A22,inputsgrp_no,0)),""),"") | D22: =IFERROR(IF(INDEX(inputsgrp_ada,MATCH(Logic!$A22,inputsgrp_no,0))<>"",INDEX(inputsgrp_ada,MATCH(Logic!$A22,inputsgrp_no,0)),""),"") | E22: =IFERROR(IF(INDEX(inputsgrp_urinal,MATCH(Logic!$A22,inputsgrp_no,0))<>"",INDEX(inputsgrp_urinal,MATCH(Logic!$A22,inputsgrp_no,0)),""),"") | F22: =IFERROR(IF(INDEX(inputsgrp_an,MATCH(Logic!$A22,inputsgrp_no,0))<>"",INDEX(inputsgrp_an,MATCH(Logic!$A22,inputsgrp_no,0)),""),"") | G22: =IFERROR(IF(INDEX(inputsgrp_otefte,MATCH(Logic!$A22,inputsgrp_no,0))<>"",INDEX(inputsgrp_otefte,MATCH(Logic!$A22,inputsgrp_no,0)),""),"") | H22: =IF($G22<>"",IFERROR(IF('Inputs Fixture Fittings'!$D22<>"Default",'Inputs Fixture Fittings'!$E22*$G22,0.5*$G22),0),"") | I22: =IF($G22<>"",IFERROR(IF('Inputs Fixture Fittings'!$D22<>"Default",'Inputs Fixture Fittings'!$F22*$G22,0.5*$G22),0),"") | J22: =IFERROR(IF(INDEX(inputsgrp_otv,MATCH(Logic!$A22,inputsgrp_no,0))<>"",INDEX(inputsgrp_otv,MATCH(Logic!$A22,inputsgrp_no,0)),""),"") | K22: =IF($J22<>"",IFERROR(IF('Inputs Fixture Fittings'!$D22<>"Default",'Inputs Fixture Fittings'!$E22*$J22,0.5*$J22),0),"") | L22: =IF($J22<>"",IFERROR(IF('Inputs Fixture Fittings'!$D22<>"Default",'Inputs Fixture Fittings'!$F22*$J22,0.5*$J22),0),"") | M22: =IFERROR(IF(INDEX(inputsgrp_otrc,MATCH(Logic!$A22,inputsgrp_no,0))<>"",INDEX(inputsgrp_otrc,MATCH(Logic!$A22,inputsgrp_no,0)),""),"") | N22: =IF($M22<>"",IFERROR(IF('Inputs Fixture Fittings'!$D22<>"Default",'Inputs Fixture Fittings'!$E22*$M22,0.5*$M22),0),"") | O22: =IF($M22<>"",IFERROR(IF('Inputs Fixture Fittings'!$D22<>"Default",'Inputs Fixture Fittings'!$F22*$M22,0.5*$M22),0),"") | P22: =IFERROR(IF(INDEX(inputsgrp_otstud,MATCH(Logic!$A22,inputsgrp_no,0))<>"",INDEX(inputsgrp_otstud,MATCH(Logic!$A22,inputsgrp_no,0)),""),"") | Q22: =IF($P22<>"",IFERROR(IF('Inputs Fixture Fittings'!$D22<>"Default",'Inputs Fixture Fittings'!$E22*$P22,0.5*$P22),0),"") | R22: =IF($P22<>"",IFERROR(IF('Inputs Fixture Fittings'!$D22<>"Default",'Inputs Fixture Fittings'!$F22*$P22,0.5*$P22),0),"") | S22: =IFERROR(IF(INDEX(inputsgrp_otres,MATCH(Logic!$A22,inputsgrp_no,0))<>"",INDEX(inputsgrp_otres,MATCH(Logic!$A22,inputsgrp_no,0)),""),"") | T22: =IF($S22<>"",IFERROR(IF('Inputs Fixture Fittings'!$D22<>"Default",'Inputs Fixture Fittings'!$E22*$S22,0.5*$S22),0),"") | U22: =IF($S22<>"",IFERROR(IF('Inputs Fixture Fittings'!$D22<>"Default",'Inputs Fixture Fittings'!$F22*$S22,0.5*$S22),0),"") | V22: =IFERROR(IF(INDEX(inputsgrp_otot,MATCH(Logic!$A22,inputsgrp_no,0))<>"",INDEX(inputsgrp_otot,MATCH(Logic!$A22,inputsgrp_no,0)),""),"") | W22: =IF($V22<>"",IFERROR(IF('Inputs Fixture Fittings'!$D22<>"Default",'Inputs Fixture Fittings'!$E22*$V22,0.5*$V22),0),"") | X22: =IF($V22<>"",IFERROR(IF('Inputs Fixture Fittings'!$D22<>"Default",'Inputs Fixture Fittings'!$F22*$V22,0.5*$V22),0),"")
A23: 8 | B23: =IFERROR(IF(INDEX(inputsgrp_gn,MATCH(Logic!$A23,inputsgrp_no,0))<>"",INDEX(inputsgrp_gn,MATCH(Logic!$A23,inputsgrp_no,0)),""),"") | D23: =IFERROR(IF(INDEX(inputsgrp_ada,MATCH(Logic!$A23,inputsgrp_no,0))<>"",INDEX(inputsgrp_ada,MATCH(Logic!$A23,inputsgrp_no,0)),""),"") | E23: =IFERROR(IF(INDEX(inputsgrp_urinal,MATCH(Logic!$A23,inputsgrp_no,0))<>"",INDEX(inputsgrp_urinal,MATCH(Logic!$A23,inputsgrp_no,0)),""),"") | F23: =IFERROR(IF(INDEX(inputsgrp_an,MATCH(Logic!$A23,inputsgrp_no,0))<>"",INDEX(inputsgrp_an,MATCH(Logic!$A23,inputsgrp_no,0)),""),"") | G23: =IFERROR(IF(INDEX(inputsgrp_otefte,MATCH(Logic!$A23,inputsgrp_no,0))<>"",INDEX(inputsgrp_otefte,MATCH(Logic!$A23,inputsgrp_no,0)),""),"") | H23: =IF($G23<>"",IFERROR(IF('Inputs Fixture Fittings'!$D23<>"Default",'Inputs Fixture Fittings'!$E23*$G23,0.5*$G23),0),"") | I23: =IF($G23<>"",IFERROR(IF('Inputs Fixture Fittings'!$D23<>"Default",'Inputs Fixture Fittings'!$F23*$G23,0.5*$G23),0),"") | J23: =IFERROR(IF(INDEX(inputsgrp_otv,MATCH(Logic!$A23,inputsgrp_no,0))<>"",INDEX(inputsgrp_otv,MATCH(Logic!$A23,inputsgrp_no,0)),""),"") | K23: =IF($J23<>"",IFERROR(IF('Inputs Fixture Fittings'!$D23<>"Default",'Inputs Fixture Fittings'!$E23*$J23,0.5*$J23),0),"") | L23: =IF($J23<>"",IFERROR(IF('Inputs Fixture Fittings'!$D23<>"Default",'Inputs Fixture Fittings'!$F23*$J23,0.5*$J23),0),"") | M23: =IFERROR(IF(INDEX(inputsgrp_otrc,MATCH(Logic!$A23,inputsgrp_no,0))<>"",INDEX(inputsgrp_otrc,MATCH(Logic!$A23,inputsgrp_no,0)),""),"") | N23: =IF($M23<>"",IFERROR(IF('Inputs Fixture Fittings'!$D23<>"Default",'Inputs Fixture Fittings'!$E23*$M23,0.5*$M23),0),"") | O23: =IF($M23<>"",IFERROR(IF('Inputs Fixture Fittings'!$D23<>"Default",'Inputs Fixture Fittings'!$F23*$M23,0.5*$M23),0),"") | P23: =IFERROR(IF(INDEX(inputsgrp_otstud,MATCH(Logic!$A23,inputsgrp_no,0))<>"",INDEX(inputsgrp_otstud,MATCH(Logic!$A23,inputsgrp_no,0)),""),"") | Q23: =IF($P23<>"",IFERROR(IF('Inputs Fixture Fittings'!$D23<>"Default",'Inputs Fixture Fittings'!$E23*$P23,0.5*$P23),0),"") | R23: =IF($P23<>"",IFERROR(IF('Inputs Fixture Fittings'!$D23<>"Default",'Inputs Fixture Fittings'!$F23*$P23,0.5*$P23),0),"") | S23: =IFERROR(IF(INDEX(inputsgrp_otres,MATCH(Logic!$A23,inputsgrp_no,0))<>"",INDEX(inputsgrp_otres,MATCH(Logic!$A23,inputsgrp_no,0)),""),"") | T23: =IF($S23<>"",IFERROR(IF('Inputs Fixture Fittings'!$D23<>"Default",'Inputs Fixture Fittings'!$E23*$S23,0.5*$S23),0),"") | U23: =IF($S23<>"",IFERROR(IF('Inputs Fixture Fittings'!$D23<>"Default",'Inputs Fixture Fittings'!$F23*$S23,0.5*$S23),0),"") | V23: =IFERROR(IF(INDEX(inputsgrp_otot,MATCH(Logic!$A23,inputsgrp_no,0))<>"",INDEX(inputsgrp_otot,MATCH(Logic!$A23,inputsgrp_no,0)),""),"") | W23: =IF($V23<>"",IFERROR(IF('Inputs Fixture Fittings'!$D23<>"Default",'Inputs Fixture Fittings'!$E23*$V23,0.5*$V23),0),"") | X23: =IF($V23<>"",IFERROR(IF('Inputs Fixture Fittings'!$D23<>"Default",'Inputs Fixture Fittings'!$F23*$V23,0.5*$V23),0),"")
A24: 9 | B24: =IFERROR(IF(INDEX(inputsgrp_gn,MATCH(Logic!$A24,inputsgrp_no,0))<>"",INDEX(inputsgrp_gn,MATCH(Logic!$A24,inputsgrp_no,0)),""),"") | D24: =IFERROR(IF(INDEX(inputsgrp_ada,MATCH(Logic!$A24,inputsgrp_no,0))<>"",INDEX(inputsgrp_ada,MATCH(Logic!$A24,inputsgrp_no,0)),""),"") | E24: =IFERROR(IF(INDEX(inputsgrp_urinal,MATCH(Logic!$A24,inputsgrp_no,0))<>"",INDEX(inputsgrp_urinal,MATCH(Logic!$A24,inputsgrp_no,0)),""),"") | F24: =IFERROR(IF(INDEX(inputsgrp_an,MATCH(Logic!$A24,inputsgrp_no,0))<>"",INDEX(inputsgrp_an,MATCH(Logic!$A24,inputsgrp_no,0)),""),"") | G24: =IFERROR(IF(INDEX(inputsgrp_otefte,MATCH(Logic!$A24,inputsgrp_no,0))<>"",INDEX(inputsgrp_otefte,MATCH(Logic!$A24,inputsgrp_no,0)),""),"") | H24: =IF($G24<>"",IFERROR(IF('Inputs Fixture Fittings'!$D24<>"Default",'Inputs Fixture Fittings'!$E24*$G24,0.5*$G24),0),"") | I24: =IF($G24<>"",IFERROR(IF('Inputs Fixture Fittings'!$D24<>"Default",'Inputs Fixture Fittings'!$F24*$G24,0.5*$G24),0),"") | J24: =IFERROR(IF(INDEX(inputsgrp_otv,MATCH(Logic!$A24,inputsgrp_no,0))<>"",INDEX(inputsgrp_otv,MATCH(Logic!$A24,inputsgrp_no,0)),""),"") | K24: =IF($J24<>"",IFERROR(IF('Inputs Fixture Fittings'!$D24<>"Default",'Inputs Fixture Fittings'!$E24*$J24,0.5*$J24),0),"") | L24: =IF($J24<>"",IFERROR(IF('Inputs Fixture Fittings'!$D24<>"Default",'Inputs Fixture Fittings'!$F24*$J24,0.5*$J24),0),"") | M24: =IFERROR(IF(INDEX(inputsgrp_otrc,MATCH(Logic!$A24,inputsgrp_no,0))<>"",INDEX(inputsgrp_otrc,MATCH(Logic!$A24,inputsgrp_no,0)),""),"") | N24: =IF($M24<>"",IFERROR(IF('Inputs Fixture Fittings'!$D24<>"Default",'Inputs Fixture Fittings'!$E24*$M24,0.5*$M24),0),"") | O24: =IF($M24<>"",IFERROR(IF('Inputs Fixture Fittings'!$D24<>"Default",'Inputs Fixture Fittings'!$F24*$M24,0.5*$M24),0),"") | P24: =IFERROR(IF(INDEX(inputsgrp_otstud,MATCH(Logic!$A24,inputsgrp_no,0))<>"",INDEX(inputsgrp_otstud,MATCH(Logic!$A24,inputsgrp_no,0)),""),"") | Q24: =IF($P24<>"",IFERROR(IF('Inputs Fixture Fittings'!$D24<>"Default",'Inputs Fixture Fittings'!$E24*$P24,0.5*$P24),0),"") | R24: =IF($P24<>"",IFERROR(IF('Inputs Fixture Fittings'!$D24<>"Default",'Inputs Fixture Fittings'!$F24*$P24,0.5*$P24),0),"") | S24: =IFERROR(IF(INDEX(inputsgrp_otres,MATCH(Logic!$A24,inputsgrp_no,0))<>"",INDEX(inputsgrp_otres,MATCH(Logic!$A24,inputsgrp_no,0)),""),"") | T24: =IF($S24<>"",IFERROR(IF('Inputs Fixture Fittings'!$D24<>"Default",'Inputs Fixture Fittings'!$E24*$S24,0.5*$S24),0),"") | U24: =IF($S24<>"",IFERROR(IF('Inputs Fixture Fittings'!$D24<>"Default",'Inputs Fixture Fittings'!$F24*$S24,0.5*$S24),0),"") | V24: =IFERROR(IF(INDEX(inputsgrp_otot,MATCH(Logic!$A24,inputsgrp_no,0))<>"",INDEX(inputsgrp_otot,MATCH(Logic!$A24,inputsgrp_no,0)),""),"") | W24: =IF($V24<>"",IFERROR(IF('Inputs Fixture Fittings'!$D24<>"Default",'Inputs Fixture Fittings'!$E24*$V24,0.5*$V24),0),"") | X24: =IF($V24<>"",IFERROR(IF('Inputs Fixture Fittings'!$D24<>"Default",'Inputs Fixture Fittings'!$F24*$V24,0.5*$V24),0),"")
A25: 10 | B25: =IFERROR(IF(INDEX(inputsgrp_gn,MATCH(Logic!$A25,inputsgrp_no,0))<>"",INDEX(inputsgrp_gn,MATCH(Logic!$A25,inputsgrp_no,0)),""),"") | D25: =IFERROR(IF(INDEX(inputsgrp_ada,MATCH(Logic!$A25,inputsgrp_no,0))<>"",INDEX(inputsgrp_ada,MATCH(Logic!$A25,inputsgrp_no,0)),""),"") | E25: =IFERROR(IF(INDEX(inputsgrp_urinal,MATCH(Logic!$A25,inputsgrp_no,0))<>"",INDEX(inputsgrp_urinal,MATCH(Logic!$A25,inputsgrp_no,0)),""),"") | F25: =IFERROR(IF(INDEX(inputsgrp_an,MATCH(Logic!$A25,inputsgrp_no,0))<>"",INDEX(inputsgrp_an,MATCH(Logic!$A25,inputsgrp_no,0)),""),"") | G25: =IFERROR(IF(INDEX(inputsgrp_otefte,MATCH(Logic!$A25,inputsgrp_no,0))<>"",INDEX(inputsgrp_otefte,MATCH(Logic!$A25,inputsgrp_no,0)),""),"") | H25: =IF($G25<>"",IFERROR(IF('Inputs Fixture Fittings'!$D25<>"Default",'Inputs Fixture Fittings'!$E25*$G25,0.5*$G25),0),"") | I25: =IF($G25<>"",IFERROR(IF('Inputs Fixture Fittings'!$D25<>"Default",'Inputs Fixture Fittings'!$F25*$G25,0.5*$G25),0),"") | J25: =IFERROR(IF(INDEX(inputsgrp_otv,MATCH(Logic!$A25,inputsgrp_no,0))<>"",INDEX(inputsgrp_otv,MATCH(Logic!$A25,inputsgrp_no,0)),""),"") | K25: =IF($J25<>"",IFERROR(IF('Inputs Fixture Fittings'!$D25<>"Default",'Inputs Fixture Fittings'!$E25*$J25,0.5*$J25),0),"") | L25: =IF($J25<>"",IFERROR(IF('Inputs Fixture Fittings'!$D25<>"Default",'Inputs Fixture Fittings'!$F25*$J25,0.5*$J25),0),"") | M25: =IFERROR(IF(INDEX(inputsgrp_otrc,MATCH(Logic!$A25,inputsgrp_no,0))<>"",INDEX(inputsgrp_otrc,MATCH(Logic!$A25,inputsgrp_no,0)),""),"") | N25: =IF($M25<>"",IFERROR(IF('Inputs Fixture Fittings'!$D25<>"Default",'Inputs Fixture Fittings'!$E25*$M25,0.5*$M25),0),"") | O25: =IF($M25<>"",IFERROR(IF('Inputs Fixture Fittings'!$D25<>"Default",'Inputs Fixture Fittings'!$F25*$M25,0.5*$M25),0),"") | P25: =IFERROR(IF(INDEX(inputsgrp_otstud,MATCH(Logic!$A25,inputsgrp_no,0))<>"",INDEX(inputsgrp_otstud,MATCH(Logic!$A25,inputsgrp_no,0)),""),"") | Q25: =IF($P25<>"",IFERROR(IF('Inputs Fixture Fittings'!$D25<>"Default",'Inputs Fixture Fittings'!$E25*$P25,0.5*$P25),0),"") | R25: =IF($P25<>"",IFERROR(IF('Inputs Fixture Fittings'!$D25<>"Default",'Inputs Fixture Fittings'!$F25*$P25,0.5*$P25),0),"") | S25: =IFERROR(IF(INDEX(inputsgrp_otres,MATCH(Logic!$A25,inputsgrp_no,0))<>"",INDEX(inputsgrp_otres,MATCH(Logic!$A25,inputsgrp_no,0)),""),"") | T25: =IF($S25<>"",IFERROR(IF('Inputs Fixture Fittings'!$D25<>"Default",'Inputs Fixture Fittings'!$E25*$S25,0.5*$S25),0),"") | U25: =IF($S25<>"",IFERROR(IF('Inputs Fixture Fittings'!$D25<>"Default",'Inputs Fixture Fittings'!$F25*$S25,0.5*$S25),0),"") | V25: =IFERROR(IF(INDEX(inputsgrp_otot,MATCH(Logic!$A25,inputsgrp_no,0))<>"",INDEX(inputsgrp_otot,MATCH(Logic!$A25,inputsgrp_no,0)),""),"") | W25: =IF($V25<>"",IFERROR(IF('Inputs Fixture Fittings'!$D25<>"Default",'Inputs Fixture Fittings'!$E25*$V25,0.5*$V25),0),"") | X25: =IF($V25<>"",IFERROR(IF('Inputs Fixture Fittings'!$D25<>"Default",'Inputs Fixture Fittings'!$F25*$V25,0.5*$V25),0),"")
A26: 11 | B26: =IFERROR(IF(INDEX(inputsgrp_gn,MATCH(Logic!$A26,inputsgrp_no,0))<>"",INDEX(inputsgrp_gn,MATCH(Logic!$A26,inputsgrp_no,0)),""),"") | D26: =IFERROR(IF(INDEX(inputsgrp_ada,MATCH(Logic!$A26,inputsgrp_no,0))<>"",INDEX(inputsgrp_ada,MATCH(Logic!$A26,inputsgrp_no,0)),""),"") | E26: =IFERROR(IF(INDEX(inputsgrp_urinal,MATCH(Logic!$A26,inputsgrp_no,0))<>"",INDEX(inputsgrp_urinal,MATCH(Logic!$A26,inputsgrp_no,0)),""),"") | F26: =IFERROR(IF(INDEX(inputsgrp_an,MATCH(Logic!$A26,inputsgrp_no,0))<>"",INDEX(inputsgrp_an,MATCH(Logic!$A26,inputsgrp_no,0)),""),"") | G26: =IFERROR(IF(INDEX(inputsgrp_otefte,MATCH(Logic!$A26,inputsgrp_no,0))<>"",INDEX(inputsgrp_otefte,MATCH(Logic!$A26,inputsgrp_no,0)),""),"") | H26: =IF($G26<>"",IFERROR(IF('Inputs Fixture Fittings'!$D26<>"Default",'Inputs Fixture Fittings'!$E26*$G26,0.5*$G26),0),"") | I26: =IF($G26<>"",IFERROR(IF('Inputs Fixture Fittings'!$D26<>"Default",'Inputs Fixture Fittings'!$F26*$G26,0.5*$G26),0),"") | J26: =IFERROR(IF(INDEX(inputsgrp_otv,MATCH(Logic!$A26,inputsgrp_no,0))<>"",INDEX(inputsgrp_otv,MATCH(Logic!$A26,inputsgrp_no,0)),""),"") | K26: =IF($J26<>"",IFERROR(IF('Inputs Fixture Fittings'!$D26<>"Default",'Inputs Fixture Fittings'!$E26*$J26,0.5*$J26),0),"") | L26: =IF($J26<>"",IFERROR(IF('Inputs Fixture Fittings'!$D26<>"Default",'Inputs Fixture Fittings'!$F26*$J26,0.5*$J26),0),"") | M26: =IFERROR(IF(INDEX(inputsgrp_otrc,MATCH(Logic!$A26,inputsgrp_no,0))<>"",INDEX(inputsgrp_otrc,MATCH(Logic!$A26,inputsgrp_no,0)),""),"") | N26: =IF($M26<>"",IFERROR(IF('Inputs Fixture Fittings'!$D26<>"Default",'Inputs Fixture Fittings'!$E26*$M26,0.5*$M26),0),"") | O26: =IF($M26<>"",IFERROR(IF('Inputs Fixture Fittings'!$D26<>"Default",'Inputs Fixture Fittings'!$F26*$M26,0.5*$M26),0),"") | P26: =IFERROR(IF(INDEX(inputsgrp_otstud,MATCH(Logic!$A26,inputsgrp_no,0))<>"",INDEX(inputsgrp_otstud,MATCH(Logic!$A26,inputsgrp_no,0)),""),"") | Q26: =IF($P26<>"",IFERROR(IF('Inputs Fixture Fittings'!$D26<>"Default",'Inputs Fixture Fittings'!$E26*$P26,0.5*$P26),0),"") | R26: =IF($P26<>"",IFERROR(IF('Inputs Fixture Fittings'!$D26<>"Default",'Inputs Fixture Fittings'!$F26*$P26,0.5*$P26),0),"") | S26: =IFERROR(IF(INDEX(inputsgrp_otres,MATCH(Logic!$A26,inputsgrp_no,0))<>"",INDEX(inputsgrp_otres,MATCH(Logic!$A26,inputsgrp_no,0)),""),"") | T26: =IF($S26<>"",IFERROR(IF('Inputs Fixture Fittings'!$D26<>"Default",'Inputs Fixture Fittings'!$E26*$S26,0.5*$S26),0),"") | U26: =IF($S26<>"",IFERROR(IF('Inputs Fixture Fittings'!$D26<>"Default",'Inputs Fixture Fittings'!$F26*$S26,0.5*$S26),0),"") | V26: =IFERROR(IF(INDEX(inputsgrp_otot,MATCH(Logic!$A26,inputsgrp_no,0))<>"",INDEX(inputsgrp_otot,MATCH(Logic!$A26,inputsgrp_no,0)),""),"") | W26: =IF($V26<>"",IFERROR(IF('Inputs Fixture Fittings'!$D26<>"Default",'Inputs Fixture Fittings'!$E26*$V26,0.5*$V26),0),"") | X26: =IF($V26<>"",IFERROR(IF('Inputs Fixture Fittings'!$D26<>"Default",'Inputs Fixture Fittings'!$F26*$V26,0.5*$V26),0),"")
A27: 12 | B27: =IFERROR(IF(INDEX(inputsgrp_gn,MATCH(Logic!$A27,inputsgrp_no,0))<>"",INDEX(inputsgrp_gn,MATCH(Logic!$A27,inputsgrp_no,0)),""),"") | D27: =IFERROR(IF(INDEX(inputsgrp_ada,MATCH(Logic!$A27,inputsgrp_no,0))<>"",INDEX(inputsgrp_ada,MATCH(Logic!$A27,inputsgrp_no,0)),""),"") | E27: =IFERROR(IF(INDEX(inputsgrp_urinal,MATCH(Logic!$A27,inputsgrp_no,0))<>"",INDEX(inputsgrp_urinal,MATCH(Logic!$A27,inputsgrp_no,0)),""),"") | F27: =IFERROR(IF(INDEX(inputsgrp_an,MATCH(Logic!$A27,inputsgrp_no,0))<>"",INDEX(inputsgrp_an,MATCH(Logic!$A27,inputsgrp_no,0)),""),"") | G27: =IFERROR(IF(INDEX(inputsgrp_otefte,MATCH(Logic!$A27,inputsgrp_no,0))<>"",INDEX(inputsgrp_otefte,MATCH(Logic!$A27,inputsgrp_no,0)),""),"") | H27: =IF($G27<>"",IFERROR(IF('Inputs Fixture Fittings'!$D27<>"Default",'Inputs Fixture Fittings'!$E27*$G27,0.5*$G27),0),"") | I27: =IF($G27<>"",IFERROR(IF('Inputs Fixture Fittings'!$D27<>"Default",'Inputs Fixture Fittings'!$F27*$G27,0.5*$G27),0),"") | J27: =IFERROR(IF(INDEX(inputsgrp_otv,MATCH(Logic!$A27,inputsgrp_no,0))<>"",INDEX(inputsgrp_otv,MATCH(Logic!$A27,inputsgrp_no,0)),""),"") | K27: =IF($J27<>"",IFERROR(IF('Inputs Fixture Fittings'!$D27<>"Default",'Inputs Fixture Fittings'!$E27*$J27,0.5*$J27),0),"") | L27: =IF($J27<>"",IFERROR(IF('Inputs Fixture Fittings'!$D27<>"Default",'Inputs Fixture Fittings'!$F27*$J27,0.5*$J27),0),"") | M27: =IFERROR(IF(INDEX(inputsgrp_otrc,MATCH(Logic!$A27,inputsgrp_no,0))<>"",INDEX(inputsgrp_otrc,MATCH(Logic!$A27,inputsgrp_no,0)),""),"") | N27: =IF($M27<>"",IFERROR(IF('Inputs Fixture Fittings'!$D27<>"Default",'Inputs Fixture Fittings'!$E27*$M27,0.5*$M27),0),"") | O27: =IF($M27<>"",IFERROR(IF('Inputs Fixture Fittings'!$D27<>"Default",'Inputs Fixture Fittings'!$F27*$M27,0.5*$M27),0),"") | P27: =IFERROR(IF(INDEX(inputsgrp_otstud,MATCH(Logic!$A27,inputsgrp_no,0))<>"",INDEX(inputsgrp_otstud,MATCH(Logic!$A27,inputsgrp_no,0)),""),"") | Q27: =IF($P27<>"",IFERROR(IF('Inputs Fixture Fittings'!$D27<>"Default",'Inputs Fixture Fittings'!$E27*$P27,0.5*$P27),0),"") | R27: =IF($P27<>"",IFERROR(IF('Inputs Fixture Fittings'!$D27<>"Default",'Inputs Fixture Fittings'!$F27*$P27,0.5*$P27),0),"") | S27: =IFERROR(IF(INDEX(inputsgrp_otres,MATCH(Logic!$A27,inputsgrp_no,0))<>"",INDEX(inputsgrp_otres,MATCH(Logic!$A27,inputsgrp_no,0)),""),"") | T27: =IF($S27<>"",IFERROR(IF('Inputs Fixture Fittings'!$D27<>"Default",'Inputs Fixture Fittings'!$E27*$S27,0.5*$S27),0),"") | U27: =IF($S27<>"",IFERROR(IF('Inputs Fixture Fittings'!$D27<>"Default",'Inputs Fixture Fittings'!$F27*$S27,0.5*$S27),0),"") | V27: =IFERROR(IF(INDEX(inputsgrp_otot,MATCH(Logic!$A27,inputsgrp_no,0))<>"",INDEX(inputsgrp_otot,MATCH(Logic!$A27,inputsgrp_no,0)),""),"") | W27: =IF($V27<>"",IFERROR(IF('Inputs Fixture Fittings'!$D27<>"Default",'Inputs Fixture Fittings'!$E27*$V27,0.5*$V27),0),"") | X27: =IF($V27<>"",IFERROR(IF('Inputs Fixture Fittings'!$D27<>"Default",'Inputs Fixture Fittings'!$F27*$V27,0.5*$V27),0),"")
... A45: 30 | B45: =IFERROR(IF(INDEX(inputsgrp_gn,MATCH(Logic!$A45,inputsgrp_no,0))<>"",INDEX(inputsgrp_gn,MATCH(Logic!$A45,inputsgrp_no,0)),""),"") | D45: =IFERROR(IF(INDEX(inputsgrp_ada,MATCH(Logic!$A45,inputsgrp_no,0))<>"",INDEX(inputsgrp_ada,MATCH(Logic!$A45,inputsgrp_no,0)),""),"") | E45: =IFERROR(IF(INDEX(inputsgrp_urinal,MATCH(Logic!$A45,inputsgrp_no,0))<>"",INDEX(inputsgrp_urinal,MATCH(Logic!$A45,inputsgrp_no,0)),""),"") | F45: =IFERROR(IF(INDEX(inputsgrp_an,MATCH(Logic!$A45,inputsgrp_no,0))<>"",INDEX(inputsgrp_an,MATCH(Logic!$A45,inputsgrp_no,0)),""),"") | G45: =IFERROR(IF(INDEX(inputsgrp_otefte,MATCH(Logic!$A45,inputsgrp_no,0))<>"",INDEX(inputsgrp_otefte,MATCH(Logic!$A45,inputsgrp_no,0)),""),"") | H45: =IF($G45<>"",IFERROR(IF('Inputs Fixture Fittings'!$D45<>"Default",'Inputs Fixture Fittings'!$E45*$G45,0.5*$G45),0),"") | I45: =IF($G45<>"",IFERROR(IF('Inputs Fixture Fittings'!$D45<>"Default",'Inputs Fixture Fittings'!$F45*$G45,0.5*$G45),0),"") | J45: =IFERROR(IF(INDEX(inputsgrp_otv,MATCH(Logic!$A45,inputsgrp_no,0))<>"",INDEX(inputsgrp_otv,MATCH(Logic!$A45,inputsgrp_no,0)),""),"") | K45: =IF($J45<>"",IFERROR(IF('Inputs Fixture Fittings'!$D45<>"Default",'Inputs Fixture Fittings'!$E45*$J45,0.5*$J45),0),"") | L45: =IF($J45<>"",IFERROR(IF('Inputs Fixture Fittings'!$D45<>"Default",'Inputs Fixture Fittings'!$F45*$J45,0.5*$J45),0),"") | M45: =IFERROR(IF(INDEX(inputsgrp_otrc,MATCH(Logic!$A45,inputsgrp_no,0))<>"",INDEX(inputsgrp_otrc,MATCH(Logic!$A45,inputsgrp_no,0)),""),"") | N45: =IF($M45<>"",IFERROR(IF('Inputs Fixture Fittings'!$D45<>"Default",'Inputs Fixture Fittings'!$E45*$M45,0.5*$M45),0),"") | O45: =IF($M45<>"",IFERROR(IF('Inputs Fixture Fittings'!$D45<>"Default",'Inputs Fixture Fittings'!$F45*$M45,0.5*$M45),0),"") | P45: =IFERROR(IF(INDEX(inputsgrp_otstud,MATCH(Logic!$A45,inputsgrp_no,0))<>"",INDEX(inputsgrp_otstud,MATCH(Logic!$A45,inputsgrp_no,0)),""),"") | Q45: =IF($P45<>"",IFERROR(IF('Inputs Fixture Fittings'!$D45<>"Default",'Inputs Fixture Fittings'!$E45*$P45,0.5*$P45),0),"") | R45: =IF($P45<>"",IFERROR(IF('Inputs Fixture Fittings'!$D45<>"Default",'Inputs Fixture Fittings'!$F45*$P45,0.5*$P45),0),"") | S45: =IFERROR(IF(INDEX(inputsgrp_otres,MATCH(Logic!$A45,inputsgrp_no,0))<>"",INDEX(inputsgrp_otres,MATCH(Logic!$A45,inputsgrp_no,0)),""),"") | T45: =IF($S45<>"",IFERROR(IF('Inputs Fixture Fittings'!$D45<>"Default",'Inputs Fixture Fittings'!$E45*$S45,0.5*$S45),0),"") | U45: =IF($S45<>"",IFERROR(IF('Inputs Fixture Fittings'!$D45<>"Default",'Inputs Fixture Fittings'!$F45*$S45,0.5*$S45),0),"") | V45: =IFERROR(IF(INDEX(inputsgrp_otot,MATCH(Logic!$A45,inputsgrp_no,0))<>"",INDEX(inputsgrp_otot,MATCH(Logic!$A45,inputsgrp_no,0)),""),"") | W45: =IF($V45<>"",IFERROR(IF('Inputs Fixture Fittings'!$D45<>"Default",'Inputs Fixture Fittings'!$E45*$V45,0.5*$V45),0),"") | X45: =IF($V45<>"",IFERROR(IF('Inputs Fixture Fittings'!$D45<>"Default",'Inputs Fixture Fittings'!$F45*$V45,0.5*$V45),0),"")
Y46: Click + to left for additional rows
A47: 31 | B47: =IFERROR(IF(INDEX(inputsgrp_gn,MATCH(Logic!$A47,inputsgrp_no,0))<>"",INDEX(inputsgrp_gn,MATCH(Logic!$A47,inputsgrp_no,0)),""),"") | D47: =IFERROR(IF(INDEX(inputsgrp_ada,MATCH(Logic!$A47,inputsgrp_no,0))<>"",INDEX(inputsgrp_ada,MATCH(Logic!$A47,inputsgrp_no,0)),""),"") | E47: =IFERROR(IF(INDEX(inputsgrp_urinal,MATCH(Logic!$A47,inputsgrp_no,0))<>"",INDEX(inputsgrp_urinal,MATCH(Logic!$A47,inputsgrp_no,0)),""),"") | F47: =IFERROR(IF(INDEX(inputsgrp_an,MATCH(Logic!$A47,inputsgrp_no,0))<>"",INDEX(inputsgrp_an,MATCH(Logic!$A47,inputsgrp_no,0)),""),"") | G47: =IFERROR(IF(INDEX(inputsgrp_otefte,MATCH(Logic!$A47,inputsgrp_no,0))<>"",INDEX(inputsgrp_otefte,MATCH(Logic!$A47,inputsgrp_no,0)),""),"") | H47: =IF($G47<>"",IFERROR(IF('Inputs Fixture Fittings'!$D47<>"Default",'Inputs Fixture Fittings'!$E47*$G47,0.5*$G47),0),"") | I47: =IF($G47<>"",IFERROR(IF('Inputs Fixture Fittings'!$D47<>"Default",'Inputs Fixture Fittings'!$F47*$G47,0.5*$G47),0),"") | J47: =IFERROR(IF(INDEX(inputsgrp_otv,MATCH(Logic!$A47,inputsgrp_no,0))<>"",INDEX(inputsgrp_otv,MATCH(Logic!$A47,inputsgrp_no,0)),""),"") | K47: =IF($J47<>"",IFERROR(IF('Inputs Fixture Fittings'!$D47<>"Default",'Inputs Fixture Fittings'!$E47*$J47,0.5*$J47),0),"") | L47: =IF($J47<>"",IFERROR(IF('Inputs Fixture Fittings'!$D47<>"Default",'Inputs Fixture Fittings'!$F47*$J47,0.5*$J47),0),"") | M47: =IFERROR(IF(INDEX(inputsgrp_otrc,MATCH(Logic!$A47,inputsgrp_no,0))<>"",INDEX(inputsgrp_otrc,MATCH(Logic!$A47,inputsgrp_no,0)),""),"") | N47: =IF($M47<>"",IFERROR(IF('Inputs Fixture Fittings'!$D47<>"Default",'Inputs Fixture Fittings'!$E47*$M47,0.5*$M47),0),"") | O47: =IF($M47<>"",IFERROR(IF('Inputs Fixture Fittings'!$D47<>"Default",'Inputs Fixture Fittings'!$F47*$M47,0.5*$M47),0),"") | P47: =IFERROR(IF(INDEX(inputsgrp_otstud,MATCH(Logic!$A47,inputsgrp_no,0))<>"",INDEX(inputsgrp_otstud,MATCH(Logic!$A47,inputsgrp_no,0)),""),"") | Q47: =IF($P47<>"",IFERROR(IF('Inputs Fixture Fittings'!$D47<>"Default",'Inputs Fixture Fittings'!$E47*$P47,0.5*$P47),0),"") | R47: =IF($P47<>"",IFERROR(IF('Inputs Fixture Fittings'!$D47<>"Default",'Inputs Fixture Fittings'!$F47*$P47,0.5*$P47),0),"") | S47: =IFERROR(IF(INDEX(inputsgrp_otres,MATCH(Logic!$A47,inputsgrp_no,0))<>"",INDEX(inputsgrp_otres,MATCH(Logic!$A47,inputsgrp_no,0)),""),"") | T47: =IF($S47<>"",IFERROR(IF('Inputs Fixture Fittings'!$D47<>"Default",'Inputs Fixture Fittings'!$E47*$S47,0.5*$S47),0),"") | U47: =IF($S47<>"",IFERROR(IF('Inputs Fixture Fittings'!$D47<>"Default",'Inputs Fixture Fittings'!$F47*$S47,0.5*$S47),0),"") | V47: =IFERROR(IF(INDEX(inputsgrp_otot,MATCH(Logic!$A47,inputsgrp_no,0))<>"",INDEX(inputsgrp_otot,MATCH(Logic!$A47,inputsgrp_no,0)),""),"") | W47: =IF($V47<>"",IFERROR(IF('Inputs Fixture Fittings'!$D47<>"Default",'Inputs Fixture Fittings'!$E47*$V47,0.5*$V47),0),"") | X47: =IF($V47<>"",IFERROR(IF('Inputs Fixture Fittings'!$D47<>"Default",'Inputs Fixture Fittings'!$F47*$V47,0.5*$V47),0),"")
A48: 32 | B48: =IFERROR(IF(INDEX(inputsgrp_gn,MATCH(Logic!$A48,inputsgrp_no,0))<>"",INDEX(inputsgrp_gn,MATCH(Logic!$A48,inputsgrp_no,0)),""),"") | D48: =IFERROR(IF(INDEX(inputsgrp_ada,MATCH(Logic!$A48,inputsgrp_no,0))<>"",INDEX(inputsgrp_ada,MATCH(Logic!$A48,inputsgrp_no,0)),""),"") | E48: =IFERROR(IF(INDEX(inputsgrp_urinal,MATCH(Logic!$A48,inputsgrp_no,0))<>"",INDEX(inputsgrp_urinal,MATCH(Logic!$A48,inputsgrp_no,0)),""),"") | F48: =IFERROR(IF(INDEX(inputsgrp_an,MATCH(Logic!$A48,inputsgrp_no,0))<>"",INDEX(inputsgrp_an,MATCH(Logic!$A48,inputsgrp_no,0)),""),"") | G48: =IFERROR(IF(INDEX(inputsgrp_otefte,MATCH(Logic!$A48,inputsgrp_no,0))<>"",INDEX(inputsgrp_otefte,MATCH(Logic!$A48,inputsgrp_no,0)),""),"") | H48: =IF($G48<>"",IFERROR(IF('Inputs Fixture Fittings'!$D48<>"Default",'Inputs Fixture Fittings'!$E48*$G48,0.5*$G48),0),"") | I48: =IF($G48<>"",IFERROR(IF('Inputs Fixture Fittings'!$D48<>"Default",'Inputs Fixture Fittings'!$F48*$G48,0.5*$G48),0),"") | J48: =IFERROR(IF(INDEX(inputsgrp_otv,MATCH(Logic!$A48,inputsgrp_no,0))<>"",INDEX(inputsgrp_otv,MATCH(Logic!$A48,inputsgrp_no,0)),""),"") | K48: =IF($J48<>"",IFERROR(IF('Inputs Fixture Fittings'!$D48<>"Default",'Inputs Fixture Fittings'!$E48*$J48,0.5*$J48),0),"") | L48: =IF($J48<>"",IFERROR(IF('Inputs Fixture Fittings'!$D48<>"Default",'Inputs Fixture Fittings'!$F48*$J48,0.5*$J48),0),"") | M48: =IFERROR(IF(INDEX(inputsgrp_otrc,MATCH(Logic!$A48,inputsgrp_no,0))<>"",INDEX(inputsgrp_otrc,MATCH(Logic!$A48,inputsgrp_no,0)),""),"") | N48: =IF($M48<>"",IFERROR(IF('Inputs Fixture Fittings'!$D48<>"Default",'Inputs Fixture Fittings'!$E48*$M48,0.5*$M48),0),"") | O48: =IF($M48<>"",IFERROR(IF('Inputs Fixture Fittings'!$D48<>"Default",'Inputs Fixture Fittings'!$F48*$M48,0.5*$M48),0),"") | P48: =IFERROR(IF(INDEX(inputsgrp_otstud,MATCH(Logic!$A48,inputsgrp_no,0))<>"",INDEX(inputsgrp_otstud,MATCH(Logic!$A48,inputsgrp_no,0)),""),"") | Q48: =IF($P48<>"",IFERROR(IF('Inputs Fixture Fittings'!$D48<>"Default",'Inputs Fixture Fittings'!$E48*$P48,0.5*$P48),0),"") | R48: =IF($P48<>"",IFERROR(IF('Inputs Fixture Fittings'!$D48<>"Default",'Inputs Fixture Fittings'!$F48*$P48,0.5*$P48),0),"") | S48: =IFERROR(IF(INDEX(inputsgrp_otres,MATCH(Logic!$A48,inputsgrp_no,0))<>"",INDEX(inputsgrp_otres,MATCH(Logic!$A48,inputsgrp_no,0)),""),"") | T48: =IF($S48<>"",IFERROR(IF('Inputs Fixture Fittings'!$D48<>"Default",'Inputs Fixture Fittings'!$E48*$S48,0.5*$S48),0),"") | U48: =IF($S48<>"",IFERROR(IF('Inputs Fixture Fittings'!$D48<>"Default",'Inputs Fixture Fittings'!$F48*$S48,0.5*$S48),0),"") | V48: =IFERROR(IF(INDEX(inputsgrp_otot,MATCH(Logic!$A48,inputsgrp_no,0))<>"",INDEX(inputsgrp_otot,MATCH(Logic!$A48,inputsgrp_no,0)),""),"") | W48: =IF($V48<>"",IFERROR(IF('Inputs Fixture Fittings'!$D48<>"Default",'Inputs Fixture Fittings'!$E48*$V48,0.5*$V48),0),"") | X48: =IF($V48<>"",IFERROR(IF('Inputs Fixture Fittings'!$D48<>"Default",'Inputs Fixture Fittings'!$F48*$V48,0.5*$V48),0),"")
A49: 33 | B49: =IFERROR(IF(INDEX(inputsgrp_gn,MATCH(Logic!$A49,inputsgrp_no,0))<>"",INDEX(inputsgrp_gn,MATCH(Logic!$A49,inputsgrp_no,0)),""),"") | D49: =IFERROR(IF(INDEX(inputsgrp_ada,MATCH(Logic!$A49,inputsgrp_no,0))<>"",INDEX(inputsgrp_ada,MATCH(Logic!$A49,inputsgrp_no,0)),""),"") | E49: =IFERROR(IF(INDEX(inputsgrp_urinal,MATCH(Logic!$A49,inputsgrp_no,0))<>"",INDEX(inputsgrp_urinal,MATCH(Logic!$A49,inputsgrp_no,0)),""),"") | F49: =IFERROR(IF(INDEX(inputsgrp_an,MATCH(Logic!$A49,inputsgrp_no,0))<>"",INDEX(inputsgrp_an,MATCH(Logic!$A49,inputsgrp_no,0)),""),"") | G49: =IFERROR(IF(INDEX(inputsgrp_otefte,MATCH(Logic!$A49,inputsgrp_no,0))<>"",INDEX(inputsgrp_otefte,MATCH(Logic!$A49,inputsgrp_no,0)),""),"") | H49: =IF($G49<>"",IFERROR(IF('Inputs Fixture Fittings'!$D49<>"Default",'Inputs Fixture Fittings'!$E49*$G49,0.5*$G49),0),"") | I49: =IF($G49<>"",IFERROR(IF('Inputs Fixture Fittings'!$D49<>"Default",'Inputs Fixture Fittings'!$F49*$G49,0.5*$G49),0),"") | J49: =IFERROR(IF(INDEX(inputsgrp_otv,MATCH(Logic!$A49,inputsgrp_no,0))<>"",INDEX(inputsgrp_otv,MATCH(Logic!$A49,inputsgrp_no,0)),""),"") | K49: =IF($J49<>"",IFERROR(IF('Inputs Fixture Fittings'!$D49<>"Default",'Inputs Fixture Fittings'!$E49*$J49,0.5*$J49),0),"") | L49: =IF($J49<>"",IFERROR(IF('Inputs Fixture Fittings'!$D49<>"Default",'Inputs Fixture Fittings'!$F49*$J49,0.5*$J49),0),"") | M49: =IFERROR(IF(INDEX(inputsgrp_otrc,MATCH(Logic!$A49,inputsgrp_no,0))<>"",INDEX(inputsgrp_otrc,MATCH(Logic!$A49,inputsgrp_no,0)),""),"") | N49: =IF($M49<>"",IFERROR(IF('Inputs Fixture Fittings'!$D49<>"Default",'Inputs Fixture Fittings'!$E49*$M49,0.5*$M49),0),"") | O49: =IF($M49<>"",IFERROR(IF('Inputs Fixture Fittings'!$D49<>"Default",'Inputs Fixture Fittings'!$F49*$M49,0.5*$M49),0),"") | P49: =IFERROR(IF(INDEX(inputsgrp_otstud,MATCH(Logic!$A49,inputsgrp_no,0))<>"",INDEX(inputsgrp_otstud,MATCH(Logic!$A49,inputsgrp_no,0)),""),"") | Q49: =IF($P49<>"",IFERROR(IF('Inputs Fixture Fittings'!$D49<>"Default",'Inputs Fixture Fittings'!$E49*$P49,0.5*$P49),0),"") | R49: =IF($P49<>"",IFERROR(IF('Inputs Fixture Fittings'!$D49<>"Default",'Inputs Fixture Fittings'!$F49*$P49,0.5*$P49),0),"") | S49: =IFERROR(IF(INDEX(inputsgrp_otres,MATCH(Logic!$A49,inputsgrp_no,0))<>"",INDEX(inputsgrp_otres,MATCH(Logic!$A49,inputsgrp_no,0)),""),"") | T49: =IF($S49<>"",IFERROR(IF('Inputs Fixture Fittings'!$D49<>"Default",'Inputs Fixture Fittings'!$E49*$S49,0.5*$S49),0),"") | U49: =IF($S49<>"",IFERROR(IF('Inputs Fixture Fittings'!$D49<>"Default",'Inputs Fixture Fittings'!$F49*$S49,0.5*$S49),0),"") | V49: =IFERROR(IF(INDEX(inputsgrp_otot,MATCH(Logic!$A49,inputsgrp_no,0))<>"",INDEX(inputsgrp_otot,MATCH(Logic!$A49,inputsgrp_no,0)),""),"") | W49: =IF($V49<>"",IFERROR(IF('Inputs Fixture Fittings'!$D49<>"Default",'Inputs Fixture Fittings'!$E49*$V49,0.5*$V49),0),"") | X49: =IF($V49<>"",IFERROR(IF('Inputs Fixture Fittings'!$D49<>"Default",'Inputs Fixture Fittings'!$F49*$V49,0.5*$V49),0),"")
A50: 34 | B50: =IFERROR(IF(INDEX(inputsgrp_gn,MATCH(Logic!$A50,inputsgrp_no,0))<>"",INDEX(inputsgrp_gn,MATCH(Logic!$A50,inputsgrp_no,0)),""),"") | D50: =IFERROR(IF(INDEX(inputsgrp_ada,MATCH(Logic!$A50,inputsgrp_no,0))<>"",INDEX(inputsgrp_ada,MATCH(Logic!$A50,inputsgrp_no,0)),""),"") | E50: =IFERROR(IF(INDEX(inputsgrp_urinal,MATCH(Logic!$A50,inputsgrp_no,0))<>"",INDEX(inputsgrp_urinal,MATCH(Logic!$A50,inputsgrp_no,0)),""),"") | F50: =IFERROR(IF(INDEX(inputsgrp_an,MATCH(Logic!$A50,inputsgrp_no,0))<>"",INDEX(inputsgrp_an,MATCH(Logic!$A50,inputsgrp_no,0)),""),"") | G50: =IFERROR(IF(INDEX(inputsgrp_otefte,MATCH(Logic!$A50,inputsgrp_no,0))<>"",INDEX(inputsgrp_otefte,MATCH(Logic!$A50,inputsgrp_no,0)),""),"") | H50: =IF($G50<>"",IFERROR(IF('Inputs Fixture Fittings'!$D50<>"Default",'Inputs Fixture Fittings'!$E50*$G50,0.5*$G50),0),"") | I50: =IF($G50<>"",IFERROR(IF('Inputs Fixture Fittings'!$D50<>"Default",'Inputs Fixture Fittings'!$F50*$G50,0.5*$G50),0),"") | J50: =IFERROR(IF(INDEX(inputsgrp_otv,MATCH(Logic!$A50,inputsgrp_no,0))<>"",INDEX(inputsgrp_otv,MATCH(Logic!$A50,inputsgrp_no,0)),""),"") | K50: =IF($J50<>"",IFERROR(IF('Inputs Fixture Fittings'!$D50<>"Default",'Inputs Fixture Fittings'!$E50*$J50,0.5*$J50),0),"") | L50: =IF($J50<>"",IFERROR(IF('Inputs Fixture Fittings'!$D50<>"Default",'Inputs Fixture Fittings'!$F50*$J50,0.5*$J50),0),"") | M50: =IFERROR(IF(INDEX(inputsgrp_otrc,MATCH(Logic!$A50,inputsgrp_no,0))<>"",INDEX(inputsgrp_otrc,MATCH(Logic!$A50,inputsgrp_no,0)),""),"") | N50: =IF($M50<>"",IFERROR(IF('Inputs Fixture Fittings'!$D50<>"Default",'Inputs Fixture Fittings'!$E50*$M50,0.5*$M50),0),"") | O50: =IF($M50<>"",IFERROR(IF('Inputs Fixture Fittings'!$D50<>"Default",'Inputs Fixture Fittings'!$F50*$M50,0.5*$M50),0),"") | P50: =IFERROR(IF(INDEX(inputsgrp_otstud,MATCH(Logic!$A50,inputsgrp_no,0))<>"",INDEX(inputsgrp_otstud,MATCH(Logic!$A50,inputsgrp_no,0)),""),"") | Q50: =IF($P50<>"",IFERROR(IF('Inputs Fixture Fittings'!$D50<>"Default",'Inputs Fixture Fittings'!$E50*$P50,0.5*$P50),0),"") | R50: =IF($P50<>"",IFERROR(IF('Inputs Fixture Fittings'!$D50<>"Default",'Inputs Fixture Fittings'!$F50*$P50,0.5*$P50),0),"") | S50: =IFERROR(IF(INDEX(inputsgrp_otres,MATCH(Logic!$A50,inputsgrp_no,0))<>"",INDEX(inputsgrp_otres,MATCH(Logic!$A50,inputsgrp_no,0)),""),"") | T50: =IF($S50<>"",IFERROR(IF('Inputs Fixture Fittings'!$D50<>"Default",'Inputs Fixture Fittings'!$E50*$S50,0.5*$S50),0),"") | U50: =IF($S50<>"",IFERROR(IF('Inputs Fixture Fittings'!$D50<>"Default",'Inputs Fixture Fittings'!$F50*$S50,0.5*$S50),0),"") | V50: =IFERROR(IF(INDEX(inputsgrp_otot,MATCH(Logic!$A50,inputsgrp_no,0))<>"",INDEX(inputsgrp_otot,MATCH(Logic!$A50,inputsgrp_no,0)),""),"") | W50: =IF($V50<>"",IFERROR(IF('Inputs Fixture Fittings'!$D50<>"Default",'Inputs Fixture Fittings'!$E50*$V50,0.5*$V50),0),"") | X50: =IF($V50<>"",IFERROR(IF('Inputs Fixture Fittings'!$D50<>"Default",'Inputs Fixture Fittings'!$F50*$V50,0.5*$V50),0),"")
A51: 35 | B51: =IFERROR(IF(INDEX(inputsgrp_gn,MATCH(Logic!$A51,inputsgrp_no,0))<>"",INDEX(inputsgrp_gn,MATCH(Logic!$A51,inputsgrp_no,0)),""),"") | D51: =IFERROR(IF(INDEX(inputsgrp_ada,MATCH(Logic!$A51,inputsgrp_no,0))<>"",INDEX(inputsgrp_ada,MATCH(Logic!$A51,inputsgrp_no,0)),""),"") | E51: =IFERROR(IF(INDEX(inputsgrp_urinal,MATCH(Logic!$A51,inputsgrp_no,0))<>"",INDEX(inputsgrp_urinal,MATCH(Logic!$A51,inputsgrp_no,0)),""),"") | F51: =IFERROR(IF(INDEX(inputsgrp_an,MATCH(Logic!$A51,inputsgrp_no,0))<>"",INDEX(inputsgrp_an,MATCH(Logic!$A51,inputsgrp_no,0)),""),"") | G51: =IFERROR(IF(INDEX(inputsgrp_otefte,MATCH(Logic!$A51,inputsgrp_no,0))<>"",INDEX(inputsgrp_otefte,MATCH(Logic!$A51,inputsgrp_no,0)),""),"") | H51: =IF($G51<>"",IFERROR(IF('Inputs Fixture Fittings'!$D51<>"Default",'Inputs Fixture Fittings'!$E51*$G51,0.5*$G51),0),"") | I51: =IF($G51<>"",IFERROR(IF('Inputs Fixture Fittings'!$D51<>"Default",'Inputs Fixture Fittings'!$F51*$G51,0.5*$G51),0),"") | J51: =IFERROR(IF(INDEX(inputsgrp_otv,MATCH(Logic!$A51,inputsgrp_no,0))<>"",INDEX(inputsgrp_otv,MATCH(Logic!$A51,inputsgrp_no,0)),""),"") | K51: =IF($J51<>"",IFERROR(IF('Inputs Fixture Fittings'!$D51<>"Default",'Inputs Fixture Fittings'!$E51*$J51,0.5*$J51),0),"") | L51: =IF($J51<>"",IFERROR(IF('Inputs Fixture Fittings'!$D51<>"Default",'Inputs Fixture Fittings'!$F51*$J51,0.5*$J51),0),"") | M51: =IFERROR(IF(INDEX(inputsgrp_otrc,MATCH(Logic!$A51,inputsgrp_no,0))<>"",INDEX(inputsgrp_otrc,MATCH(Logic!$A51,inputsgrp_no,0)),""),"") | N51: =IF($M51<>"",IFERROR(IF('Inputs Fixture Fittings'!$D51<>"Default",'Inputs Fixture Fittings'!$E51*$M51,0.5*$M51),0),"") | O51: =IF($M51<>"",IFERROR(IF('Inputs Fixture Fittings'!$D51<>"Default",'Inputs Fixture Fittings'!$F51*$M51,0.5*$M51),0),"") | P51: =IFERROR(IF(INDEX(inputsgrp_otstud,MATCH(Logic!$A51,inputsgrp_no,0))<>"",INDEX(inputsgrp_otstud,MATCH(Logic!$A51,inputsgrp_no,0)),""),"") | Q51: =IF($P51<>"",IFERROR(IF('Inputs Fixture Fittings'!$D51<>"Default",'Inputs Fixture Fittings'!$E51*$P51,0.5*$P51),0),"") | R51: =IF($P51<>"",IFERROR(IF('Inputs Fixture Fittings'!$D51<>"Default",'Inputs Fixture Fittings'!$F51*$P51,0.5*$P51),0),"") | S51: =IFERROR(IF(INDEX(inputsgrp_otres,MATCH(Logic!$A51,inputsgrp_no,0))<>"",INDEX(inputsgrp_otres,MATCH(Logic!$A51,inputsgrp_no,0)),""),"") | T51: =IF($S51<>"",IFERROR(IF('Inputs Fixture Fittings'!$D51<>"Default",'Inputs Fixture Fittings'!$E51*$S51,0.5*$S51),0),"") | U51: =IF($S51<>"",IFERROR(IF('Inputs Fixture Fittings'!$D51<>"Default",'Inputs Fixture Fittings'!$F51*$S51,0.5*$S51),0),"") | V51: =IFERROR(IF(INDEX(inputsgrp_otot,MATCH(Logic!$A51,inputsgrp_no,0))<>"",INDEX(inputsgrp_otot,MATCH(Logic!$A51,inputsgrp_no,0)),""),"") | W51: =IF($V51<>"",IFERROR(IF('Inputs Fixture Fittings'!$D51<>"Default",'Inputs Fixture Fittings'!$E51*$V51,0.5*$V51),0),"") | X51: =IF($V51<>"",IFERROR(IF('Inputs Fixture Fittings'!$D51<>"Default",'Inputs Fixture Fittings'!$F51*$V51,0.5*$V51),0),"")
A52: 36 | B52: =IFERROR(IF(INDEX(inputsgrp_gn,MATCH(Logic!$A52,inputsgrp_no,0))<>"",INDEX(inputsgrp_gn,MATCH(Logic!$A52,inputsgrp_no,0)),""),"") | D52: =IFERROR(IF(INDEX(inputsgrp_ada,MATCH(Logic!$A52,inputsgrp_no,0))<>"",INDEX(inputsgrp_ada,MATCH(Logic!$A52,inputsgrp_no,0)),""),"") | E52: =IFERROR(IF(INDEX(inputsgrp_urinal,MATCH(Logic!$A52,inputsgrp_no,0))<>"",INDEX(inputsgrp_urinal,MATCH(Logic!$A52,inputsgrp_no,0)),""),"") | F52: =IFERROR(IF(INDEX(inputsgrp_an,MATCH(Logic!$A52,inputsgrp_no,0))<>"",INDEX(inputsgrp_an,MATCH(Logic!$A52,inputsgrp_no,0)),""),"") | G52: =IFERROR(IF(INDEX(inputsgrp_otefte,MATCH(Logic!$A52,inputsgrp_no,0))<>"",INDEX(inputsgrp_otefte,MATCH(Logic!$A52,inputsgrp_no,0)),""),"") | H52: =IF($G52<>"",IFERROR(IF('Inputs Fixture Fittings'!$D52<>"Default",'Inputs Fixture Fittings'!$E52*$G52,0.5*$G52),0),"") | I52: =IF($G52<>"",IFERROR(IF('Inputs Fixture Fittings'!$D52<>"Default",'Inputs Fixture Fittings'!$F52*$G52,0.5*$G52),0),"") | J52: =IFERROR(IF(INDEX(inputsgrp_otv,MATCH(Logic!$A52,inputsgrp_no,0))<>"",INDEX(inputsgrp_otv,MATCH(Logic!$A52,inputsgrp_no,0)),""),"") | K52: =IF($J52<>"",IFERROR(IF('Inputs Fixture Fittings'!$D52<>"Default",'Inputs Fixture Fittings'!$E52*$J52,0.5*$J52),0),"") | L52: =IF($J52<>"",IFERROR(IF('Inputs Fixture Fittings'!$D52<>"Default",'Inputs Fixture Fittings'!$F52*$J52,0.5*$J52),0),"") | M52: =IFERROR(IF(INDEX(inputsgrp_otrc,MATCH(Logic!$A52,inputsgrp_no,0))<>"",INDEX(inputsgrp_otrc,MATCH(Logic!$A52,inputsgrp_no,0)),""),"") | N52: =IF($M52<>"",IFERROR(IF('Inputs Fixture Fittings'!$D52<>"Default",'Inputs Fixture Fittings'!$E52*$M52,0.5*$M52),0),"") | O52: =IF($M52<>"",IFERROR(IF('Inputs Fixture Fittings'!$D52<>"Default",'Inputs Fixture Fittings'!$F52*$M52,0.5*$M52),0),"") | P52: =IFERROR(IF(INDEX(inputsgrp_otstud,MATCH(Logic!$A52,inputsgrp_no,0))<>"",INDEX(inputsgrp_otstud,MATCH(Logic!$A52,inputsgrp_no,0)),""),"") | Q52: =IF($P52<>"",IFERROR(IF('Inputs Fixture Fittings'!$D52<>"Default",'Inputs Fixture Fittings'!$E52*$P52,0.5*$P52),0),"") | R52: =IF($P52<>"",IFERROR(IF('Inputs Fixture Fittings'!$D52<>"Default",'Inputs Fixture Fittings'!$F52*$P52,0.5*$P52),0),"") | S52: =IFERROR(IF(INDEX(inputsgrp_otres,MATCH(Logic!$A52,inputsgrp_no,0))<>"",INDEX(inputsgrp_otres,MATCH(Logic!$A52,inputsgrp_no,0)),""),"") | T52: =IF($S52<>"",IFERROR(IF('Inputs Fixture Fittings'!$D52<>"Default",'Inputs Fixture Fittings'!$E52*$S52,0.5*$S52),0),"") | U52: =IF($S52<>"",IFERROR(IF('Inputs Fixture Fittings'!$D52<>"Default",'Inputs Fixture Fittings'!$F52*$S52,0.5*$S52),0),"") | V52: =IFERROR(IF(INDEX(inputsgrp_otot,MATCH(Logic!$A52,inputsgrp_no,0))<>"",INDEX(inputsgrp_otot,MATCH(Logic!$A52,inputsgrp_no,0)),""),"") | W52: =IF($V52<>"",IFERROR(IF('Inputs Fixture Fittings'!$D52<>"Default",'Inputs Fixture Fittings'!$E52*$V52,0.5*$V52),0),"") | X52: =IF($V52<>"",IFERROR(IF('Inputs Fixture Fittings'!$D52<>"Default",'Inputs Fixture Fittings'!$F52*$V52,0.5*$V52),0),"")
A53: 37 | B53: =IFERROR(IF(INDEX(inputsgrp_gn,MATCH(Logic!$A53,inputsgrp_no,0))<>"",INDEX(inputsgrp_gn,MATCH(Logic!$A53,inputsgrp_no,0)),""),"") | D53: =IFERROR(IF(INDEX(inputsgrp_ada,MATCH(Logic!$A53,inputsgrp_no,0))<>"",INDEX(inputsgrp_ada,MATCH(Logic!$A53,inputsgrp_no,0)),""),"") | E53: =IFERROR(IF(INDEX(inputsgrp_urinal,MATCH(Logic!$A53,inputsgrp_no,0))<>"",INDEX(inputsgrp_urinal,MATCH(Logic!$A53,inputsgrp_no,0)),""),"") | F53: =IFERROR(IF(INDEX(inputsgrp_an,MATCH(Logic!$A53,inputsgrp_no,0))<>"",INDEX(inputsgrp_an,MATCH(Logic!$A53,inputsgrp_no,0)),""),"") | G53: =IFERROR(IF(INDEX(inputsgrp_otefte,MATCH(Logic!$A53,inputsgrp_no,0))<>"",INDEX(inputsgrp_otefte,MATCH(Logic!$A53,inputsgrp_no,0)),""),"") | H53: =IF($G53<>"",IFERROR(IF('Inputs Fixture Fittings'!$D53<>"Default",'Inputs Fixture Fittings'!$E53*$G53,0.5*$G53),0),"") | I53: =IF($G53<>"",IFERROR(IF('Inputs Fixture Fittings'!$D53<>"Default",'Inputs Fixture Fittings'!$F53*$G53,0.5*$G53),0),"") | J53: =IFERROR(IF(INDEX(inputsgrp_otv,MATCH(Logic!$A53,inputsgrp_no,0))<>"",INDEX(inputsgrp_otv,MATCH(Logic!$A53,inputsgrp_no,0)),""),"") | K53: =IF($J53<>"",IFERROR(IF('Inputs Fixture Fittings'!$D53<>"Default",'Inputs Fixture Fittings'!$E53*$J53,0.5*$J53),0),"") | L53: =IF($J53<>"",IFERROR(IF('Inputs Fixture Fittings'!$D53<>"Default",'Inputs Fixture Fittings'!$F53*$J53,0.5*$J53),0),"") | M53: =IFERROR(IF(INDEX(inputsgrp_otrc,MATCH(Logic!$A53,inputsgrp_no,0))<>"",INDEX(inputsgrp_otrc,MATCH(Logic!$A53,inputsgrp_no,0)),""),"") | N53: =IF($M53<>"",IFERROR(IF('Inputs Fixture Fittings'!$D53<>"Default",'Inputs Fixture Fittings'!$E53*$M53,0.5*$M53),0),"") | O53: =IF($M53<>"",IFERROR(IF('Inputs Fixture Fittings'!$D53<>"Default",'Inputs Fixture Fittings'!$F53*$M53,0.5*$M53),0),"") | P53: =IFERROR(IF(INDEX(inputsgrp_otstud,MATCH(Logic!$A53,inputsgrp_no,0))<>"",INDEX(inputsgrp_otstud,MATCH(Logic!$A53,inputsgrp_no,0)),""),"") | Q53: =IF($P53<>"",IFERROR(IF('Inputs Fixture Fittings'!$D53<>"Default",'Inputs Fixture Fittings'!$E53*$P53,0.5*$P53),0),"") | R53: =IF($P53<>"",IFERROR(IF('Inputs Fixture Fittings'!$D53<>"Default",'Inputs Fixture Fittings'!$F53*$P53,0.5*$P53),0),"") | S53: =IFERROR(IF(INDEX(inputsgrp_otres,MATCH(Logic!$A53,inputsgrp_no,0))<>"",INDEX(inputsgrp_otres,MATCH(Logic!$A53,inputsgrp_no,0)),""),"") | T53: =IF($S53<>"",IFERROR(IF('Inputs Fixture Fittings'!$D53<>"Default",'Inputs Fixture Fittings'!$E53*$S53,0.5*$S53),0),"") | U53: =IF($S53<>"",IFERROR(IF('Inputs Fixture Fittings'!$D53<>"Default",'Inputs Fixture Fittings'!$F53*$S53,0.5*$S53),0),"") | V53: =IFERROR(IF(INDEX(inputsgrp_otot,MATCH(Logic!$A53,inputsgrp_no,0))<>"",INDEX(inputsgrp_otot,MATCH(Logic!$A53,inputsgrp_no,0)),""),"") | W53: =IF($V53<>"",IFERROR(IF('Inputs Fixture Fittings'!$D53<>"Default",'Inputs Fixture Fittings'!$E53*$V53,0.5*$V53),0),"") | X53: =IF($V53<>"",IFERROR(IF('Inputs Fixture Fittings'!$D53<>"Default",'Inputs Fixture Fittings'!$F53*$V53,0.5*$V53),0),"")
A54: 38 | B54: =IFERROR(IF(INDEX(inputsgrp_gn,MATCH(Logic!$A54,inputsgrp_no,0))<>"",INDEX(inputsgrp_gn,MATCH(Logic!$A54,inputsgrp_no,0)),""),"") | D54: =IFERROR(IF(INDEX(inputsgrp_ada,MATCH(Logic!$A54,inputsgrp_no,0))<>"",INDEX(inputsgrp_ada,MATCH(Logic!$A54,inputsgrp_no,0)),""),"") | E54: =IFERROR(IF(INDEX(inputsgrp_urinal,MATCH(Logic!$A54,inputsgrp_no,0))<>"",INDEX(inputsgrp_urinal,MATCH(Logic!$A54,inputsgrp_no,0)),""),"") | F54: =IFERROR(IF(INDEX(inputsgrp_an,MATCH(Logic!$A54,inputsgrp_no,0))<>"",INDEX(inputsgrp_an,MATCH(Logic!$A54,inputsgrp_no,0)),""),"") | G54: =IFERROR(IF(INDEX(inputsgrp_otefte,MATCH(Logic!$A54,inputsgrp_no,0))<>"",INDEX(inputsgrp_otefte,MATCH(Logic!$A54,inputsgrp_no,0)),""),"") | H54: =IF($G54<>"",IFERROR(IF('Inputs Fixture Fittings'!$D54<>"Default",'Inputs Fixture Fittings'!$E54*$G54,0.5*$G54),0),"") | I54: =IF($G54<>"",IFERROR(IF('Inputs Fixture Fittings'!$D54<>"Default",'Inputs Fixture Fittings'!$F54*$G54,0.5*$G54),0),"") | J54: =IFERROR(IF(INDEX(inputsgrp_otv,MATCH(Logic!$A54,inputsgrp_no,0))<>"",INDEX(inputsgrp_otv,MATCH(Logic!$A54,inputsgrp_no,0)),""),"") | K54: =IF($J54<>"",IFERROR(IF('Inputs Fixture Fittings'!$D54<>"Default",'Inputs Fixture Fittings'!$E54*$J54,0.5*$J54),0),"") | L54: =IF($J54<>"",IFERROR(IF('Inputs Fixture Fittings'!$D54<>"Default",'Inputs Fixture Fittings'!$F54*$J54,0.5*$J54),0),"") | M54: =IFERROR(IF(INDEX(inputsgrp_otrc,MATCH(Logic!$A54,inputsgrp_no,0))<>"",INDEX(inputsgrp_otrc,MATCH(Logic!$A54,inputsgrp_no,0)),""),"") | N54: =IF($M54<>"",IFERROR(IF('Inputs Fixture Fittings'!$D54<>"Default",'Inputs Fixture Fittings'!$E54*$M54,0.5*$M54),0),"") | O54: =IF($M54<>"",IFERROR(IF('Inputs Fixture Fittings'!$D54<>"Default",'Inputs Fixture Fittings'!$F54*$M54,0.5*$M54),0),"") | P54: =IFERROR(IF(INDEX(inputsgrp_otstud,MATCH(Logic!$A54,inputsgrp_no,0))<>"",INDEX(inputsgrp_otstud,MATCH(Logic!$A54,inputsgrp_no,0)),""),"") | Q54: =IF($P54<>"",IFERROR(IF('Inputs Fixture Fittings'!$D54<>"Default",'Inputs Fixture Fittings'!$E54*$P54,0.5*$P54),0),"") | R54: =IF($P54<>"",IFERROR(IF('Inputs Fixture Fittings'!$D54<>"Default",'Inputs Fixture Fittings'!$F54*$P54,0.5*$P54),0),"") | S54: =IFERROR(IF(INDEX(inputsgrp_otres,MATCH(Logic!$A54,inputsgrp_no,0))<>"",INDEX(inputsgrp_otres,MATCH(Logic!$A54,inputsgrp_no,0)),""),"") | T54: =IF($S54<>"",IFERROR(IF('Inputs Fixture Fittings'!$D54<>"Default",'Inputs Fixture Fittings'!$E54*$S54,0.5*$S54),0),"") | U54: =IF($S54<>"",IFERROR(IF('Inputs Fixture Fittings'!$D54<>"Default",'Inputs Fixture Fittings'!$F54*$S54,0.5*$S54),0),"") | V54: =IFERROR(IF(INDEX(inputsgrp_otot,MATCH(Logic!$A54,inputsgrp_no,0))<>"",INDEX(inputsgrp_otot,MATCH(Logic!$A54,inputsgrp_no,0)),""),"") | W54: =IF($V54<>"",IFERROR(IF('Inputs Fixture Fittings'!$D54<>"Default",'Inputs Fixture Fittings'!$E54*$V54,0.5*$V54),0),"") | X54: =IF($V54<>"",IFERROR(IF('Inputs Fixture Fittings'!$D54<>"Default",'Inputs Fixture Fittings'!$F54*$V54,0.5*$V54),0),"")
A55: 39 | B55: =IFERROR(IF(INDEX(inputsgrp_gn,MATCH(Logic!$A55,inputsgrp_no,0))<>"",INDEX(inputsgrp_gn,MATCH(Logic!$A55,inputsgrp_no,0)),""),"") | D55: =IFERROR(IF(INDEX(inputsgrp_ada,MATCH(Logic!$A55,inputsgrp_no,0))<>"",INDEX(inputsgrp_ada,MATCH(Logic!$A55,inputsgrp_no,0)),""),"") | E55: =IFERROR(IF(INDEX(inputsgrp_urinal,MATCH(Logic!$A55,inputsgrp_no,0))<>"",INDEX(inputsgrp_urinal,MATCH(Logic!$A55,inputsgrp_no,0)),""),"") | F55: =IFERROR(IF(INDEX(inputsgrp_an,MATCH(Logic!$A55,inputsgrp_no,0))<>"",INDEX(inputsgrp_an,MATCH(Logic!$A55,inputsgrp_no,0)),""),"") | G55: =IFERROR(IF(INDEX(inputsgrp_otefte,MATCH(Logic!$A55,inputsgrp_no,0))<>"",INDEX(inputsgrp_otefte,MATCH(Logic!$A55,inputsgrp_no,0)),""),"") | H55: =IF($G55<>"",IFERROR(IF('Inputs Fixture Fittings'!$D55<>"Default",'Inputs Fixture Fittings'!$E55*$G55,0.5*$G55),0),"") | I55: =IF($G55<>"",IFERROR(IF('Inputs Fixture Fittings'!$D55<>"Default",'Inputs Fixture Fittings'!$F55*$G55,0.5*$G55),0),"") | J55: =IFERROR(IF(INDEX(inputsgrp_otv,MATCH(Logic!$A55,inputsgrp_no,0))<>"",INDEX(inputsgrp_otv,MATCH(Logic!$A55,inputsgrp_no,0)),""),"") | K55: =IF($J55<>"",IFERROR(IF('Inputs Fixture Fittings'!$D55<>"Default",'Inputs Fixture Fittings'!$E55*$J55,0.5*$J55),0),"") | L55: =IF($J55<>"",IFERROR(IF('Inputs Fixture Fittings'!$D55<>"Default",'Inputs Fixture Fittings'!$F55*$J55,0.5*$J55),0),"") | M55: =IFERROR(IF(INDEX(inputsgrp_otrc,MATCH(Logic!$A55,inputsgrp_no,0))<>"",INDEX(inputsgrp_otrc,MATCH(Logic!$A55,inputsgrp_no,0)),""),"") | N55: =IF($M55<>"",IFERROR(IF('Inputs Fixture Fittings'!$D55<>"Default",'Inputs Fixture Fittings'!$E55*$M55,0.5*$M55),0),"") | O55: =IF($M55<>"",IFERROR(IF('Inputs Fixture Fittings'!$D55<>"Default",'Inputs Fixture Fittings'!$F55*$M55,0.5*$M55),0),"") | P55: =IFERROR(IF(INDEX(inputsgrp_otstud,MATCH(Logic!$A55,inputsgrp_no,0))<>"",INDEX(inputsgrp_otstud,MATCH(Logic!$A55,inputsgrp_no,0)),""),"") | Q55: =IF($P55<>"",IFERROR(IF('Inputs Fixture Fittings'!$D55<>"Default",'Inputs Fixture Fittings'!$E55*$P55,0.5*$P55),0),"") | R55: =IF($P55<>"",IFERROR(IF('Inputs Fixture Fittings'!$D55<>"Default",'Inputs Fixture Fittings'!$F55*$P55,0.5*$P55),0),"") | S55: =IFERROR(IF(INDEX(inputsgrp_otres,MATCH(Logic!$A55,inputsgrp_no,0))<>"",INDEX(inputsgrp_otres,MATCH(Logic!$A55,inputsgrp_no,0)),""),"") | T55: =IF($S55<>"",IFERROR(IF('Inputs Fixture Fittings'!$D55<>"Default",'Inputs Fixture Fittings'!$E55*$S55,0.5*$S55),0),"") | U55: =IF($S55<>"",IFERROR(IF('Inputs Fixture Fittings'!$D55<>"Default",'Inputs Fixture Fittings'!$F55*$S55,0.5*$S55),0),"") | V55: =IFERROR(IF(INDEX(inputsgrp_otot,MATCH(Logic!$A55,inputsgrp_no,0))<>"",INDEX(inputsgrp_otot,MATCH(Logic!$A55,inputsgrp_no,0)),""),"") | W55: =IF($V55<>"",IFERROR(IF('Inputs Fixture Fittings'!$D55<>"Default",'Inputs Fixture Fittings'!$E55*$V55,0.5*$V55),0),"") | X55: =IF($V55<>"",IFERROR(IF('Inputs Fixture Fittings'!$D55<>"Default",'Inputs Fixture Fittings'!$F55*$V55,0.5*$V55),0),"")
A56: 40 | B56: =IFERROR(IF(INDEX(inputsgrp_gn,MATCH(Logic!$A56,inputsgrp_no,0))<>"",INDEX(inputsgrp_gn,MATCH(Logic!$A56,inputsgrp_no,0)),""),"") | D56: =IFERROR(IF(INDEX(inputsgrp_ada,MATCH(Logic!$A56,inputsgrp_no,0))<>"",INDEX(inputsgrp_ada,MATCH(Logic!$A56,inputsgrp_no,0)),""),"") | E56: =IFERROR(IF(INDEX(inputsgrp_urinal,MATCH(Logic!$A56,inputsgrp_no,0))<>"",INDEX(inputsgrp_urinal,MATCH(Logic!$A56,inputsgrp_no,0)),""),"") | F56: =IFERROR(IF(INDEX(inputsgrp_an,MATCH(Logic!$A56,inputsgrp_no,0))<>"",INDEX(inputsgrp_an,MATCH(Logic!$A56,inputsgrp_no,0)),""),"") | G56: =IFERROR(IF(INDEX(inputsgrp_otefte,MATCH(Logic!$A56,inputsgrp_no,0))<>"",INDEX(inputsgrp_otefte,MATCH(Logic!$A56,inputsgrp_no,0)),""),"") | H56: =IF($G56<>"",IFERROR(IF('Inputs Fixture Fittings'!$D56<>"Default",'Inputs Fixture Fittings'!$E56*$G56,0.5*$G56),0),"") | I56: =IF($G56<>"",IFERROR(IF('Inputs Fixture Fittings'!$D56<>"Default",'Inputs Fixture Fittings'!$F56*$G56,0.5*$G56),0),"") | J56: =IFERROR(IF(INDEX(inputsgrp_otv,MATCH(Logic!$A56,inputsgrp_no,0))<>"",INDEX(inputsgrp_otv,MATCH(Logic!$A56,inputsgrp_no,0)),""),"") | K56: =IF($J56<>"",IFERROR(IF('Inputs Fixture Fittings'!$D56<>"Default",'Inputs Fixture Fittings'!$E56*$J56,0.5*$J56),0),"") | L56: =IF($J56<>"",IFERROR(IF('Inputs Fixture Fittings'!$D56<>"Default",'Inputs Fixture Fittings'!$F56*$J56,0.5*$J56),0),"") | M56: =IFERROR(IF(INDEX(inputsgrp_otrc,MATCH(Logic!$A56,inputsgrp_no,0))<>"",INDEX(inputsgrp_otrc,MATCH(Logic!$A56,inputsgrp_no,0)),""),"") | N56: =IF($M56<>"",IFERROR(IF('Inputs Fixture Fittings'!$D56<>"Default",'Inputs Fixture Fittings'!$E56*$M56,0.5*$M56),0),"") | O56: =IF($M56<>"",IFERROR(IF('Inputs Fixture Fittings'!$D56<>"Default",'Inputs Fixture Fittings'!$F56*$M56,0.5*$M56),0),"") | P56: =IFERROR(IF(INDEX(inputsgrp_otstud,MATCH(Logic!$A56,inputsgrp_no,0))<>"",INDEX(inputsgrp_otstud,MATCH(Logic!$A56,inputsgrp_no,0)),""),"") | Q56: =IF($P56<>"",IFERROR(IF('Inputs Fixture Fittings'!$D56<>"Default",'Inputs Fixture Fittings'!$E56*$P56,0.5*$P56),0),"") | R56: =IF($P56<>"",IFERROR(IF('Inputs Fixture Fittings'!$D56<>"Default",'Inputs Fixture Fittings'!$F56*$P56,0.5*$P56),0),"") | S56: =IFERROR(IF(INDEX(inputsgrp_otres,MATCH(Logic!$A56,inputsgrp_no,0))<>"",INDEX(inputsgrp_otres,MATCH(Logic!$A56,inputsgrp_no,0)),""),"") | T56: =IF($S56<>"",IFERROR(IF('Inputs Fixture Fittings'!$D56<>"Default",'Inputs Fixture Fittings'!$E56*$S56,0.5*$S56),0),"") | U56: =IF($S56<>"",IFERROR(IF('Inputs Fixture Fittings'!$D56<>"Default",'Inputs Fixture Fittings'!$F56*$S56,0.5*$S56),0),"") | V56: =IFERROR(IF(INDEX(inputsgrp_otot,MATCH(Logic!$A56,inputsgrp_no,0))<>"",INDEX(inputsgrp_otot,MATCH(Logic!$A56,inputsgrp_no,0)),""),"") | W56: =IF($V56<>"",IFERROR(IF('Inputs Fixture Fittings'!$D56<>"Default",'Inputs Fixture Fittings'!$E56*$V56,0.5*$V56),0),"") | X56: =IF($V56<>"",IFERROR(IF('Inputs Fixture Fittings'!$D56<>"Default",'Inputs Fixture Fittings'!$F56*$V56,0.5*$V56),0),"")
A57: 41 | B57: =IFERROR(IF(INDEX(inputsgrp_gn,MATCH(Logic!$A57,inputsgrp_no,0))<>"",INDEX(inputsgrp_gn,MATCH(Logic!$A57,inputsgrp_no,0)),""),"") | D57: =IFERROR(IF(INDEX(inputsgrp_ada,MATCH(Logic!$A57,inputsgrp_no,0))<>"",INDEX(inputsgrp_ada,MATCH(Logic!$A57,inputsgrp_no,0)),""),"") | E57: =IFERROR(IF(INDEX(inputsgrp_urinal,MATCH(Logic!$A57,inputsgrp_no,0))<>"",INDEX(inputsgrp_urinal,MATCH(Logic!$A57,inputsgrp_no,0)),""),"") | F57: =IFERROR(IF(INDEX(inputsgrp_an,MATCH(Logic!$A57,inputsgrp_no,0))<>"",INDEX(inputsgrp_an,MATCH(Logic!$A57,inputsgrp_no,0)),""),"") | G57: =IFERROR(IF(INDEX(inputsgrp_otefte,MATCH(Logic!$A57,inputsgrp_no,0))<>"",INDEX(inputsgrp_otefte,MATCH(Logic!$A57,inputsgrp_no,0)),""),"") | H57: =IF($G57<>"",IFERROR(IF('Inputs Fixture Fittings'!$D57<>"Default",'Inputs Fixture Fittings'!$E57*$G57,0.5*$G57),0),"") | I57: =IF($G57<>"",IFERROR(IF('Inputs Fixture Fittings'!$D57<>"Default",'Inputs Fixture Fittings'!$F57*$G57,0.5*$G57),0),"") | J57: =IFERROR(IF(INDEX(inputsgrp_otv,MATCH(Logic!$A57,inputsgrp_no,0))<>"",INDEX(inputsgrp_otv,MATCH(Logic!$A57,inputsgrp_no,0)),""),"") | K57: =IF($J57<>"",IFERROR(IF('Inputs Fixture Fittings'!$D57<>"Default",'Inputs Fixture Fittings'!$E57*$J57,0.5*$J57),0),"") | L57: =IF($J57<>"",IFERROR(IF('Inputs Fixture Fittings'!$D57<>"Default",'Inputs Fixture Fittings'!$F57*$J57,0.5*$J57),0),"") | M57: =IFERROR(IF(INDEX(inputsgrp_otrc,MATCH(Logic!$A57,inputsgrp_no,0))<>"",INDEX(inputsgrp_otrc,MATCH(Logic!$A57,inputsgrp_no,0)),""),"") | N57: =IF($M57<>"",IFERROR(IF('Inputs Fixture Fittings'!$D57<>"Default",'Inputs Fixture Fittings'!$E57*$M57,0.5*$M57),0),"") | O57: =IF($M57<>"",IFERROR(IF('Inputs Fixture Fittings'!$D57<>"Default",'Inputs Fixture Fittings'!$F57*$M57,0.5*$M57),0),"") | P57: =IFERROR(IF(INDEX(inputsgrp_otstud,MATCH(Logic!$A57,inputsgrp_no,0))<>"",INDEX(inputsgrp_otstud,MATCH(Logic!$A57,inputsgrp_no,0)),""),"") | Q57: =IF($P57<>"",IFERROR(IF('Inputs Fixture Fittings'!$D57<>"Default",'Inputs Fixture Fittings'!$E57*$P57,0.5*$P57),0),"") | R57: =IF($P57<>"",IFERROR(IF('Inputs Fixture Fittings'!$D57<>"Default",'Inputs Fixture Fittings'!$F57*$P57,0.5*$P57),0),"") | S57: =IFERROR(IF(INDEX(inputsgrp_otres,MATCH(Logic!$A57,inputsgrp_no,0))<>"",INDEX(inputsgrp_otres,MATCH(Logic!$A57,inputsgrp_no,0)),""),"") | T57: =IF($S57<>"",IFERROR(IF('Inputs Fixture Fittings'!$D57<>"Default",'Inputs Fixture Fittings'!$E57*$S57,0.5*$S57),0),"") | U57: =IF($S57<>"",IFERROR(IF('Inputs Fixture Fittings'!$D57<>"Default",'Inputs Fixture Fittings'!$F57*$S57,0.5*$S57),0),"") | V57: =IFERROR(IF(INDEX(inputsgrp_otot,MATCH(Logic!$A57,inputsgrp_no,0))<>"",INDEX(inputsgrp_otot,MATCH(Logic!$A57,inputsgrp_no,0)),""),"") | W57: =IF($V57<>"",IFERROR(IF('Inputs Fixture Fittings'!$D57<>"Default",'Inputs Fixture Fittings'!$E57*$V57,0.5*$V57),0),"") | X57: =IF($V57<>"",IFERROR(IF('Inputs Fixture Fittings'!$D57<>"Default",'Inputs Fixture Fittings'!$F57*$V57,0.5*$V57),0),"")
A58: 42 | B58: =IFERROR(IF(INDEX(inputsgrp_gn,MATCH(Logic!$A58,inputsgrp_no,0))<>"",INDEX(inputsgrp_gn,MATCH(Logic!$A58,inputsgrp_no,0)),""),"") | D58: =IFERROR(IF(INDEX(inputsgrp_ada,MATCH(Logic!$A58,inputsgrp_no,0))<>"",INDEX(inputsgrp_ada,MATCH(Logic!$A58,inputsgrp_no,0)),""),"") | E58: =IFERROR(IF(INDEX(inputsgrp_urinal,MATCH(Logic!$A58,inputsgrp_no,0))<>"",INDEX(inputsgrp_urinal,MATCH(Logic!$A58,inputsgrp_no,0)),""),"") | F58: =IFERROR(IF(INDEX(inputsgrp_an,MATCH(Logic!$A58,inputsgrp_no,0))<>"",INDEX(inputsgrp_an,MATCH(Logic!$A58,inputsgrp_no,0)),""),"") | G58: =IFERROR(IF(INDEX(inputsgrp_otefte,MATCH(Logic!$A58,inputsgrp_no,0))<>"",INDEX(inputsgrp_otefte,MATCH(Logic!$A58,inputsgrp_no,0)),""),"") | H58: =IF($G58<>"",IFERROR(IF('Inputs Fixture Fittings'!$D58<>"Default",'Inputs Fixture Fittings'!$E58*$G58,0.5*$G58),0),"") | I58: =IF($G58<>"",IFERROR(IF('Inputs Fixture Fittings'!$D58<>"Default",'Inputs Fixture Fittings'!$F58*$G58,0.5*$G58),0),"") | J58: =IFERROR(IF(INDEX(inputsgrp_otv,MATCH(Logic!$A58,inputsgrp_no,0))<>"",INDEX(inputsgrp_otv,MATCH(Logic!$A58,inputsgrp_no,0)),""),"") | K58: =IF($J58<>"",IFERROR(IF('Inputs Fixture Fittings'!$D58<>"Default",'Inputs Fixture Fittings'!$E58*$J58,0.5*$J58),0),"") | L58: =IF($J58<>"",IFERROR(IF('Inputs Fixture Fittings'!$D58<>"Default",'Inputs Fixture Fittings'!$F58*$J58,0.5*$J58),0),"") | M58: =IFERROR(IF(INDEX(inputsgrp_otrc,MATCH(Logic!$A58,inputsgrp_no,0))<>"",INDEX(inputsgrp_otrc,MATCH(Logic!$A58,inputsgrp_no,0)),""),"") | N58: =IF($M58<>"",IFERROR(IF('Inputs Fixture Fittings'!$D58<>"Default",'Inputs Fixture Fittings'!$E58*$M58,0.5*$M58),0),"") | O58: =IF($M58<>"",IFERROR(IF('Inputs Fixture Fittings'!$D58<>"Default",'Inputs Fixture Fittings'!$F58*$M58,0.5*$M58),0),"") | P58: =IFERROR(IF(INDEX(inputsgrp_otstud,MATCH(Logic!$A58,inputsgrp_no,0))<>"",INDEX(inputsgrp_otstud,MATCH(Logic!$A58,inputsgrp_no,0)),""),"") | Q58: =IF($P58<>"",IFERROR(IF('Inputs Fixture Fittings'!$D58<>"Default",'Inputs Fixture Fittings'!$E58*$P58,0.5*$P58),0),"") | R58: =IF($P58<>"",IFERROR(IF('Inputs Fixture Fittings'!$D58<>"Default",'Inputs Fixture Fittings'!$F58*$P58,0.5*$P58),0),"") | S58: =IFERROR(IF(INDEX(inputsgrp_otres,MATCH(Logic!$A58,inputsgrp_no,0))<>"",INDEX(inputsgrp_otres,MATCH(Logic!$A58,inputsgrp_no,0)),""),"") | T58: =IF($S58<>"",IFERROR(IF('Inputs Fixture Fittings'!$D58<>"Default",'Inputs Fixture Fittings'!$E58*$S58,0.5*$S58),0),"") | U58: =IF($S58<>"",IFERROR(IF('Inputs Fixture Fittings'!$D58<>"Default",'Inputs Fixture Fittings'!$F58*$S58,0.5*$S58),0),"") | V58: =IFERROR(IF(INDEX(inputsgrp_otot,MATCH(Logic!$A58,inputsgrp_no,0))<>"",INDEX(inputsgrp_otot,MATCH(Logic!$A58,inputsgrp_no,0)),""),"") | W58: =IF($V58<>"",IFERROR(IF('Inputs Fixture Fittings'!$D58<>"Default",'Inputs Fixture Fittings'!$E58*$V58,0.5*$V58),0),"") | X58: =IF($V58<>"",IFERROR(IF('Inputs Fixture Fittings'!$D58<>"Default",'Inputs Fixture Fittings'!$F58*$V58,0.5*$V58),0),"")
... A66: 50 | B66: =IFERROR(IF(INDEX(inputsgrp_gn,MATCH(Logic!$A66,inputsgrp_no,0))<>"",INDEX(inputsgrp_gn,MATCH(Logic!$A66,inputsgrp_no,0)),""),"") | D66: =IFERROR(IF(INDEX(inputsgrp_ada,MATCH(Logic!$A66,inputsgrp_no,0))<>"",INDEX(inputsgrp_ada,MATCH(Logic!$A66,inputsgrp_no,0)),""),"") | E66: =IFERROR(IF(INDEX(inputsgrp_urinal,MATCH(Logic!$A66,inputsgrp_no,0))<>"",INDEX(inputsgrp_urinal,MATCH(Logic!$A66,inputsgrp_no,0)),""),"") | F66: =IFERROR(IF(INDEX(inputsgrp_an,MATCH(Logic!$A66,inputsgrp_no,0))<>"",INDEX(inputsgrp_an,MATCH(Logic!$A66,inputsgrp_no,0)),""),"") | G66: =IFERROR(IF(INDEX(inputsgrp_otefte,MATCH(Logic!$A66,inputsgrp_no,0))<>"",INDEX(inputsgrp_otefte,MATCH(Logic!$A66,inputsgrp_no,0)),""),"") | H66: =IF($G66<>"",IFERROR(IF('Inputs Fixture Fittings'!$D66<>"Default",'Inputs Fixture Fittings'!$E66*$G66,0.5*$G66),0),"") | I66: =IF($G66<>"",IFERROR(IF('Inputs Fixture Fittings'!$D66<>"Default",'Inputs Fixture Fittings'!$F66*$G66,0.5*$G66),0),"") | J66: =IFERROR(IF(INDEX(inputsgrp_otv,MATCH(Logic!$A66,inputsgrp_no,0))<>"",INDEX(inputsgrp_otv,MATCH(Logic!$A66,inputsgrp_no,0)),""),"") | K66: =IF($J66<>"",IFERROR(IF('Inputs Fixture Fittings'!$D66<>"Default",'Inputs Fixture Fittings'!$E66*$J66,0.5*$J66),0),"") | L66: =IF($J66<>"",IFERROR(IF('Inputs Fixture Fittings'!$D66<>"Default",'Inputs Fixture Fittings'!$F66*$J66,0.5*$J66),0),"") | M66: =IFERROR(IF(INDEX(inputsgrp_otrc,MATCH(Logic!$A66,inputsgrp_no,0))<>"",INDEX(inputsgrp_otrc,MATCH(Logic!$A66,inputsgrp_no,0)),""),"") | N66: =IF($M66<>"",IFERROR(IF('Inputs Fixture Fittings'!$D66<>"Default",'Inputs Fixture Fittings'!$E66*$M66,0.5*$M66),0),"") | O66: =IF($M66<>"",IFERROR(IF('Inputs Fixture Fittings'!$D66<>"Default",'Inputs Fixture Fittings'!$F66*$M66,0.5*$M66),0),"") | P66: =IFERROR(IF(INDEX(inputsgrp_otstud,MATCH(Logic!$A66,inputsgrp_no,0))<>"",INDEX(inputsgrp_otstud,MATCH(Logic!$A66,inputsgrp_no,0)),""),"") | Q66: =IF($P66<>"",IFERROR(IF('Inputs Fixture Fittings'!$D66<>"Default",'Inputs Fixture Fittings'!$E66*$P66,0.5*$P66),0),"") | R66: =IF($P66<>"",IFERROR(IF('Inputs Fixture Fittings'!$D66<>"Default",'Inputs Fixture Fittings'!$F66*$P66,0.5*$P66),0),"") | S66: =IFERROR(IF(INDEX(inputsgrp_otres,MATCH(Logic!$A66,inputsgrp_no,0))<>"",INDEX(inputsgrp_otres,MATCH(Logic!$A66,inputsgrp_no,0)),""),"") | T66: =IF($S66<>"",IFERROR(IF('Inputs Fixture Fittings'!$D66<>"Default",'Inputs Fixture Fittings'!$E66*$S66,0.5*$S66),0),"") | U66: =IF($S66<>"",IFERROR(IF('Inputs Fixture Fittings'!$D66<>"Default",'Inputs Fixture Fittings'!$F66*$S66,0.5*$S66),0),"") | V66: =IFERROR(IF(INDEX(inputsgrp_otot,MATCH(Logic!$A66,inputsgrp_no,0))<>"",INDEX(inputsgrp_otot,MATCH(Logic!$A66,inputsgrp_no,0)),""),"") | W66: =IF($V66<>"",IFERROR(IF('Inputs Fixture Fittings'!$D66<>"Default",'Inputs Fixture Fittings'!$E66*$V66,0.5*$V66),0),"") | X66: =IF($V66<>"",IFERROR(IF('Inputs Fixture Fittings'!$D66<>"Default",'Inputs Fixture Fittings'!$F66*$V66,0.5*$V66),0),"")
Y67: Click + to left for additional rows
A68: 51 | B68: =IFERROR(IF(INDEX(inputsgrp_gn,MATCH(Logic!$A68,inputsgrp_no,0))<>"",INDEX(inputsgrp_gn,MATCH(Logic!$A68,inputsgrp_no,0)),""),"") | D68: =IFERROR(IF(INDEX(inputsgrp_ada,MATCH(Logic!$A68,inputsgrp_no,0))<>"",INDEX(inputsgrp_ada,MATCH(Logic!$A68,inputsgrp_no,0)),""),"") | E68: =IFERROR(IF(INDEX(inputsgrp_urinal,MATCH(Logic!$A68,inputsgrp_no,0))<>"",INDEX(inputsgrp_urinal,MATCH(Logic!$A68,inputsgrp_no,0)),""),"") | F68: =IFERROR(IF(INDEX(inputsgrp_an,MATCH(Logic!$A68,inputsgrp_no,0))<>"",INDEX(inputsgrp_an,MATCH(Logic!$A68,inputsgrp_no,0)),""),"") | G68: =IFERROR(IF(INDEX(inputsgrp_otefte,MATCH(Logic!$A68,inputsgrp_no,0))<>"",INDEX(inputsgrp_otefte,MATCH(Logic!$A68,inputsgrp_no,0)),""),"") | H68: =IF($G68<>"",IFERROR(IF('Inputs Fixture Fittings'!$D68<>"Default",'Inputs Fixture Fittings'!$E68*$G68,0.5*$G68),0),"") | I68: =IF($G68<>"",IFERROR(IF('Inputs Fixture Fittings'!$D68<>"Default",'Inputs Fixture Fittings'!$F68*$G68,0.5*$G68),0),"") | J68: =IFERROR(IF(INDEX(inputsgrp_otv,MATCH(Logic!$A68,inputsgrp_no,0))<>"",INDEX(inputsgrp_otv,MATCH(Logic!$A68,inputsgrp_no,0)),""),"") | K68: =IF($J68<>"",IFERROR(IF('Inputs Fixture Fittings'!$D68<>"Default",'Inputs Fixture Fittings'!$E68*$J68,0.5*$J68),0),"") | L68: =IF($J68<>"",IFERROR(IF('Inputs Fixture Fittings'!$D68<>"Default",'Inputs Fixture Fittings'!$F68*$J68,0.5*$J68),0),"") | M68: =IFERROR(IF(INDEX(inputsgrp_otrc,MATCH(Logic!$A68,inputsgrp_no,0))<>"",INDEX(inputsgrp_otrc,MATCH(Logic!$A68,inputsgrp_no,0)),""),"") | N68: =IF($M68<>"",IFERROR(IF('Inputs Fixture Fittings'!$D68<>"Default",'Inputs Fixture Fittings'!$E68*$M68,0.5*$M68),0),"") | O68: =IF($M68<>"",IFERROR(IF('Inputs Fixture Fittings'!$D68<>"Default",'Inputs Fixture Fittings'!$F68*$M68,0.5*$M68),0),"") | P68: =IFERROR(IF(INDEX(inputsgrp_otstud,MATCH(Logic!$A68,inputsgrp_no,0))<>"",INDEX(inputsgrp_otstud,MATCH(Logic!$A68,inputsgrp_no,0)),""),"") | Q68: =IF($P68<>"",IFERROR(IF('Inputs Fixture Fittings'!$D68<>"Default",'Inputs Fixture Fittings'!$E68*$P68,0.5*$P68),0),"") | R68: =IF($P68<>"",IFERROR(IF('Inputs Fixture Fittings'!$D68<>"Default",'Inputs Fixture Fittings'!$F68*$P68,0.5*$P68),0),"") | S68: =IFERROR(IF(INDEX(inputsgrp_otres,MATCH(Logic!$A68,inputsgrp_no,0))<>"",INDEX(inputsgrp_otres,MATCH(Logic!$A68,inputsgrp_no,0)),""),"") | T68: =IF($S68<>"",IFERROR(IF('Inputs Fixture Fittings'!$D68<>"Default",'Inputs Fixture Fittings'!$E68*$S68,0.5*$S68),0),"") | U68: =IF($S68<>"",IFERROR(IF('Inputs Fixture Fittings'!$D68<>"Default",'Inputs Fixture Fittings'!$F68*$S68,0.5*$S68),0),"") | V68: =IFERROR(IF(INDEX(inputsgrp_otot,MATCH(Logic!$A68,inputsgrp_no,0))<>"",INDEX(inputsgrp_otot,MATCH(Logic!$A68,inputsgrp_no,0)),""),"") | W68: =IF($V68<>"",IFERROR(IF('Inputs Fixture Fittings'!$D68<>"Default",'Inputs Fixture Fittings'!$E68*$V68,0.5*$V68),0),"") | X68: =IF($V68<>"",IFERROR(IF('Inputs Fixture Fittings'!$D68<>"Default",'Inputs Fixture Fittings'!$F68*$V68,0.5*$V68),0),"")
A69: 52 | B69: =IFERROR(IF(INDEX(inputsgrp_gn,MATCH(Logic!$A69,inputsgrp_no,0))<>"",INDEX(inputsgrp_gn,MATCH(Logic!$A69,inputsgrp_no,0)),""),"") | D69: =IFERROR(IF(INDEX(inputsgrp_ada,MATCH(Logic!$A69,inputsgrp_no,0))<>"",INDEX(inputsgrp_ada,MATCH(Logic!$A69,inputsgrp_no,0)),""),"") | E69: =IFERROR(IF(INDEX(inputsgrp_urinal,MATCH(Logic!$A69,inputsgrp_no,0))<>"",INDEX(inputsgrp_urinal,MATCH(Logic!$A69,inputsgrp_no,0)),""),"") | F69: =IFERROR(IF(INDEX(inputsgrp_an,MATCH(Logic!$A69,inputsgrp_no,0))<>"",INDEX(inputsgrp_an,MATCH(Logic!$A69,inputsgrp_no,0)),""),"") | G69: =IFERROR(IF(INDEX(inputsgrp_otefte,MATCH(Logic!$A69,inputsgrp_no,0))<>"",INDEX(inputsgrp_otefte,MATCH(Logic!$A69,inputsgrp_no,0)),""),"") | H69: =IF($G69<>"",IFERROR(IF('Inputs Fixture Fittings'!$D69<>"Default",'Inputs Fixture Fittings'!$E69*$G69,0.5*$G69),0),"") | I69: =IF($G69<>"",IFERROR(IF('Inputs Fixture Fittings'!$D69<>"Default",'Inputs Fixture Fittings'!$F69*$G69,0.5*$G69),0),"") | J69: =IFERROR(IF(INDEX(inputsgrp_otv,MATCH(Logic!$A69,inputsgrp_no,0))<>"",INDEX(inputsgrp_otv,MATCH(Logic!$A69,inputsgrp_no,0)),""),"") | K69: =IF($J69<>"",IFERROR(IF('Inputs Fixture Fittings'!$D69<>"Default",'Inputs Fixture Fittings'!$E69*$J69,0.5*$J69),0),"") | L69: =IF($J69<>"",IFERROR(IF('Inputs Fixture Fittings'!$D69<>"Default",'Inputs Fixture Fittings'!$F69*$J69,0.5*$J69),0),"") | M69: =IFERROR(IF(INDEX(inputsgrp_otrc,MATCH(Logic!$A69,inputsgrp_no,0))<>"",INDEX(inputsgrp_otrc,MATCH(Logic!$A69,inputsgrp_no,0)),""),"") | N69: =IF($M69<>"",IFERROR(IF('Inputs Fixture Fittings'!$D69<>"Default",'Inputs Fixture Fittings'!$E69*$M69,0.5*$M69),0),"") | O69: =IF($M69<>"",IFERROR(IF('Inputs Fixture Fittings'!$D69<>"Default",'Inputs Fixture Fittings'!$F69*$M69,0.5*$M69),0),"") | P69: =IFERROR(IF(INDEX(inputsgrp_otstud,MATCH(Logic!$A69,inputsgrp_no,0))<>"",INDEX(inputsgrp_otstud,MATCH(Logic!$A69,inputsgrp_no,0)),""),"") | Q69: =IF($P69<>"",IFERROR(IF('Inputs Fixture Fittings'!$D69<>"Default",'Inputs Fixture Fittings'!$E69*$P69,0.5*$P69),0),"") | R69: =IF($P69<>"",IFERROR(IF('Inputs Fixture Fittings'!$D69<>"Default",'Inputs Fixture Fittings'!$F69*$P69,0.5*$P69),0),"") | S69: =IFERROR(IF(INDEX(inputsgrp_otres,MATCH(Logic!$A69,inputsgrp_no,0))<>"",INDEX(inputsgrp_otres,MATCH(Logic!$A69,inputsgrp_no,0)),""),"") | T69: =IF($S69<>"",IFERROR(IF('Inputs Fixture Fittings'!$D69<>"Default",'Inputs Fixture Fittings'!$E69*$S69,0.5*$S69),0),"") | U69: =IF($S69<>"",IFERROR(IF('Inputs Fixture Fittings'!$D69<>"Default",'Inputs Fixture Fittings'!$F69*$S69,0.5*$S69),0),"") | V69: =IFERROR(IF(INDEX(inputsgrp_otot,MATCH(Logic!$A69,inputsgrp_no,0))<>"",INDEX(inputsgrp_otot,MATCH(Logic!$A69,inputsgrp_no,0)),""),"") | W69: =IF($V69<>"",IFERROR(IF('Inputs Fixture Fittings'!$D69<>"Default",'Inputs Fixture Fittings'!$E69*$V69,0.5*$V69),0),"") | X69: =IF($V69<>"",IFERROR(IF('Inputs Fixture Fittings'!$D69<>"Default",'Inputs Fixture Fittings'!$F69*$V69,0.5*$V69),0),"")
A70: 53 | B70: =IFERROR(IF(INDEX(inputsgrp_gn,MATCH(Logic!$A70,inputsgrp_no,0))<>"",INDEX(inputsgrp_gn,MATCH(Logic!$A70,inputsgrp_no,0)),""),"") | D70: =IFERROR(IF(INDEX(inputsgrp_ada,MATCH(Logic!$A70,inputsgrp_no,0))<>"",INDEX(inputsgrp_ada,MATCH(Logic!$A70,inputsgrp_no,0)),""),"") | E70: =IFERROR(IF(INDEX(inputsgrp_urinal,MATCH(Logic!$A70,inputsgrp_no,0))<>"",INDEX(inputsgrp_urinal,MATCH(Logic!$A70,inputsgrp_no,0)),""),"") | F70: =IFERROR(IF(INDEX(inputsgrp_an,MATCH(Logic!$A70,inputsgrp_no,0))<>"",INDEX(inputsgrp_an,MATCH(Logic!$A70,inputsgrp_no,0)),""),"") | G70: =IFERROR(IF(INDEX(inputsgrp_otefte,MATCH(Logic!$A70,inputsgrp_no,0))<>"",INDEX(inputsgrp_otefte,MATCH(Logic!$A70,inputsgrp_no,0)),""),"") | H70: =IF($G70<>"",IFERROR(IF('Inputs Fixture Fittings'!$D70<>"Default",'Inputs Fixture Fittings'!$E70*$G70,0.5*$G70),0),"") | I70: =IF($G70<>"",IFERROR(IF('Inputs Fixture Fittings'!$D70<>"Default",'Inputs Fixture Fittings'!$F70*$G70,0.5*$G70),0),"") | J70: =IFERROR(IF(INDEX(inputsgrp_otv,MATCH(Logic!$A70,inputsgrp_no,0))<>"",INDEX(inputsgrp_otv,MATCH(Logic!$A70,inputsgrp_no,0)),""),"") | K70: =IF($J70<>"",IFERROR(IF('Inputs Fixture Fittings'!$D70<>"Default",'Inputs Fixture Fittings'!$E70*$J70,0.5*$J70),0),"") | L70: =IF($J70<>"",IFERROR(IF('Inputs Fixture Fittings'!$D70<>"Default",'Inputs Fixture Fittings'!$F70*$J70,0.5*$J70),0),"") | M70: =IFERROR(IF(INDEX(inputsgrp_otrc,MATCH(Logic!$A70,inputsgrp_no,0))<>"",INDEX(inputsgrp_otrc,MATCH(Logic!$A70,inputsgrp_no,0)),""),"") | N70: =IF($M70<>"",IFERROR(IF('Inputs Fixture Fittings'!$D70<>"Default",'Inputs Fixture Fittings'!$E70*$M70,0.5*$M70),0),"") | O70: =IF($M70<>"",IFERROR(IF('Inputs Fixture Fittings'!$D70<>"Default",'Inputs Fixture Fittings'!$F70*$M70,0.5*$M70),0),"") | P70: =IFERROR(IF(INDEX(inputsgrp_otstud,MATCH(Logic!$A70,inputsgrp_no,0))<>"",INDEX(inputsgrp_otstud,MATCH(Logic!$A70,inputsgrp_no,0)),""),"") | Q70: =IF($P70<>"",IFERROR(IF('Inputs Fixture Fittings'!$D70<>"Default",'Inputs Fixture Fittings'!$E70*$P70,0.5*$P70),0),"") | R70: =IF($P70<>"",IFERROR(IF('Inputs Fixture Fittings'!$D70<>"Default",'Inputs Fixture Fittings'!$F70*$P70,0.5*$P70),0),"") | S70: =IFERROR(IF(INDEX(inputsgrp_otres,MATCH(Logic!$A70,inputsgrp_no,0))<>"",INDEX(inputsgrp_otres,MATCH(Logic!$A70,inputsgrp_no,0)),""),"") | T70: =IF($S70<>"",IFERROR(IF('Inputs Fixture Fittings'!$D70<>"Default",'Inputs Fixture Fittings'!$E70*$S70,0.5*$S70),0),"") | U70: =IF($S70<>"",IFERROR(IF('Inputs Fixture Fittings'!$D70<>"Default",'Inputs Fixture Fittings'!$F70*$S70,0.5*$S70),0),"") | V70: =IFERROR(IF(INDEX(inputsgrp_otot,MATCH(Logic!$A70,inputsgrp_no,0))<>"",INDEX(inputsgrp_otot,MATCH(Logic!$A70,inputsgrp_no,0)),""),"") | W70: =IF($V70<>"",IFERROR(IF('Inputs Fixture Fittings'!$D70<>"Default",'Inputs Fixture Fittings'!$E70*$V70,0.5*$V70),0),"") | X70: =IF($V70<>"",IFERROR(IF('Inputs Fixture Fittings'!$D70<>"Default",'Inputs Fixture Fittings'!$F70*$V70,0.5*$V70),0),"")
A71: 54 | B71: =IFERROR(IF(INDEX(inputsgrp_gn,MATCH(Logic!$A71,inputsgrp_no,0))<>"",INDEX(inputsgrp_gn,MATCH(Logic!$A71,inputsgrp_no,0)),""),"") | D71: =IFERROR(IF(INDEX(inputsgrp_ada,MATCH(Logic!$A71,inputsgrp_no,0))<>"",INDEX(inputsgrp_ada,MATCH(Logic!$A71,inputsgrp_no,0)),""),"") | E71: =IFERROR(IF(INDEX(inputsgrp_urinal,MATCH(Logic!$A71,inputsgrp_no,0))<>"",INDEX(inputsgrp_urinal,MATCH(Logic!$A71,inputsgrp_no,0)),""),"") | F71: =IFERROR(IF(INDEX(inputsgrp_an,MATCH(Logic!$A71,inputsgrp_no,0))<>"",INDEX(inputsgrp_an,MATCH(Logic!$A71,inputsgrp_no,0)),""),"") | G71: =IFERROR(IF(INDEX(inputsgrp_otefte,MATCH(Logic!$A71,inputsgrp_no,0))<>"",INDEX(inputsgrp_otefte,MATCH(Logic!$A71,inputsgrp_no,0)),""),"") | H71: =IF($G71<>"",IFERROR(IF('Inputs Fixture Fittings'!$D71<>"Default",'Inputs Fixture Fittings'!$E71*$G71,0.5*$G71),0),"") | I71: =IF($G71<>"",IFERROR(IF('Inputs Fixture Fittings'!$D71<>"Default",'Inputs Fixture Fittings'!$F71*$G71,0.5*$G71),0),"") | J71: =IFERROR(IF(INDEX(inputsgrp_otv,MATCH(Logic!$A71,inputsgrp_no,0))<>"",INDEX(inputsgrp_otv,MATCH(Logic!$A71,inputsgrp_no,0)),""),"") | K71: =IF($J71<>"",IFERROR(IF('Inputs Fixture Fittings'!$D71<>"Default",'Inputs Fixture Fittings'!$E71*$J71,0.5*$J71),0),"") | L71: =IF($J71<>"",IFERROR(IF('Inputs Fixture Fittings'!$D71<>"Default",'Inputs Fixture Fittings'!$F71*$J71,0.5*$J71),0),"") | M71: =IFERROR(IF(INDEX(inputsgrp_otrc,MATCH(Logic!$A71,inputsgrp_no,0))<>"",INDEX(inputsgrp_otrc,MATCH(Logic!$A71,inputsgrp_no,0)),""),"") | N71: =IF($M71<>"",IFERROR(IF('Inputs Fixture Fittings'!$D71<>"Default",'Inputs Fixture Fittings'!$E71*$M71,0.5*$M71),0),"") | O71: =IF($M71<>"",IFERROR(IF('Inputs Fixture Fittings'!$D71<>"Default",'Inputs Fixture Fittings'!$F71*$M71,0.5*$M71),0),"") | P71: =IFERROR(IF(INDEX(inputsgrp_otstud,MATCH(Logic!$A71,inputsgrp_no,0))<>"",INDEX(inputsgrp_otstud,MATCH(Logic!$A71,inputsgrp_no,0)),""),"") | Q71: =IF($P71<>"",IFERROR(IF('Inputs Fixture Fittings'!$D71<>"Default",'Inputs Fixture Fittings'!$E71*$P71,0.5*$P71),0),"") | R71: =IF($P71<>"",IFERROR(IF('Inputs Fixture Fittings'!$D71<>"Default",'Inputs Fixture Fittings'!$F71*$P71,0.5*$P71),0),"") | S71: =IFERROR(IF(INDEX(inputsgrp_otres,MATCH(Logic!$A71,inputsgrp_no,0))<>"",INDEX(inputsgrp_otres,MATCH(Logic!$A71,inputsgrp_no,0)),""),"") | T71: =IF($S71<>"",IFERROR(IF('Inputs Fixture Fittings'!$D71<>"Default",'Inputs Fixture Fittings'!$E71*$S71,0.5*$S71),0),"") | U71: =IF($S71<>"",IFERROR(IF('Inputs Fixture Fittings'!$D71<>"Default",'Inputs Fixture Fittings'!$F71*$S71,0.5*$S71),0),"") | V71: =IFERROR(IF(INDEX(inputsgrp_otot,MATCH(Logic!$A71,inputsgrp_no,0))<>"",INDEX(inputsgrp_otot,MATCH(Logic!$A71,inputsgrp_no,0)),""),"") | W71: =IF($V71<>"",IFERROR(IF('Inputs Fixture Fittings'!$D71<>"Default",'Inputs Fixture Fittings'!$E71*$V71,0.5*$V71),0),"") | X71: =IF($V71<>"",IFERROR(IF('Inputs Fixture Fittings'!$D71<>"Default",'Inputs Fixture Fittings'!$F71*$V71,0.5*$V71),0),"")
A72: 55 | B72: =IFERROR(IF(INDEX(inputsgrp_gn,MATCH(Logic!$A72,inputsgrp_no,0))<>"",INDEX(inputsgrp_gn,MATCH(Logic!$A72,inputsgrp_no,0)),""),"") | D72: =IFERROR(IF(INDEX(inputsgrp_ada,MATCH(Logic!$A72,inputsgrp_no,0))<>"",INDEX(inputsgrp_ada,MATCH(Logic!$A72,inputsgrp_no,0)),""),"") | E72: =IFERROR(IF(INDEX(inputsgrp_urinal,MATCH(Logic!$A72,inputsgrp_no,0))<>"",INDEX(inputsgrp_urinal,MATCH(Logic!$A72,inputsgrp_no,0)),""),"") | F72: =IFERROR(IF(INDEX(inputsgrp_an,MATCH(Logic!$A72,inputsgrp_no,0))<>"",INDEX(inputsgrp_an,MATCH(Logic!$A72,inputsgrp_no,0)),""),"") | G72: =IFERROR(IF(INDEX(inputsgrp_otefte,MATCH(Logic!$A72,inputsgrp_no,0))<>"",INDEX(inputsgrp_otefte,MATCH(Logic!$A72,inputsgrp_no,0)),""),"") | H72: =IF($G72<>"",IFERROR(IF('Inputs Fixture Fittings'!$D72<>"Default",'Inputs Fixture Fittings'!$E72*$G72,0.5*$G72),0),"") | I72: =IF($G72<>"",IFERROR(IF('Inputs Fixture Fittings'!$D72<>"Default",'Inputs Fixture Fittings'!$F72*$G72,0.5*$G72),0),"") | J72: =IFERROR(IF(INDEX(inputsgrp_otv,MATCH(Logic!$A72,inputsgrp_no,0))<>"",INDEX(inputsgrp_otv,MATCH(Logic!$A72,inputsgrp_no,0)),""),"") | K72: =IF($J72<>"",IFERROR(IF('Inputs Fixture Fittings'!$D72<>"Default",'Inputs Fixture Fittings'!$E72*$J72,0.5*$J72),0),"") | L72: =IF($J72<>"",IFERROR(IF('Inputs Fixture Fittings'!$D72<>"Default",'Inputs Fixture Fittings'!$F72*$J72,0.5*$J72),0),"") | M72: =IFERROR(IF(INDEX(inputsgrp_otrc,MATCH(Logic!$A72,inputsgrp_no,0))<>"",INDEX(inputsgrp_otrc,MATCH(Logic!$A72,inputsgrp_no,0)),""),"") | N72: =IF($M72<>"",IFERROR(IF('Inputs Fixture Fittings'!$D72<>"Default",'Inputs Fixture Fittings'!$E72*$M72,0.5*$M72),0),"") | O72: =IF($M72<>"",IFERROR(IF('Inputs Fixture Fittings'!$D72<>"Default",'Inputs Fixture Fittings'!$F72*$M72,0.5*$M72),0),"") | P72: =IFERROR(IF(INDEX(inputsgrp_otstud,MATCH(Logic!$A72,inputsgrp_no,0))<>"",INDEX(inputsgrp_otstud,MATCH(Logic!$A72,inputsgrp_no,0)),""),"") | Q72: =IF($P72<>"",IFERROR(IF('Inputs Fixture Fittings'!$D72<>"Default",'Inputs Fixture Fittings'!$E72*$P72,0.5*$P72),0),"") | R72: =IF($P72<>"",IFERROR(IF('Inputs Fixture Fittings'!$D72<>"Default",'Inputs Fixture Fittings'!$F72*$P72,0.5*$P72),0),"") | S72: =IFERROR(IF(INDEX(inputsgrp_otres,MATCH(Logic!$A72,inputsgrp_no,0))<>"",INDEX(inputsgrp_otres,MATCH(Logic!$A72,inputsgrp_no,0)),""),"") | T72: =IF($S72<>"",IFERROR(IF('Inputs Fixture Fittings'!$D72<>"Default",'Inputs Fixture Fittings'!$E72*$S72,0.5*$S72),0),"") | U72: =IF($S72<>"",IFERROR(IF('Inputs Fixture Fittings'!$D72<>"Default",'Inputs Fixture Fittings'!$F72*$S72,0.5*$S72),0),"") | V72: =IFERROR(IF(INDEX(inputsgrp_otot,MATCH(Logic!$A72,inputsgrp_no,0))<>"",INDEX(inputsgrp_otot,MATCH(Logic!$A72,inputsgrp_no,0)),""),"") | W72: =IF($V72<>"",IFERROR(IF('Inputs Fixture Fittings'!$D72<>"Default",'Inputs Fixture Fittings'!$E72*$V72,0.5*$V72),0),"") | X72: =IF($V72<>"",IFERROR(IF('Inputs Fixture Fittings'!$D72<>"Default",'Inputs Fixture Fittings'!$F72*$V72,0.5*$V72),0),"")
A73: 56 | B73: =IFERROR(IF(INDEX(inputsgrp_gn,MATCH(Logic!$A73,inputsgrp_no,0))<>"",INDEX(inputsgrp_gn,MATCH(Logic!$A73,inputsgrp_no,0)),""),"") | D73: =IFERROR(IF(INDEX(inputsgrp_ada,MATCH(Logic!$A73,inputsgrp_no,0))<>"",INDEX(inputsgrp_ada,MATCH(Logic!$A73,inputsgrp_no,0)),""),"") | E73: =IFERROR(IF(INDEX(inputsgrp_urinal,MATCH(Logic!$A73,inputsgrp_no,0))<>"",INDEX(inputsgrp_urinal,MATCH(Logic!$A73,inputsgrp_no,0)),""),"") | F73: =IFERROR(IF(INDEX(inputsgrp_an,MATCH(Logic!$A73,inputsgrp_no,0))<>"",INDEX(inputsgrp_an,MATCH(Logic!$A73,inputsgrp_no,0)),""),"") | G73: =IFERROR(IF(INDEX(inputsgrp_otefte,MATCH(Logic!$A73,inputsgrp_no,0))<>"",INDEX(inputsgrp_otefte,MATCH(Logic!$A73,inputsgrp_no,0)),""),"") | H73: =IF($G73<>"",IFERROR(IF('Inputs Fixture Fittings'!$D73<>"Default",'Inputs Fixture Fittings'!$E73*$G73,0.5*$G73),0),"") | I73: =IF($G73<>"",IFERROR(IF('Inputs Fixture Fittings'!$D73<>"Default",'Inputs Fixture Fittings'!$F73*$G73,0.5*$G73),0),"") | J73: =IFERROR(IF(INDEX(inputsgrp_otv,MATCH(Logic!$A73,inputsgrp_no,0))<>"",INDEX(inputsgrp_otv,MATCH(Logic!$A73,inputsgrp_no,0)),""),"") | K73: =IF($J73<>"",IFERROR(IF('Inputs Fixture Fittings'!$D73<>"Default",'Inputs Fixture Fittings'!$E73*$J73,0.5*$J73),0),"") | L73: =IF($J73<>"",IFERROR(IF('Inputs Fixture Fittings'!$D73<>"Default",'Inputs Fixture Fittings'!$F73*$J73,0.5*$J73),0),"") | M73: =IFERROR(IF(INDEX(inputsgrp_otrc,MATCH(Logic!$A73,inputsgrp_no,0))<>"",INDEX(inputsgrp_otrc,MATCH(Logic!$A73,inputsgrp_no,0)),""),"") | N73: =IF($M73<>"",IFERROR(IF('Inputs Fixture Fittings'!$D73<>"Default",'Inputs Fixture Fittings'!$E73*$M73,0.5*$M73),0),"") | O73: =IF($M73<>"",IFERROR(IF('Inputs Fixture Fittings'!$D73<>"Default",'Inputs Fixture Fittings'!$F73*$M73,0.5*$M73),0),"") | P73: =IFERROR(IF(INDEX(inputsgrp_otstud,MATCH(Logic!$A73,inputsgrp_no,0))<>"",INDEX(inputsgrp_otstud,MATCH(Logic!$A73,inputsgrp_no,0)),""),"") | Q73: =IF($P73<>"",IFERROR(IF('Inputs Fixture Fittings'!$D73<>"Default",'Inputs Fixture Fittings'!$E73*$P73,0.5*$P73),0),"") | R73: =IF($P73<>"",IFERROR(IF('Inputs Fixture Fittings'!$D73<>"Default",'Inputs Fixture Fittings'!$F73*$P73,0.5*$P73),0),"") | S73: =IFERROR(IF(INDEX(inputsgrp_otres,MATCH(Logic!$A73,inputsgrp_no,0))<>"",INDEX(inputsgrp_otres,MATCH(Logic!$A73,inputsgrp_no,0)),""),"") | T73: =IF($S73<>"",IFERROR(IF('Inputs Fixture Fittings'!$D73<>"Default",'Inputs Fixture Fittings'!$E73*$S73,0.5*$S73),0),"") | U73: =IF($S73<>"",IFERROR(IF('Inputs Fixture Fittings'!$D73<>"Default",'Inputs Fixture Fittings'!$F73*$S73,0.5*$S73),0),"") | V73: =IFERROR(IF(INDEX(inputsgrp_otot,MATCH(Logic!$A73,inputsgrp_no,0))<>"",INDEX(inputsgrp_otot,MATCH(Logic!$A73,inputsgrp_no,0)),""),"") | W73: =IF($V73<>"",IFERROR(IF('Inputs Fixture Fittings'!$D73<>"Default",'Inputs Fixture Fittings'!$E73*$V73,0.5*$V73),0),"") | X73: =IF($V73<>"",IFERROR(IF('Inputs Fixture Fittings'!$D73<>"Default",'Inputs Fixture Fittings'!$F73*$V73,0.5*$V73),0),"")
A74: 57 | B74: =IFERROR(IF(INDEX(inputsgrp_gn,MATCH(Logic!$A74,inputsgrp_no,0))<>"",INDEX(inputsgrp_gn,MATCH(Logic!$A74,inputsgrp_no,0)),""),"") | D74: =IFERROR(IF(INDEX(inputsgrp_ada,MATCH(Logic!$A74,inputsgrp_no,0))<>"",INDEX(inputsgrp_ada,MATCH(Logic!$A74,inputsgrp_no,0)),""),"") | E74: =IFERROR(IF(INDEX(inputsgrp_urinal,MATCH(Logic!$A74,inputsgrp_no,0))<>"",INDEX(inputsgrp_urinal,MATCH(Logic!$A74,inputsgrp_no,0)),""),"") | F74: =IFERROR(IF(INDEX(inputsgrp_an,MATCH(Logic!$A74,inputsgrp_no,0))<>"",INDEX(inputsgrp_an,MATCH(Logic!$A74,inputsgrp_no,0)),""),"") | G74: =IFERROR(IF(INDEX(inputsgrp_otefte,MATCH(Logic!$A74,inputsgrp_no,0))<>"",INDEX(inputsgrp_otefte,MATCH(Logic!$A74,inputsgrp_no,0)),""),"") | H74: =IF($G74<>"",IFERROR(IF('Inputs Fixture Fittings'!$D74<>"Default",'Inputs Fixture Fittings'!$E74*$G74,0.5*$G74),0),"") | I74: =IF($G74<>"",IFERROR(IF('Inputs Fixture Fittings'!$D74<>"Default",'Inputs Fixture Fittings'!$F74*$G74,0.5*$G74),0),"") | J74: =IFERROR(IF(INDEX(inputsgrp_otv,MATCH(Logic!$A74,inputsgrp_no,0))<>"",INDEX(inputsgrp_otv,MATCH(Logic!$A74,inputsgrp_no,0)),""),"") | K74: =IF($J74<>"",IFERROR(IF('Inputs Fixture Fittings'!$D74<>"Default",'Inputs Fixture Fittings'!$E74*$J74,0.5*$J74),0),"") | L74: =IF($J74<>"",IFERROR(IF('Inputs Fixture Fittings'!$D74<>"Default",'Inputs Fixture Fittings'!$F74*$J74,0.5*$J74),0),"") | M74: =IFERROR(IF(INDEX(inputsgrp_otrc,MATCH(Logic!$A74,inputsgrp_no,0))<>"",INDEX(inputsgrp_otrc,MATCH(Logic!$A74,inputsgrp_no,0)),""),"") | N74: =IF($M74<>"",IFERROR(IF('Inputs Fixture Fittings'!$D74<>"Default",'Inputs Fixture Fittings'!$E74*$M74,0.5*$M74),0),"") | O74: =IF($M74<>"",IFERROR(IF('Inputs Fixture Fittings'!$D74<>"Default",'Inputs Fixture Fittings'!$F74*$M74,0.5*$M74),0),"") | P74: =IFERROR(IF(INDEX(inputsgrp_otstud,MATCH(Logic!$A74,inputsgrp_no,0))<>"",INDEX(inputsgrp_otstud,MATCH(Logic!$A74,inputsgrp_no,0)),""),"") | Q74: =IF($P74<>"",IFERROR(IF('Inputs Fixture Fittings'!$D74<>"Default",'Inputs Fixture Fittings'!$E74*$P74,0.5*$P74),0),"") | R74: =IF($P74<>"",IFERROR(IF('Inputs Fixture Fittings'!$D74<>"Default",'Inputs Fixture Fittings'!$F74*$P74,0.5*$P74),0),"") | S74: =IFERROR(IF(INDEX(inputsgrp_otres,MATCH(Logic!$A74,inputsgrp_no,0))<>"",INDEX(inputsgrp_otres,MATCH(Logic!$A74,inputsgrp_no,0)),""),"") | T74: =IF($S74<>"",IFERROR(IF('Inputs Fixture Fittings'!$D74<>"Default",'Inputs Fixture Fittings'!$E74*$S74,0.5*$S74),0),"") | U74: =IF($S74<>"",IFERROR(IF('Inputs Fixture Fittings'!$D74<>"Default",'Inputs Fixture Fittings'!$F74*$S74,0.5*$S74),0),"") | V74: =IFERROR(IF(INDEX(inputsgrp_otot,MATCH(Logic!$A74,inputsgrp_no,0))<>"",INDEX(inputsgrp_otot,MATCH(Logic!$A74,inputsgrp_no,0)),""),"") | W74: =IF($V74<>"",IFERROR(IF('Inputs Fixture Fittings'!$D74<>"Default",'Inputs Fixture Fittings'!$E74*$V74,0.5*$V74),0),"") | X74: =IF($V74<>"",IFERROR(IF('Inputs Fixture Fittings'!$D74<>"Default",'Inputs Fixture Fittings'!$F74*$V74,0.5*$V74),0),"")
A75: 58 | B75: =IFERROR(IF(INDEX(inputsgrp_gn,MATCH(Logic!$A75,inputsgrp_no,0))<>"",INDEX(inputsgrp_gn,MATCH(Logic!$A75,inputsgrp_no,0)),""),"") | D75: =IFERROR(IF(INDEX(inputsgrp_ada,MATCH(Logic!$A75,inputsgrp_no,0))<>"",INDEX(inputsgrp_ada,MATCH(Logic!$A75,inputsgrp_no,0)),""),"") | E75: =IFERROR(IF(INDEX(inputsgrp_urinal,MATCH(Logic!$A75,inputsgrp_no,0))<>"",INDEX(inputsgrp_urinal,MATCH(Logic!$A75,inputsgrp_no,0)),""),"") | F75: =IFERROR(IF(INDEX(inputsgrp_an,MATCH(Logic!$A75,inputsgrp_no,0))<>"",INDEX(inputsgrp_an,MATCH(Logic!$A75,inputsgrp_no,0)),""),"") | G75: =IFERROR(IF(INDEX(inputsgrp_otefte,MATCH(Logic!$A75,inputsgrp_no,0))<>"",INDEX(inputsgrp_otefte,MATCH(Logic!$A75,inputsgrp_no,0)),""),"") | H75: =IF($G75<>"",IFERROR(IF('Inputs Fixture Fittings'!$D75<>"Default",'Inputs Fixture Fittings'!$E75*$G75,0.5*$G75),0),"") | I75: =IF($G75<>"",IFERROR(IF('Inputs Fixture Fittings'!$D75<>"Default",'Inputs Fixture Fittings'!$F75*$G75,0.5*$G75),0),"") | J75: =IFERROR(IF(INDEX(inputsgrp_otv,MATCH(Logic!$A75,inputsgrp_no,0))<>"",INDEX(inputsgrp_otv,MATCH(Logic!$A75,inputsgrp_no,0)),""),"") | K75: =IF($J75<>"",IFERROR(IF('Inputs Fixture Fittings'!$D75<>"Default",'Inputs Fixture Fittings'!$E75*$J75,0.5*$J75),0),"") | L75: =IF($J75<>"",IFERROR(IF('Inputs Fixture Fittings'!$D75<>"Default",'Inputs Fixture Fittings'!$F75*$J75,0.5*$J75),0),"") | M75: =IFERROR(IF(INDEX(inputsgrp_otrc,MATCH(Logic!$A75,inputsgrp_no,0))<>"",INDEX(inputsgrp_otrc,MATCH(Logic!$A75,inputsgrp_no,0)),""),"") | N75: =IF($M75<>"",IFERROR(IF('Inputs Fixture Fittings'!$D75<>"Default",'Inputs Fixture Fittings'!$E75*$M75,0.5*$M75),0),"") | O75: =IF($M75<>"",IFERROR(IF('Inputs Fixture Fittings'!$D75<>"Default",'Inputs Fixture Fittings'!$F75*$M75,0.5*$M75),0),"") | P75: =IFERROR(IF(INDEX(inputsgrp_otstud,MATCH(Logic!$A75,inputsgrp_no,0))<>"",INDEX(inputsgrp_otstud,MATCH(Logic!$A75,inputsgrp_no,0)),""),"") | Q75: =IF($P75<>"",IFERROR(IF('Inputs Fixture Fittings'!$D75<>"Default",'Inputs Fixture Fittings'!$E75*$P75,0.5*$P75),0),"") | R75: =IF($P75<>"",IFERROR(IF('Inputs Fixture Fittings'!$D75<>"Default",'Inputs Fixture Fittings'!$F75*$P75,0.5*$P75),0),"") | S75: =IFERROR(IF(INDEX(inputsgrp_otres,MATCH(Logic!$A75,inputsgrp_no,0))<>"",INDEX(inputsgrp_otres,MATCH(Logic!$A75,inputsgrp_no,0)),""),"") | T75: =IF($S75<>"",IFERROR(IF('Inputs Fixture Fittings'!$D75<>"Default",'Inputs Fixture Fittings'!$E75*$S75,0.5*$S75),0),"") | U75: =IF($S75<>"",IFERROR(IF('Inputs Fixture Fittings'!$D75<>"Default",'Inputs Fixture Fittings'!$F75*$S75,0.5*$S75),0),"") | V75: =IFERROR(IF(INDEX(inputsgrp_otot,MATCH(Logic!$A75,inputsgrp_no,0))<>"",INDEX(inputsgrp_otot,MATCH(Logic!$A75,inputsgrp_no,0)),""),"") | W75: =IF($V75<>"",IFERROR(IF('Inputs Fixture Fittings'!$D75<>"Default",'Inputs Fixture Fittings'!$E75*$V75,0.5*$V75),0),"") | X75: =IF($V75<>"",IFERROR(IF('Inputs Fixture Fittings'!$D75<>"Default",'Inputs Fixture Fittings'!$F75*$V75,0.5*$V75),0),"")
A76: 59 | B76: =IFERROR(IF(INDEX(inputsgrp_gn,MATCH(Logic!$A76,inputsgrp_no,0))<>"",INDEX(inputsgrp_gn,MATCH(Logic!$A76,inputsgrp_no,0)),""),"") | D76: =IFERROR(IF(INDEX(inputsgrp_ada,MATCH(Logic!$A76,inputsgrp_no,0))<>"",INDEX(inputsgrp_ada,MATCH(Logic!$A76,inputsgrp_no,0)),""),"") | E76: =IFERROR(IF(INDEX(inputsgrp_urinal,MATCH(Logic!$A76,inputsgrp_no,0))<>"",INDEX(inputsgrp_urinal,MATCH(Logic!$A76,inputsgrp_no,0)),""),"") | F76: =IFERROR(IF(INDEX(inputsgrp_an,MATCH(Logic!$A76,inputsgrp_no,0))<>"",INDEX(inputsgrp_an,MATCH(Logic!$A76,inputsgrp_no,0)),""),"") | G76: =IFERROR(IF(INDEX(inputsgrp_otefte,MATCH(Logic!$A76,inputsgrp_no,0))<>"",INDEX(inputsgrp_otefte,MATCH(Logic!$A76,inputsgrp_no,0)),""),"") | H76: =IF($G76<>"",IFERROR(IF('Inputs Fixture Fittings'!$D76<>"Default",'Inputs Fixture Fittings'!$E76*$G76,0.5*$G76),0),"") | I76: =IF($G76<>"",IFERROR(IF('Inputs Fixture Fittings'!$D76<>"Default",'Inputs Fixture Fittings'!$F76*$G76,0.5*$G76),0),"") | J76: =IFERROR(IF(INDEX(inputsgrp_otv,MATCH(Logic!$A76,inputsgrp_no,0))<>"",INDEX(inputsgrp_otv,MATCH(Logic!$A76,inputsgrp_no,0)),""),"") | K76: =IF($J76<>"",IFERROR(IF('Inputs Fixture Fittings'!$D76<>"Default",'Inputs Fixture Fittings'!$E76*$J76,0.5*$J76),0),"") | L76: =IF($J76<>"",IFERROR(IF('Inputs Fixture Fittings'!$D76<>"Default",'Inputs Fixture Fittings'!$F76*$J76,0.5*$J76),0),"") | M76: =IFERROR(IF(INDEX(inputsgrp_otrc,MATCH(Logic!$A76,inputsgrp_no,0))<>"",INDEX(inputsgrp_otrc,MATCH(Logic!$A76,inputsgrp_no,0)),""),"") | N76: =IF($M76<>"",IFERROR(IF('Inputs Fixture Fittings'!$D76<>"Default",'Inputs Fixture Fittings'!$E76*$M76,0.5*$M76),0),"") | O76: =IF($M76<>"",IFERROR(IF('Inputs Fixture Fittings'!$D76<>"Default",'Inputs Fixture Fittings'!$F76*$M76,0.5*$M76),0),"") | P76: =IFERROR(IF(INDEX(inputsgrp_otstud,MATCH(Logic!$A76,inputsgrp_no,0))<>"",INDEX(inputsgrp_otstud,MATCH(Logic!$A76,inputsgrp_no,0)),""),"") | Q76: =IF($P76<>"",IFERROR(IF('Inputs Fixture Fittings'!$D76<>"Default",'Inputs Fixture Fittings'!$E76*$P76,0.5*$P76),0),"") | R76: =IF($P76<>"",IFERROR(IF('Inputs Fixture Fittings'!$D76<>"Default",'Inputs Fixture Fittings'!$F76*$P76,0.5*$P76),0),"") | S76: =IFERROR(IF(INDEX(inputsgrp_otres,MATCH(Logic!$A76,inputsgrp_no,0))<>"",INDEX(inputsgrp_otres,MATCH(Logic!$A76,inputsgrp_no,0)),""),"") | T76: =IF($S76<>"",IFERROR(IF('Inputs Fixture Fittings'!$D76<>"Default",'Inputs Fixture Fittings'!$E76*$S76,0.5*$S76),0),"") | U76: =IF($S76<>"",IFERROR(IF('Inputs Fixture Fittings'!$D76<>"Default",'Inputs Fixture Fittings'!$F76*$S76,0.5*$S76),0),"") | V76: =IFERROR(IF(INDEX(inputsgrp_otot,MATCH(Logic!$A76,inputsgrp_no,0))<>"",INDEX(inputsgrp_otot,MATCH(Logic!$A76,inputsgrp_no,0)),""),"") | W76: =IF($V76<>"",IFERROR(IF('Inputs Fixture Fittings'!$D76<>"Default",'Inputs Fixture Fittings'!$E76*$V76,0.5*$V76),0),"") | X76: =IF($V76<>"",IFERROR(IF('Inputs Fixture Fittings'!$D76<>"Default",'Inputs Fixture Fittings'!$F76*$V76,0.5*$V76),0),"")
A77: 60 | B77: =IFERROR(IF(INDEX(inputsgrp_gn,MATCH(Logic!$A77,inputsgrp_no,0))<>"",INDEX(inputsgrp_gn,MATCH(Logic!$A77,inputsgrp_no,0)),""),"") | D77: =IFERROR(IF(INDEX(inputsgrp_ada,MATCH(Logic!$A77,inputsgrp_no,0))<>"",INDEX(inputsgrp_ada,MATCH(Logic!$A77,inputsgrp_no,0)),""),"") | E77: =IFERROR(IF(INDEX(inputsgrp_urinal,MATCH(Logic!$A77,inputsgrp_no,0))<>"",INDEX(inputsgrp_urinal,MATCH(Logic!$A77,inputsgrp_no,0)),""),"") | F77: =IFERROR(IF(INDEX(inputsgrp_an,MATCH(Logic!$A77,inputsgrp_no,0))<>"",INDEX(inputsgrp_an,MATCH(Logic!$A77,inputsgrp_no,0)),""),"") | G77: =IFERROR(IF(INDEX(inputsgrp_otefte,MATCH(Logic!$A77,inputsgrp_no,0))<>"",INDEX(inputsgrp_otefte,MATCH(Logic!$A77,inputsgrp_no,0)),""),"") | H77: =IF($G77<>"",IFERROR(IF('Inputs Fixture Fittings'!$D77<>"Default",'Inputs Fixture Fittings'!$E77*$G77,0.5*$G77),0),"") | I77: =IF($G77<>"",IFERROR(IF('Inputs Fixture Fittings'!$D77<>"Default",'Inputs Fixture Fittings'!$F77*$G77,0.5*$G77),0),"") | J77: =IFERROR(IF(INDEX(inputsgrp_otv,MATCH(Logic!$A77,inputsgrp_no,0))<>"",INDEX(inputsgrp_otv,MATCH(Logic!$A77,inputsgrp_no,0)),""),"") | K77: =IF($J77<>"",IFERROR(IF('Inputs Fixture Fittings'!$D77<>"Default",'Inputs Fixture Fittings'!$E77*$J77,0.5*$J77),0),"") | L77: =IF($J77<>"",IFERROR(IF('Inputs Fixture Fittings'!$D77<>"Default",'Inputs Fixture Fittings'!$F77*$J77,0.5*$J77),0),"") | M77: =IFERROR(IF(INDEX(inputsgrp_otrc,MATCH(Logic!$A77,inputsgrp_no,0))<>"",INDEX(inputsgrp_otrc,MATCH(Logic!$A77,inputsgrp_no,0)),""),"") | N77: =IF($M77<>"",IFERROR(IF('Inputs Fixture Fittings'!$D77<>"Default",'Inputs Fixture Fittings'!$E77*$M77,0.5*$M77),0),"") | O77: =IF($M77<>"",IFERROR(IF('Inputs Fixture Fittings'!$D77<>"Default",'Inputs Fixture Fittings'!$F77*$M77,0.5*$M77),0),"") | P77: =IFERROR(IF(INDEX(inputsgrp_otstud,MATCH(Logic!$A77,inputsgrp_no,0))<>"",INDEX(inputsgrp_otstud,MATCH(Logic!$A77,inputsgrp_no,0)),""),"") | Q77: =IF($P77<>"",IFERROR(IF('Inputs Fixture Fittings'!$D77<>"Default",'Inputs Fixture Fittings'!$E77*$P77,0.5*$P77),0),"") | R77: =IF($P77<>"",IFERROR(IF('Inputs Fixture Fittings'!$D77<>"Default",'Inputs Fixture Fittings'!$F77*$P77,0.5*$P77),0),"") | S77: =IFERROR(IF(INDEX(inputsgrp_otres,MATCH(Logic!$A77,inputsgrp_no,0))<>"",INDEX(inputsgrp_otres,MATCH(Logic!$A77,inputsgrp_no,0)),""),"") | T77: =IF($S77<>"",IFERROR(IF('Inputs Fixture Fittings'!$D77<>"Default",'Inputs Fixture Fittings'!$E77*$S77,0.5*$S77),0),"") | U77: =IF($S77<>"",IFERROR(IF('Inputs Fixture Fittings'!$D77<>"Default",'Inputs Fixture Fittings'!$F77*$S77,0.5*$S77),0),"") | V77: =IFERROR(IF(INDEX(inputsgrp_otot,MATCH(Logic!$A77,inputsgrp_no,0))<>"",INDEX(inputsgrp_otot,MATCH(Logic!$A77,inputsgrp_no,0)),""),"") | W77: =IF($V77<>"",IFERROR(IF('Inputs Fixture Fittings'!$D77<>"Default",'Inputs Fixture Fittings'!$E77*$V77,0.5*$V77),0),"") | X77: =IF($V77<>"",IFERROR(IF('Inputs Fixture Fittings'!$D77<>"Default",'Inputs Fixture Fittings'!$F77*$V77,0.5*$V77),0),"")
A78: 61 | B78: =IFERROR(IF(INDEX(inputsgrp_gn,MATCH(Logic!$A78,inputsgrp_no,0))<>"",INDEX(inputsgrp_gn,MATCH(Logic!$A78,inputsgrp_no,0)),""),"") | D78: =IFERROR(IF(INDEX(inputsgrp_ada,MATCH(Logic!$A78,inputsgrp_no,0))<>"",INDEX(inputsgrp_ada,MATCH(Logic!$A78,inputsgrp_no,0)),""),"") | E78: =IFERROR(IF(INDEX(inputsgrp_urinal,MATCH(Logic!$A78,inputsgrp_no,0))<>"",INDEX(inputsgrp_urinal,MATCH(Logic!$A78,inputsgrp_no,0)),""),"") | F78: =IFERROR(IF(INDEX(inputsgrp_an,MATCH(Logic!$A78,inputsgrp_no,0))<>"",INDEX(inputsgrp_an,MATCH(Logic!$A78,inputsgrp_no,0)),""),"") | G78: =IFERROR(IF(INDEX(inputsgrp_otefte,MATCH(Logic!$A78,inputsgrp_no,0))<>"",INDEX(inputsgrp_otefte,MATCH(Logic!$A78,inputsgrp_no,0)),""),"") | H78: =IF($G78<>"",IFERROR(IF('Inputs Fixture Fittings'!$D78<>"Default",'Inputs Fixture Fittings'!$E78*$G78,0.5*$G78),0),"") | I78: =IF($G78<>"",IFERROR(IF('Inputs Fixture Fittings'!$D78<>"Default",'Inputs Fixture Fittings'!$F78*$G78,0.5*$G78),0),"") | J78: =IFERROR(IF(INDEX(inputsgrp_otv,MATCH(Logic!$A78,inputsgrp_no,0))<>"",INDEX(inputsgrp_otv,MATCH(Logic!$A78,inputsgrp_no,0)),""),"") | K78: =IF($J78<>"",IFERROR(IF('Inputs Fixture Fittings'!$D78<>"Default",'Inputs Fixture Fittings'!$E78*$J78,0.5*$J78),0),"") | L78: =IF($J78<>"",IFERROR(IF('Inputs Fixture Fittings'!$D78<>"Default",'Inputs Fixture Fittings'!$F78*$J78,0.5*$J78),0),"") | M78: =IFERROR(IF(INDEX(inputsgrp_otrc,MATCH(Logic!$A78,inputsgrp_no,0))<>"",INDEX(inputsgrp_otrc,MATCH(Logic!$A78,inputsgrp_no,0)),""),"") | N78: =IF($M78<>"",IFERROR(IF('Inputs Fixture Fittings'!$D78<>"Default",'Inputs Fixture Fittings'!$E78*$M78,0.5*$M78),0),"") | O78: =IF($M78<>"",IFERROR(IF('Inputs Fixture Fittings'!$D78<>"Default",'Inputs Fixture Fittings'!$F78*$M78,0.5*$M78),0),"") | P78: =IFERROR(IF(INDEX(inputsgrp_otstud,MATCH(Logic!$A78,inputsgrp_no,0))<>"",INDEX(inputsgrp_otstud,MATCH(Logic!$A78,inputsgrp_no,0)),""),"") | Q78: =IF($P78<>"",IFERROR(IF('Inputs Fixture Fittings'!$D78<>"Default",'Inputs Fixture Fittings'!$E78*$P78,0.5*$P78),0),"") | R78: =IF($P78<>"",IFERROR(IF('Inputs Fixture Fittings'!$D78<>"Default",'Inputs Fixture Fittings'!$F78*$P78,0.5*$P78),0),"") | S78: =IFERROR(IF(INDEX(inputsgrp_otres,MATCH(Logic!$A78,inputsgrp_no,0))<>"",INDEX(inputsgrp_otres,MATCH(Logic!$A78,inputsgrp_no,0)),""),"") | T78: =IF($S78<>"",IFERROR(IF('Inputs Fixture Fittings'!$D78<>"Default",'Inputs Fixture Fittings'!$E78*$S78,0.5*$S78),0),"") | U78: =IF($S78<>"",IFERROR(IF('Inputs Fixture Fittings'!$D78<>"Default",'Inputs Fixture Fittings'!$F78*$S78,0.5*$S78),0),"") | V78: =IFERROR(IF(INDEX(inputsgrp_otot,MATCH(Logic!$A78,inputsgrp_no,0))<>"",INDEX(inputsgrp_otot,MATCH(Logic!$A78,inputsgrp_no,0)),""),"") | W78: =IF($V78<>"",IFERROR(IF('Inputs Fixture Fittings'!$D78<>"Default",'Inputs Fixture Fittings'!$E78*$V78,0.5*$V78),0),"") | X78: =IF($V78<>"",IFERROR(IF('Inputs Fixture Fittings'!$D78<>"Default",'Inputs Fixture Fittings'!$F78*$V78,0.5*$V78),0),"")
A79: 62 | B79: =IFERROR(IF(INDEX(inputsgrp_gn,MATCH(Logic!$A79,inputsgrp_no,0))<>"",INDEX(inputsgrp_gn,MATCH(Logic!$A79,inputsgrp_no,0)),""),"") | D79: =IFERROR(IF(INDEX(inputsgrp_ada,MATCH(Logic!$A79,inputsgrp_no,0))<>"",INDEX(inputsgrp_ada,MATCH(Logic!$A79,inputsgrp_no,0)),""),"") | E79: =IFERROR(IF(INDEX(inputsgrp_urinal,MATCH(Logic!$A79,inputsgrp_no,0))<>"",INDEX(inputsgrp_urinal,MATCH(Logic!$A79,inputsgrp_no,0)),""),"") | F79: =IFERROR(IF(INDEX(inputsgrp_an,MATCH(Logic!$A79,inputsgrp_no,0))<>"",INDEX(inputsgrp_an,MATCH(Logic!$A79,inputsgrp_no,0)),""),"") | G79: =IFERROR(IF(INDEX(inputsgrp_otefte,MATCH(Logic!$A79,inputsgrp_no,0))<>"",INDEX(inputsgrp_otefte,MATCH(Logic!$A79,inputsgrp_no,0)),""),"") | H79: =IF($G79<>"",IFERROR(IF('Inputs Fixture Fittings'!$D79<>"Default",'Inputs Fixture Fittings'!$E79*$G79,0.5*$G79),0),"") | I79: =IF($G79<>"",IFERROR(IF('Inputs Fixture Fittings'!$D79<>"Default",'Inputs Fixture Fittings'!$F79*$G79,0.5*$G79),0),"") | J79: =IFERROR(IF(INDEX(inputsgrp_otv,MATCH(Logic!$A79,inputsgrp_no,0))<>"",INDEX(inputsgrp_otv,MATCH(Logic!$A79,inputsgrp_no,0)),""),"") | K79: =IF($J79<>"",IFERROR(IF('Inputs Fixture Fittings'!$D79<>"Default",'Inputs Fixture Fittings'!$E79*$J79,0.5*$J79),0),"") | L79: =IF($J79<>"",IFERROR(IF('Inputs Fixture Fittings'!$D79<>"Default",'Inputs Fixture Fittings'!$F79*$J79,0.5*$J79),0),"") | M79: =IFERROR(IF(INDEX(inputsgrp_otrc,MATCH(Logic!$A79,inputsgrp_no,0))<>"",INDEX(inputsgrp_otrc,MATCH(Logic!$A79,inputsgrp_no,0)),""),"") | N79: =IF($M79<>"",IFERROR(IF('Inputs Fixture Fittings'!$D79<>"Default",'Inputs Fixture Fittings'!$E79*$M79,0.5*$M79),0),"") | O79: =IF($M79<>"",IFERROR(IF('Inputs Fixture Fittings'!$D79<>"Default",'Inputs Fixture Fittings'!$F79*$M79,0.5*$M79),0),"") | P79: =IFERROR(IF(INDEX(inputsgrp_otstud,MATCH(Logic!$A79,inputsgrp_no,0))<>"",INDEX(inputsgrp_otstud,MATCH(Logic!$A79,inputsgrp_no,0)),""),"") | Q79: =IF($P79<>"",IFERROR(IF('Inputs Fixture Fittings'!$D79<>"Default",'Inputs Fixture Fittings'!$E79*$P79,0.5*$P79),0),"") | R79: =IF($P79<>"",IFERROR(IF('Inputs Fixture Fittings'!$D79<>"Default",'Inputs Fixture Fittings'!$F79*$P79,0.5*$P79),0),"") | S79: =IFERROR(IF(INDEX(inputsgrp_otres,MATCH(Logic!$A79,inputsgrp_no,0))<>"",INDEX(inputsgrp_otres,MATCH(Logic!$A79,inputsgrp_no,0)),""),"") | T79: =IF($S79<>"",IFERROR(IF('Inputs Fixture Fittings'!$D79<>"Default",'Inputs Fixture Fittings'!$E79*$S79,0.5*$S79),0),"") | U79: =IF($S79<>"",IFERROR(IF('Inputs Fixture Fittings'!$D79<>"Default",'Inputs Fixture Fittings'!$F79*$S79,0.5*$S79),0),"") | V79: =IFERROR(IF(INDEX(inputsgrp_otot,MATCH(Logic!$A79,inputsgrp_no,0))<>"",INDEX(inputsgrp_otot,MATCH(Logic!$A79,inputsgrp_no,0)),""),"") | W79: =IF($V79<>"",IFERROR(IF('Inputs Fixture Fittings'!$D79<>"Default",'Inputs Fixture Fittings'!$E79*$V79,0.5*$V79),0),"") | X79: =IF($V79<>"",IFERROR(IF('Inputs Fixture Fittings'!$D79<>"Default",'Inputs Fixture Fittings'!$F79*$V79,0.5*$V79),0),"")
... A87: 70 | B87: =IFERROR(IF(INDEX(inputsgrp_gn,MATCH(Logic!$A87,inputsgrp_no,0))<>"",INDEX(inputsgrp_gn,MATCH(Logic!$A87,inputsgrp_no,0)),""),"") | D87: =IFERROR(IF(INDEX(inputsgrp_ada,MATCH(Logic!$A87,inputsgrp_no,0))<>"",INDEX(inputsgrp_ada,MATCH(Logic!$A87,inputsgrp_no,0)),""),"") | E87: =IFERROR(IF(INDEX(inputsgrp_urinal,MATCH(Logic!$A87,inputsgrp_no,0))<>"",INDEX(inputsgrp_urinal,MATCH(Logic!$A87,inputsgrp_no,0)),""),"") | F87: =IFERROR(IF(INDEX(inputsgrp_an,MATCH(Logic!$A87,inputsgrp_no,0))<>"",INDEX(inputsgrp_an,MATCH(Logic!$A87,inputsgrp_no,0)),""),"") | G87: =IFERROR(IF(INDEX(inputsgrp_otefte,MATCH(Logic!$A87,inputsgrp_no,0))<>"",INDEX(inputsgrp_otefte,MATCH(Logic!$A87,inputsgrp_no,0)),""),"") | H87: =IF($G87<>"",IFERROR(IF('Inputs Fixture Fittings'!$D87<>"Default",'Inputs Fixture Fittings'!$E87*$G87,0.5*$G87),0),"") | I87: =IF($G87<>"",IFERROR(IF('Inputs Fixture Fittings'!$D87<>"Default",'Inputs Fixture Fittings'!$F87*$G87,0.5*$G87),0),"") | J87: =IFERROR(IF(INDEX(inputsgrp_otv,MATCH(Logic!$A87,inputsgrp_no,0))<>"",INDEX(inputsgrp_otv,MATCH(Logic!$A87,inputsgrp_no,0)),""),"") | K87: =IF($J87<>"",IFERROR(IF('Inputs Fixture Fittings'!$D87<>"Default",'Inputs Fixture Fittings'!$E87*$J87,0.5*$J87),0),"") | L87: =IF($J87<>"",IFERROR(IF('Inputs Fixture Fittings'!$D87<>"Default",'Inputs Fixture Fittings'!$F87*$J87,0.5*$J87),0),"") | M87: =IFERROR(IF(INDEX(inputsgrp_otrc,MATCH(Logic!$A87,inputsgrp_no,0))<>"",INDEX(inputsgrp_otrc,MATCH(Logic!$A87,inputsgrp_no,0)),""),"") | N87: =IF($M87<>"",IFERROR(IF('Inputs Fixture Fittings'!$D87<>"Default",'Inputs Fixture Fittings'!$E87*$M87,0.5*$M87),0),"") | O87: =IF($M87<>"",IFERROR(IF('Inputs Fixture Fittings'!$D87<>"Default",'Inputs Fixture Fittings'!$F87*$M87,0.5*$M87),0),"") | P87: =IFERROR(IF(INDEX(inputsgrp_otstud,MATCH(Logic!$A87,inputsgrp_no,0))<>"",INDEX(inputsgrp_otstud,MATCH(Logic!$A87,inputsgrp_no,0)),""),"") | Q87: =IF($P87<>"",IFERROR(IF('Inputs Fixture Fittings'!$D87<>"Default",'Inputs Fixture Fittings'!$E87*$P87,0.5*$P87),0),"") | R87: =IF($P87<>"",IFERROR(IF('Inputs Fixture Fittings'!$D87<>"Default",'Inputs Fixture Fittings'!$F87*$P87,0.5*$P87),0),"") | S87: =IFERROR(IF(INDEX(inputsgrp_otres,MATCH(Logic!$A87,inputsgrp_no,0))<>"",INDEX(inputsgrp_otres,MATCH(Logic!$A87,inputsgrp_no,0)),""),"") | T87: =IF($S87<>"",IFERROR(IF('Inputs Fixture Fittings'!$D87<>"Default",'Inputs Fixture Fittings'!$E87*$S87,0.5*$S87),0),"") | U87: =IF($S87<>"",IFERROR(IF('Inputs Fixture Fittings'!$D87<>"Default",'Inputs Fixture Fittings'!$F87*$S87,0.5*$S87),0),"") | V87: =IFERROR(IF(INDEX(inputsgrp_otot,MATCH(Logic!$A87,inputsgrp_no,0))<>"",INDEX(inputsgrp_otot,MATCH(Logic!$A87,inputsgrp_no,0)),""),"") | W87: =IF($V87<>"",IFERROR(IF('Inputs Fixture Fittings'!$D87<>"Default",'Inputs Fixture Fittings'!$E87*$V87,0.5*$V87),0),"") | X87: =IF($V87<>"",IFERROR(IF('Inputs Fixture Fittings'!$D87<>"Default",'Inputs Fixture Fittings'!$F87*$V87,0.5*$V87),0),"")
Y88: Click + to left for additional rows
A89: 71 | B89: =IFERROR(IF(INDEX(inputsgrp_gn,MATCH(Logic!$A89,inputsgrp_no,0))<>"",INDEX(inputsgrp_gn,MATCH(Logic!$A89,inputsgrp_no,0)),""),"") | D89: =IFERROR(IF(INDEX(inputsgrp_ada,MATCH(Logic!$A89,inputsgrp_no,0))<>"",INDEX(inputsgrp_ada,MATCH(Logic!$A89,inputsgrp_no,0)),""),"") | E89: =IFERROR(IF(INDEX(inputsgrp_urinal,MATCH(Logic!$A89,inputsgrp_no,0))<>"",INDEX(inputsgrp_urinal,MATCH(Logic!$A89,inputsgrp_no,0)),""),"") | F89: =IFERROR(IF(INDEX(inputsgrp_an,MATCH(Logic!$A89,inputsgrp_no,0))<>"",INDEX(inputsgrp_an,MATCH(Logic!$A89,inputsgrp_no,0)),""),"") | G89: =IFERROR(IF(INDEX(inputsgrp_otefte,MATCH(Logic!$A89,inputsgrp_no,0))<>"",INDEX(inputsgrp_otefte,MATCH(Logic!$A89,inputsgrp_no,0)),""),"") | H89: =IF($G89<>"",IFERROR(IF('Inputs Fixture Fittings'!$D89<>"Default",'Inputs Fixture Fittings'!$E89*$G89,0.5*$G89),0),"") | I89: =IF($G89<>"",IFERROR(IF('Inputs Fixture Fittings'!$D89<>"Default",'Inputs Fixture Fittings'!$F89*$G89,0.5*$G89),0),"") | J89: =IFERROR(IF(INDEX(inputsgrp_otv,MATCH(Logic!$A89,inputsgrp_no,0))<>"",INDEX(inputsgrp_otv,MATCH(Logic!$A89,inputsgrp_no,0)),""),"") | K89: =IF($J89<>"",IFERROR(IF('Inputs Fixture Fittings'!$D89<>"Default",'Inputs Fixture Fittings'!$E89*$J89,0.5*$J89),0),"") | L89: =IF($J89<>"",IFERROR(IF('Inputs Fixture Fittings'!$D89<>"Default",'Inputs Fixture Fittings'!$F89*$J89,0.5*$J89),0),"") | M89: =IFERROR(IF(INDEX(inputsgrp_otrc,MATCH(Logic!$A89,inputsgrp_no,0))<>"",INDEX(inputsgrp_otrc,MATCH(Logic!$A89,inputsgrp_no,0)),""),"") | N89: =IF($M89<>"",IFERROR(IF('Inputs Fixture Fittings'!$D89<>"Default",'Inputs Fixture Fittings'!$E89*$M89,0.5*$M89),0),"") | O89: =IF($M89<>"",IFERROR(IF('Inputs Fixture Fittings'!$D89<>"Default",'Inputs Fixture Fittings'!$F89*$M89,0.5*$M89),0),"") | P89: =IFERROR(IF(INDEX(inputsgrp_otstud,MATCH(Logic!$A89,inputsgrp_no,0))<>"",INDEX(inputsgrp_otstud,MATCH(Logic!$A89,inputsgrp_no,0)),""),"") | Q89: =IF($P89<>"",IFERROR(IF('Inputs Fixture Fittings'!$D89<>"Default",'Inputs Fixture Fittings'!$E89*$P89,0.5*$P89),0),"") | R89: =IF($P89<>"",IFERROR(IF('Inputs Fixture Fittings'!$D89<>"Default",'Inputs Fixture Fittings'!$F89*$P89,0.5*$P89),0),"") | S89: =IFERROR(IF(INDEX(inputsgrp_otres,MATCH(Logic!$A89,inputsgrp_no,0))<>"",INDEX(inputsgrp_otres,MATCH(Logic!$A89,inputsgrp_no,0)),""),"") | T89: =IF($S89<>"",IFERROR(IF('Inputs Fixture Fittings'!$D89<>"Default",'Inputs Fixture Fittings'!$E89*$S89,0.5*$S89),0),"") | U89: =IF($S89<>"",IFERROR(IF('Inputs Fixture Fittings'!$D89<>"Default",'Inputs Fixture Fittings'!$F89*$S89,0.5*$S89),0),"") | V89: =IFERROR(IF(INDEX(inputsgrp_otot,MATCH(Logic!$A89,inputsgrp_no,0))<>"",INDEX(inputsgrp_otot,MATCH(Logic!$A89,inputsgrp_no,0)),""),"") | W89: =IF($V89<>"",IFERROR(IF('Inputs Fixture Fittings'!$D89<>"Default",'Inputs Fixture Fittings'!$E89*$V89,0.5*$V89),0),"") | X89: =IF($V89<>"",IFERROR(IF('Inputs Fixture Fittings'!$D89<>"Default",'Inputs Fixture Fittings'!$F89*$V89,0.5*$V89),0),"")
A90: 72 | B90: =IFERROR(IF(INDEX(inputsgrp_gn,MATCH(Logic!$A90,inputsgrp_no,0))<>"",INDEX(inputsgrp_gn,MATCH(Logic!$A90,inputsgrp_no,0)),""),"") | D90: =IFERROR(IF(INDEX(inputsgrp_ada,MATCH(Logic!$A90,inputsgrp_no,0))<>"",INDEX(inputsgrp_ada,MATCH(Logic!$A90,inputsgrp_no,0)),""),"") | E90: =IFERROR(IF(INDEX(inputsgrp_urinal,MATCH(Logic!$A90,inputsgrp_no,0))<>"",INDEX(inputsgrp_urinal,MATCH(Logic!$A90,inputsgrp_no,0)),""),"") | F90: =IFERROR(IF(INDEX(inputsgrp_an,MATCH(Logic!$A90,inputsgrp_no,0))<>"",INDEX(inputsgrp_an,MATCH(Logic!$A90,inputsgrp_no,0)),""),"") | G90: =IFERROR(IF(INDEX(inputsgrp_otefte,MATCH(Logic!$A90,inputsgrp_no,0))<>"",INDEX(inputsgrp_otefte,MATCH(Logic!$A90,inputsgrp_no,0)),""),"") | H90: =IF($G90<>"",IFERROR(IF('Inputs Fixture Fittings'!$D90<>"Default",'Inputs Fixture Fittings'!$E90*$G90,0.5*$G90),0),"") | I90: =IF($G90<>"",IFERROR(IF('Inputs Fixture Fittings'!$D90<>"Default",'Inputs Fixture Fittings'!$F90*$G90,0.5*$G90),0),"") | J90: =IFERROR(IF(INDEX(inputsgrp_otv,MATCH(Logic!$A90,inputsgrp_no,0))<>"",INDEX(inputsgrp_otv,MATCH(Logic!$A90,inputsgrp_no,0)),""),"") | K90: =IF($J90<>"",IFERROR(IF('Inputs Fixture Fittings'!$D90<>"Default",'Inputs Fixture Fittings'!$E90*$J90,0.5*$J90),0),"") | L90: =IF($J90<>"",IFERROR(IF('Inputs Fixture Fittings'!$D90<>"Default",'Inputs Fixture Fittings'!$F90*$J90,0.5*$J90),0),"") | M90: =IFERROR(IF(INDEX(inputsgrp_otrc,MATCH(Logic!$A90,inputsgrp_no,0))<>"",INDEX(inputsgrp_otrc,MATCH(Logic!$A90,inputsgrp_no,0)),""),"") | N90: =IF($M90<>"",IFERROR(IF('Inputs Fixture Fittings'!$D90<>"Default",'Inputs Fixture Fittings'!$E90*$M90,0.5*$M90),0),"") | O90: =IF($M90<>"",IFERROR(IF('Inputs Fixture Fittings'!$D90<>"Default",'Inputs Fixture Fittings'!$F90*$M90,0.5*$M90),0),"") | P90: =IFERROR(IF(INDEX(inputsgrp_otstud,MATCH(Logic!$A90,inputsgrp_no,0))<>"",INDEX(inputsgrp_otstud,MATCH(Logic!$A90,inputsgrp_no,0)),""),"") | Q90: =IF($P90<>"",IFERROR(IF('Inputs Fixture Fittings'!$D90<>"Default",'Inputs Fixture Fittings'!$E90*$P90,0.5*$P90),0),"") | R90: =IF($P90<>"",IFERROR(IF('Inputs Fixture Fittings'!$D90<>"Default",'Inputs Fixture Fittings'!$F90*$P90,0.5*$P90),0),"") | S90: =IFERROR(IF(INDEX(inputsgrp_otres,MATCH(Logic!$A90,inputsgrp_no,0))<>"",INDEX(inputsgrp_otres,MATCH(Logic!$A90,inputsgrp_no,0)),""),"") | T90: =IF($S90<>"",IFERROR(IF('Inputs Fixture Fittings'!$D90<>"Default",'Inputs Fixture Fittings'!$E90*$S90,0.5*$S90),0),"") | U90: =IF($S90<>"",IFERROR(IF('Inputs Fixture Fittings'!$D90<>"Default",'Inputs Fixture Fittings'!$F90*$S90,0.5*$S90),0),"") | V90: =IFERROR(IF(INDEX(inputsgrp_otot,MATCH(Logic!$A90,inputsgrp_no,0))<>"",INDEX(inputsgrp_otot,MATCH(Logic!$A90,inputsgrp_no,0)),""),"") | W90: =IF($V90<>"",IFERROR(IF('Inputs Fixture Fittings'!$D90<>"Default",'Inputs Fixture Fittings'!$E90*$V90,0.5*$V90),0),"") | X90: =IF($V90<>"",IFERROR(IF('Inputs Fixture Fittings'!$D90<>"Default",'Inputs Fixture Fittings'!$F90*$V90,0.5*$V90),0),"")
A91: 73 | B91: =IFERROR(IF(INDEX(inputsgrp_gn,MATCH(Logic!$A91,inputsgrp_no,0))<>"",INDEX(inputsgrp_gn,MATCH(Logic!$A91,inputsgrp_no,0)),""),"") | D91: =IFERROR(IF(INDEX(inputsgrp_ada,MATCH(Logic!$A91,inputsgrp_no,0))<>"",INDEX(inputsgrp_ada,MATCH(Logic!$A91,inputsgrp_no,0)),""),"") | E91: =IFERROR(IF(INDEX(inputsgrp_urinal,MATCH(Logic!$A91,inputsgrp_no,0))<>"",INDEX(inputsgrp_urinal,MATCH(Logic!$A91,inputsgrp_no,0)),""),"") | F91: =IFERROR(IF(INDEX(inputsgrp_an,MATCH(Logic!$A91,inputsgrp_no,0))<>"",INDEX(inputsgrp_an,MATCH(Logic!$A91,inputsgrp_no,0)),""),"") | G91: =IFERROR(IF(INDEX(inputsgrp_otefte,MATCH(Logic!$A91,inputsgrp_no,0))<>"",INDEX(inputsgrp_otefte,MATCH(Logic!$A91,inputsgrp_no,0)),""),"") | H91: =IF($G91<>"",IFERROR(IF('Inputs Fixture Fittings'!$D91<>"Default",'Inputs Fixture Fittings'!$E91*$G91,0.5*$G91),0),"") | I91: =IF($G91<>"",IFERROR(IF('Inputs Fixture Fittings'!$D91<>"Default",'Inputs Fixture Fittings'!$F91*$G91,0.5*$G91),0),"") | J91: =IFERROR(IF(INDEX(inputsgrp_otv,MATCH(Logic!$A91,inputsgrp_no,0))<>"",INDEX(inputsgrp_otv,MATCH(Logic!$A91,inputsgrp_no,0)),""),"") | K91: =IF($J91<>"",IFERROR(IF('Inputs Fixture Fittings'!$D91<>"Default",'Inputs Fixture Fittings'!$E91*$J91,0.5*$J91),0),"") | L91: =IF($J91<>"",IFERROR(IF('Inputs Fixture Fittings'!$D91<>"Default",'Inputs Fixture Fittings'!$F91*$J91,0.5*$J91),0),"") | M91: =IFERROR(IF(INDEX(inputsgrp_otrc,MATCH(Logic!$A91,inputsgrp_no,0))<>"",INDEX(inputsgrp_otrc,MATCH(Logic!$A91,inputsgrp_no,0)),""),"") | N91: =IF($M91<>"",IFERROR(IF('Inputs Fixture Fittings'!$D91<>"Default",'Inputs Fixture Fittings'!$E91*$M91,0.5*$M91),0),"") | O91: =IF($M91<>"",IFERROR(IF('Inputs Fixture Fittings'!$D91<>"Default",'Inputs Fixture Fittings'!$F91*$M91,0.5*$M91),0),"") | P91: =IFERROR(IF(INDEX(inputsgrp_otstud,MATCH(Logic!$A91,inputsgrp_no,0))<>"",INDEX(inputsgrp_otstud,MATCH(Logic!$A91,inputsgrp_no,0)),""),"") | Q91: =IF($P91<>"",IFERROR(IF('Inputs Fixture Fittings'!$D91<>"Default",'Inputs Fixture Fittings'!$E91*$P91,0.5*$P91),0),"") | R91: =IF($P91<>"",IFERROR(IF('Inputs Fixture Fittings'!$D91<>"Default",'Inputs Fixture Fittings'!$F91*$P91,0.5*$P91),0),"") | S91: =IFERROR(IF(INDEX(inputsgrp_otres,MATCH(Logic!$A91,inputsgrp_no,0))<>"",INDEX(inputsgrp_otres,MATCH(Logic!$A91,inputsgrp_no,0)),""),"") | T91: =IF($S91<>"",IFERROR(IF('Inputs Fixture Fittings'!$D91<>"Default",'Inputs Fixture Fittings'!$E91*$S91,0.5*$S91),0),"") | U91: =IF($S91<>"",IFERROR(IF('Inputs Fixture Fittings'!$D91<>"Default",'Inputs Fixture Fittings'!$F91*$S91,0.5*$S91),0),"") | V91: =IFERROR(IF(INDEX(inputsgrp_otot,MATCH(Logic!$A91,inputsgrp_no,0))<>"",INDEX(inputsgrp_otot,MATCH(Logic!$A91,inputsgrp_no,0)),""),"") | W91: =IF($V91<>"",IFERROR(IF('Inputs Fixture Fittings'!$D91<>"Default",'Inputs Fixture Fittings'!$E91*$V91,0.5*$V91),0),"") | X91: =IF($V91<>"",IFERROR(IF('Inputs Fixture Fittings'!$D91<>"Default",'Inputs Fixture Fittings'!$F91*$V91,0.5*$V91),0),"")
A92: 74 | B92: =IFERROR(IF(INDEX(inputsgrp_gn,MATCH(Logic!$A92,inputsgrp_no,0))<>"",INDEX(inputsgrp_gn,MATCH(Logic!$A92,inputsgrp_no,0)),""),"") | D92: =IFERROR(IF(INDEX(inputsgrp_ada,MATCH(Logic!$A92,inputsgrp_no,0))<>"",INDEX(inputsgrp_ada,MATCH(Logic!$A92,inputsgrp_no,0)),""),"") | E92: =IFERROR(IF(INDEX(inputsgrp_urinal,MATCH(Logic!$A92,inputsgrp_no,0))<>"",INDEX(inputsgrp_urinal,MATCH(Logic!$A92,inputsgrp_no,0)),""),"") | F92: =IFERROR(IF(INDEX(inputsgrp_an,MATCH(Logic!$A92,inputsgrp_no,0))<>"",INDEX(inputsgrp_an,MATCH(Logic!$A92,inputsgrp_no,0)),""),"") | G92: =IFERROR(IF(INDEX(inputsgrp_otefte,MATCH(Logic!$A92,inputsgrp_no,0))<>"",INDEX(inputsgrp_otefte,MATCH(Logic!$A92,inputsgrp_no,0)),""),"") | H92: =IF($G92<>"",IFERROR(IF('Inputs Fixture Fittings'!$D92<>"Default",'Inputs Fixture Fittings'!$E92*$G92,0.5*$G92),0),"") | I92: =IF($G92<>"",IFERROR(IF('Inputs Fixture Fittings'!$D92<>"Default",'Inputs Fixture Fittings'!$F92*$G92,0.5*$G92),0),"") | J92: =IFERROR(IF(INDEX(inputsgrp_otv,MATCH(Logic!$A92,inputsgrp_no,0))<>"",INDEX(inputsgrp_otv,MATCH(Logic!$A92,inputsgrp_no,0)),""),"") | K92: =IF($J92<>"",IFERROR(IF('Inputs Fixture Fittings'!$D92<>"Default",'Inputs Fixture Fittings'!$E92*$J92,0.5*$J92),0),"") | L92: =IF($J92<>"",IFERROR(IF('Inputs Fixture Fittings'!$D92<>"Default",'Inputs Fixture Fittings'!$F92*$J92,0.5*$J92),0),"") | M92: =IFERROR(IF(INDEX(inputsgrp_otrc,MATCH(Logic!$A92,inputsgrp_no,0))<>"",INDEX(inputsgrp_otrc,MATCH(Logic!$A92,inputsgrp_no,0)),""),"") | N92: =IF($M92<>"",IFERROR(IF('Inputs Fixture Fittings'!$D92<>"Default",'Inputs Fixture Fittings'!$E92*$M92,0.5*$M92),0),"") | O92: =IF($M92<>"",IFERROR(IF('Inputs Fixture Fittings'!$D92<>"Default",'Inputs Fixture Fittings'!$F92*$M92,0.5*$M92),0),"") | P92: =IFERROR(IF(INDEX(inputsgrp_otstud,MATCH(Logic!$A92,inputsgrp_no,0))<>"",INDEX(inputsgrp_otstud,MATCH(Logic!$A92,inputsgrp_no,0)),""),"") | Q92: =IF($P92<>"",IFERROR(IF('Inputs Fixture Fittings'!$D92<>"Default",'Inputs Fixture Fittings'!$E92*$P92,0.5*$P92),0),"") | R92: =IF($P92<>"",IFERROR(IF('Inputs Fixture Fittings'!$D92<>"Default",'Inputs Fixture Fittings'!$F92*$P92,0.5*$P92),0),"") | S92: =IFERROR(IF(INDEX(inputsgrp_otres,MATCH(Logic!$A92,inputsgrp_no,0))<>"",INDEX(inputsgrp_otres,MATCH(Logic!$A92,inputsgrp_no,0)),""),"") | T92: =IF($S92<>"",IFERROR(IF('Inputs Fixture Fittings'!$D92<>"Default",'Inputs Fixture Fittings'!$E92*$S92,0.5*$S92),0),"") | U92: =IF($S92<>"",IFERROR(IF('Inputs Fixture Fittings'!$D92<>"Default",'Inputs Fixture Fittings'!$F92*$S92,0.5*$S92),0),"") | V92: =IFERROR(IF(INDEX(inputsgrp_otot,MATCH(Logic!$A92,inputsgrp_no,0))<>"",INDEX(inputsgrp_otot,MATCH(Logic!$A92,inputsgrp_no,0)),""),"") | W92: =IF($V92<>"",IFERROR(IF('Inputs Fixture Fittings'!$D92<>"Default",'Inputs Fixture Fittings'!$E92*$V92,0.5*$V92),0),"") | X92: =IF($V92<>"",IFERROR(IF('Inputs Fixture Fittings'!$D92<>"Default",'Inputs Fixture Fittings'!$F92*$V92,0.5*$V92),0),"")
A93: 75 | B93: =IFERROR(IF(INDEX(inputsgrp_gn,MATCH(Logic!$A93,inputsgrp_no,0))<>"",INDEX(inputsgrp_gn,MATCH(Logic!$A93,inputsgrp_no,0)),""),"") | D93: =IFERROR(IF(INDEX(inputsgrp_ada,MATCH(Logic!$A93,inputsgrp_no,0))<>"",INDEX(inputsgrp_ada,MATCH(Logic!$A93,inputsgrp_no,0)),""),"") | E93: =IFERROR(IF(INDEX(inputsgrp_urinal,MATCH(Logic!$A93,inputsgrp_no,0))<>"",INDEX(inputsgrp_urinal,MATCH(Logic!$A93,inputsgrp_no,0)),""),"") | F93: =IFERROR(IF(INDEX(inputsgrp_an,MATCH(Logic!$A93,inputsgrp_no,0))<>"",INDEX(inputsgrp_an,MATCH(Logic!$A93,inputsgrp_no,0)),""),"") | G93: =IFERROR(IF(INDEX(inputsgrp_otefte,MATCH(Logic!$A93,inputsgrp_no,0))<>"",INDEX(inputsgrp_otefte,MATCH(Logic!$A93,inputsgrp_no,0)),""),"") | H93: =IF($G93<>"",IFERROR(IF('Inputs Fixture Fittings'!$D93<>"Default",'Inputs Fixture Fittings'!$E93*$G93,0.5*$G93),0),"") | I93: =IF($G93<>"",IFERROR(IF('Inputs Fixture Fittings'!$D93<>"Default",'Inputs Fixture Fittings'!$F93*$G93,0.5*$G93),0),"") | J93: =IFERROR(IF(INDEX(inputsgrp_otv,MATCH(Logic!$A93,inputsgrp_no,0))<>"",INDEX(inputsgrp_otv,MATCH(Logic!$A93,inputsgrp_no,0)),""),"") | K93: =IF($J93<>"",IFERROR(IF('Inputs Fixture Fittings'!$D93<>"Default",'Inputs Fixture Fittings'!$E93*$J93,0.5*$J93),0),"") | L93: =IF($J93<>"",IFERROR(IF('Inputs Fixture Fittings'!$D93<>"Default",'Inputs Fixture Fittings'!$F93*$J93,0.5*$J93),0),"") | M93: =IFERROR(IF(INDEX(inputsgrp_otrc,MATCH(Logic!$A93,inputsgrp_no,0))<>"",INDEX(inputsgrp_otrc,MATCH(Logic!$A93,inputsgrp_no,0)),""),"") | N93: =IF($M93<>"",IFERROR(IF('Inputs Fixture Fittings'!$D93<>"Default",'Inputs Fixture Fittings'!$E93*$M93,0.5*$M93),0),"") | O93: =IF($M93<>"",IFERROR(IF('Inputs Fixture Fittings'!$D93<>"Default",'Inputs Fixture Fittings'!$F93*$M93,0.5*$M93),0),"") | P93: =IFERROR(IF(INDEX(inputsgrp_otstud,MATCH(Logic!$A93,inputsgrp_no,0))<>"",INDEX(inputsgrp_otstud,MATCH(Logic!$A93,inputsgrp_no,0)),""),"") | Q93: =IF($P93<>"",IFERROR(IF('Inputs Fixture Fittings'!$D93<>"Default",'Inputs Fixture Fittings'!$E93*$P93,0.5*$P93),0),"") | R93: =IF($P93<>"",IFERROR(IF('Inputs Fixture Fittings'!$D93<>"Default",'Inputs Fixture Fittings'!$F93*$P93,0.5*$P93),0),"") | S93: =IFERROR(IF(INDEX(inputsgrp_otres,MATCH(Logic!$A93,inputsgrp_no,0))<>"",INDEX(inputsgrp_otres,MATCH(Logic!$A93,inputsgrp_no,0)),""),"") | T93: =IF($S93<>"",IFERROR(IF('Inputs Fixture Fittings'!$D93<>"Default",'Inputs Fixture Fittings'!$E93*$S93,0.5*$S93),0),"") | U93: =IF($S93<>"",IFERROR(IF('Inputs Fixture Fittings'!$D93<>"Default",'Inputs Fixture Fittings'!$F93*$S93,0.5*$S93),0),"") | V93: =IFERROR(IF(INDEX(inputsgrp_otot,MATCH(Logic!$A93,inputsgrp_no,0))<>"",INDEX(inputsgrp_otot,MATCH(Logic!$A93,inputsgrp_no,0)),""),"") | W93: =IF($V93<>"",IFERROR(IF('Inputs Fixture Fittings'!$D93<>"Default",'Inputs Fixture Fittings'!$E93*$V93,0.5*$V93),0),"") | X93: =IF($V93<>"",IFERROR(IF('Inputs Fixture Fittings'!$D93<>"Default",'Inputs Fixture Fittings'!$F93*$V93,0.5*$V93),0),"")
A94: 76 | B94: =IFERROR(IF(INDEX(inputsgrp_gn,MATCH(Logic!$A94,inputsgrp_no,0))<>"",INDEX(inputsgrp_gn,MATCH(Logic!$A94,inputsgrp_no,0)),""),"") | D94: =IFERROR(IF(INDEX(inputsgrp_ada,MATCH(Logic!$A94,inputsgrp_no,0))<>"",INDEX(inputsgrp_ada,MATCH(Logic!$A94,inputsgrp_no,0)),""),"") | E94: =IFERROR(IF(INDEX(inputsgrp_urinal,MATCH(Logic!$A94,inputsgrp_no,0))<>"",INDEX(inputsgrp_urinal,MATCH(Logic!$A94,inputsgrp_no,0)),""),"") | F94: =IFERROR(IF(INDEX(inputsgrp_an,MATCH(Logic!$A94,inputsgrp_no,0))<>"",INDEX(inputsgrp_an,MATCH(Logic!$A94,inputsgrp_no,0)),""),"") | G94: =IFERROR(IF(INDEX(inputsgrp_otefte,MATCH(Logic!$A94,inputsgrp_no,0))<>"",INDEX(inputsgrp_otefte,MATCH(Logic!$A94,inputsgrp_no,0)),""),"") | H94: =IF($G94<>"",IFERROR(IF('Inputs Fixture Fittings'!$D94<>"Default",'Inputs Fixture Fittings'!$E94*$G94,0.5*$G94),0),"") | I94: =IF($G94<>"",IFERROR(IF('Inputs Fixture Fittings'!$D94<>"Default",'Inputs Fixture Fittings'!$F94*$G94,0.5*$G94),0),"") | J94: =IFERROR(IF(INDEX(inputsgrp_otv,MATCH(Logic!$A94,inputsgrp_no,0))<>"",INDEX(inputsgrp_otv,MATCH(Logic!$A94,inputsgrp_no,0)),""),"") | K94: =IF($J94<>"",IFERROR(IF('Inputs Fixture Fittings'!$D94<>"Default",'Inputs Fixture Fittings'!$E94*$J94,0.5*$J94),0),"") | L94: =IF($J94<>"",IFERROR(IF('Inputs Fixture Fittings'!$D94<>"Default",'Inputs Fixture Fittings'!$F94*$J94,0.5*$J94),0),"") | M94: =IFERROR(IF(INDEX(inputsgrp_otrc,MATCH(Logic!$A94,inputsgrp_no,0))<>"",INDEX(inputsgrp_otrc,MATCH(Logic!$A94,inputsgrp_no,0)),""),"") | N94: =IF($M94<>"",IFERROR(IF('Inputs Fixture Fittings'!$D94<>"Default",'Inputs Fixture Fittings'!$E94*$M94,0.5*$M94),0),"") | O94: =IF($M94<>"",IFERROR(IF('Inputs Fixture Fittings'!$D94<>"Default",'Inputs Fixture Fittings'!$F94*$M94,0.5*$M94),0),"") | P94: =IFERROR(IF(INDEX(inputsgrp_otstud,MATCH(Logic!$A94,inputsgrp_no,0))<>"",INDEX(inputsgrp_otstud,MATCH(Logic!$A94,inputsgrp_no,0)),""),"") | Q94: =IF($P94<>"",IFERROR(IF('Inputs Fixture Fittings'!$D94<>"Default",'Inputs Fixture Fittings'!$E94*$P94,0.5*$P94),0),"") | R94: =IF($P94<>"",IFERROR(IF('Inputs Fixture Fittings'!$D94<>"Default",'Inputs Fixture Fittings'!$F94*$P94,0.5*$P94),0),"") | S94: =IFERROR(IF(INDEX(inputsgrp_otres,MATCH(Logic!$A94,inputsgrp_no,0))<>"",INDEX(inputsgrp_otres,MATCH(Logic!$A94,inputsgrp_no,0)),""),"") | T94: =IF($S94<>"",IFERROR(IF('Inputs Fixture Fittings'!$D94<>"Default",'Inputs Fixture Fittings'!$E94*$S94,0.5*$S94),0),"") | U94: =IF($S94<>"",IFERROR(IF('Inputs Fixture Fittings'!$D94<>"Default",'Inputs Fixture Fittings'!$F94*$S94,0.5*$S94),0),"") | V94: =IFERROR(IF(INDEX(inputsgrp_otot,MATCH(Logic!$A94,inputsgrp_no,0))<>"",INDEX(inputsgrp_otot,MATCH(Logic!$A94,inputsgrp_no,0)),""),"") | W94: =IF($V94<>"",IFERROR(IF('Inputs Fixture Fittings'!$D94<>"Default",'Inputs Fixture Fittings'!$E94*$V94,0.5*$V94),0),"") | X94: =IF($V94<>"",IFERROR(IF('Inputs Fixture Fittings'!$D94<>"Default",'Inputs Fixture Fittings'!$F94*$V94,0.5*$V94),0),"")
A95: 77 | B95: =IFERROR(IF(INDEX(inputsgrp_gn,MATCH(Logic!$A95,inputsgrp_no,0))<>"",INDEX(inputsgrp_gn,MATCH(Logic!$A95,inputsgrp_no,0)),""),"") | D95: =IFERROR(IF(INDEX(inputsgrp_ada,MATCH(Logic!$A95,inputsgrp_no,0))<>"",INDEX(inputsgrp_ada,MATCH(Logic!$A95,inputsgrp_no,0)),""),"") | E95: =IFERROR(IF(INDEX(inputsgrp_urinal,MATCH(Logic!$A95,inputsgrp_no,0))<>"",INDEX(inputsgrp_urinal,MATCH(Logic!$A95,inputsgrp_no,0)),""),"") | F95: =IFERROR(IF(INDEX(inputsgrp_an,MATCH(Logic!$A95,inputsgrp_no,0))<>"",INDEX(inputsgrp_an,MATCH(Logic!$A95,inputsgrp_no,0)),""),"") | G95: =IFERROR(IF(INDEX(inputsgrp_otefte,MATCH(Logic!$A95,inputsgrp_no,0))<>"",INDEX(inputsgrp_otefte,MATCH(Logic!$A95,inputsgrp_no,0)),""),"") | H95: =IF($G95<>"",IFERROR(IF('Inputs Fixture Fittings'!$D95<>"Default",'Inputs Fixture Fittings'!$E95*$G95,0.5*$G95),0),"") | I95: =IF($G95<>"",IFERROR(IF('Inputs Fixture Fittings'!$D95<>"Default",'Inputs Fixture Fittings'!$F95*$G95,0.5*$G95),0),"") | J95: =IFERROR(IF(INDEX(inputsgrp_otv,MATCH(Logic!$A95,inputsgrp_no,0))<>"",INDEX(inputsgrp_otv,MATCH(Logic!$A95,inputsgrp_no,0)),""),"") | K95: =IF($J95<>"",IFERROR(IF('Inputs Fixture Fittings'!$D95<>"Default",'Inputs Fixture Fittings'!$E95*$J95,0.5*$J95),0),"") | L95: =IF($J95<>"",IFERROR(IF('Inputs Fixture Fittings'!$D95<>"Default",'Inputs Fixture Fittings'!$F95*$J95,0.5*$J95),0),"") | M95: =IFERROR(IF(INDEX(inputsgrp_otrc,MATCH(Logic!$A95,inputsgrp_no,0))<>"",INDEX(inputsgrp_otrc,MATCH(Logic!$A95,inputsgrp_no,0)),""),"") | N95: =IF($M95<>"",IFERROR(IF('Inputs Fixture Fittings'!$D95<>"Default",'Inputs Fixture Fittings'!$E95*$M95,0.5*$M95),0),"") | O95: =IF($M95<>"",IFERROR(IF('Inputs Fixture Fittings'!$D95<>"Default",'Inputs Fixture Fittings'!$F95*$M95,0.5*$M95),0),"") | P95: =IFERROR(IF(INDEX(inputsgrp_otstud,MATCH(Logic!$A95,inputsgrp_no,0))<>"",INDEX(inputsgrp_otstud,MATCH(Logic!$A95,inputsgrp_no,0)),""),"") | Q95: =IF($P95<>"",IFERROR(IF('Inputs Fixture Fittings'!$D95<>"Default",'Inputs Fixture Fittings'!$E95*$P95,0.5*$P95),0),"") | R95: =IF($P95<>"",IFERROR(IF('Inputs Fixture Fittings'!$D95<>"Default",'Inputs Fixture Fittings'!$F95*$P95,0.5*$P95),0),"") | S95: =IFERROR(IF(INDEX(inputsgrp_otres,MATCH(Logic!$A95,inputsgrp_no,0))<>"",INDEX(inputsgrp_otres,MATCH(Logic!$A95,inputsgrp_no,0)),""),"") | T95: =IF($S95<>"",IFERROR(IF('Inputs Fixture Fittings'!$D95<>"Default",'Inputs Fixture Fittings'!$E95*$S95,0.5*$S95),0),"") | U95: =IF($S95<>"",IFERROR(IF('Inputs Fixture Fittings'!$D95<>"Default",'Inputs Fixture Fittings'!$F95*$S95,0.5*$S95),0),"") | V95: =IFERROR(IF(INDEX(inputsgrp_otot,MATCH(Logic!$A95,inputsgrp_no,0))<>"",INDEX(inputsgrp_otot,MATCH(Logic!$A95,inputsgrp_no,0)),""),"") | W95: =IF($V95<>"",IFERROR(IF('Inputs Fixture Fittings'!$D95<>"Default",'Inputs Fixture Fittings'!$E95*$V95,0.5*$V95),0),"") | X95: =IF($V95<>"",IFERROR(IF('Inputs Fixture Fittings'!$D95<>"Default",'Inputs Fixture Fittings'!$F95*$V95,0.5*$V95),0),"")
A96: 78 | B96: =IFERROR(IF(INDEX(inputsgrp_gn,MATCH(Logic!$A96,inputsgrp_no,0))<>"",INDEX(inputsgrp_gn,MATCH(Logic!$A96,inputsgrp_no,0)),""),"") | D96: =IFERROR(IF(INDEX(inputsgrp_ada,MATCH(Logic!$A96,inputsgrp_no,0))<>"",INDEX(inputsgrp_ada,MATCH(Logic!$A96,inputsgrp_no,0)),""),"") | E96: =IFERROR(IF(INDEX(inputsgrp_urinal,MATCH(Logic!$A96,inputsgrp_no,0))<>"",INDEX(inputsgrp_urinal,MATCH(Logic!$A96,inputsgrp_no,0)),""),"") | F96: =IFERROR(IF(INDEX(inputsgrp_an,MATCH(Logic!$A96,inputsgrp_no,0))<>"",INDEX(inputsgrp_an,MATCH(Logic!$A96,inputsgrp_no,0)),""),"") | G96: =IFERROR(IF(INDEX(inputsgrp_otefte,MATCH(Logic!$A96,inputsgrp_no,0))<>"",INDEX(inputsgrp_otefte,MATCH(Logic!$A96,inputsgrp_no,0)),""),"") | H96: =IF($G96<>"",IFERROR(IF('Inputs Fixture Fittings'!$D96<>"Default",'Inputs Fixture Fittings'!$E96*$G96,0.5*$G96),0),"") | I96: =IF($G96<>"",IFERROR(IF('Inputs Fixture Fittings'!$D96<>"Default",'Inputs Fixture Fittings'!$F96*$G96,0.5*$G96),0),"") | J96: =IFERROR(IF(INDEX(inputsgrp_otv,MATCH(Logic!$A96,inputsgrp_no,0))<>"",INDEX(inputsgrp_otv,MATCH(Logic!$A96,inputsgrp_no,0)),""),"") | K96: =IF($J96<>"",IFERROR(IF('Inputs Fixture Fittings'!$D96<>"Default",'Inputs Fixture Fittings'!$E96*$J96,0.5*$J96),0),"") | L96: =IF($J96<>"",IFERROR(IF('Inputs Fixture Fittings'!$D96<>"Default",'Inputs Fixture Fittings'!$F96*$J96,0.5*$J96),0),"") | M96: =IFERROR(IF(INDEX(inputsgrp_otrc,MATCH(Logic!$A96,inputsgrp_no,0))<>"",INDEX(inputsgrp_otrc,MATCH(Logic!$A96,inputsgrp_no,0)),""),"") | N96: =IF($M96<>"",IFERROR(IF('Inputs Fixture Fittings'!$D96<>"Default",'Inputs Fixture Fittings'!$E96*$M96,0.5*$M96),0),"") | O96: =IF($M96<>"",IFERROR(IF('Inputs Fixture Fittings'!$D96<>"Default",'Inputs Fixture Fittings'!$F96*$M96,0.5*$M96),0),"") | P96: =IFERROR(IF(INDEX(inputsgrp_otstud,MATCH(Logic!$A96,inputsgrp_no,0))<>"",INDEX(inputsgrp_otstud,MATCH(Logic!$A96,inputsgrp_no,0)),""),"") | Q96: =IF($P96<>"",IFERROR(IF('Inputs Fixture Fittings'!$D96<>"Default",'Inputs Fixture Fittings'!$E96*$P96,0.5*$P96),0),"") | R96: =IF($P96<>"",IFERROR(IF('Inputs Fixture Fittings'!$D96<>"Default",'Inputs Fixture Fittings'!$F96*$P96,0.5*$P96),0),"") | S96: =IFERROR(IF(INDEX(inputsgrp_otres,MATCH(Logic!$A96,inputsgrp_no,0))<>"",INDEX(inputsgrp_otres,MATCH(Logic!$A96,inputsgrp_no,0)),""),"") | T96: =IF($S96<>"",IFERROR(IF('Inputs Fixture Fittings'!$D96<>"Default",'Inputs Fixture Fittings'!$E96*$S96,0.5*$S96),0),"") | U96: =IF($S96<>"",IFERROR(IF('Inputs Fixture Fittings'!$D96<>"Default",'Inputs Fixture Fittings'!$F96*$S96,0.5*$S96),0),"") | V96: =IFERROR(IF(INDEX(inputsgrp_otot,MATCH(Logic!$A96,inputsgrp_no,0))<>"",INDEX(inputsgrp_otot,MATCH(Logic!$A96,inputsgrp_no,0)),""),"") | W96: =IF($V96<>"",IFERROR(IF('Inputs Fixture Fittings'!$D96<>"Default",'Inputs Fixture Fittings'!$E96*$V96,0.5*$V96),0),"") | X96: =IF($V96<>"",IFERROR(IF('Inputs Fixture Fittings'!$D96<>"Default",'Inputs Fixture Fittings'!$F96*$V96,0.5*$V96),0),"")
A97: 79 | B97: =IFERROR(IF(INDEX(inputsgrp_gn,MATCH(Logic!$A97,inputsgrp_no,0))<>"",INDEX(inputsgrp_gn,MATCH(Logic!$A97,inputsgrp_no,0)),""),"") | D97: =IFERROR(IF(INDEX(inputsgrp_ada,MATCH(Logic!$A97,inputsgrp_no,0))<>"",INDEX(inputsgrp_ada,MATCH(Logic!$A97,inputsgrp_no,0)),""),"") | E97: =IFERROR(IF(INDEX(inputsgrp_urinal,MATCH(Logic!$A97,inputsgrp_no,0))<>"",INDEX(inputsgrp_urinal,MATCH(Logic!$A97,inputsgrp_no,0)),""),"") | F97: =IFERROR(IF(INDEX(inputsgrp_an,MATCH(Logic!$A97,inputsgrp_no,0))<>"",INDEX(inputsgrp_an,MATCH(Logic!$A97,inputsgrp_no,0)),""),"") | G97: =IFERROR(IF(INDEX(inputsgrp_otefte,MATCH(Logic!$A97,inputsgrp_no,0))<>"",INDEX(inputsgrp_otefte,MATCH(Logic!$A97,inputsgrp_no,0)),""),"") | H97: =IF($G97<>"",IFERROR(IF('Inputs Fixture Fittings'!$D97<>"Default",'Inputs Fixture Fittings'!$E97*$G97,0.5*$G97),0),"") | I97: =IF($G97<>"",IFERROR(IF('Inputs Fixture Fittings'!$D97<>"Default",'Inputs Fixture Fittings'!$F97*$G97,0.5*$G97),0),"") | J97: =IFERROR(IF(INDEX(inputsgrp_otv,MATCH(Logic!$A97,inputsgrp_no,0))<>"",INDEX(inputsgrp_otv,MATCH(Logic!$A97,inputsgrp_no,0)),""),"") | K97: =IF($J97<>"",IFERROR(IF('Inputs Fixture Fittings'!$D97<>"Default",'Inputs Fixture Fittings'!$E97*$J97,0.5*$J97),0),"") | L97: =IF($J97<>"",IFERROR(IF('Inputs Fixture Fittings'!$D97<>"Default",'Inputs Fixture Fittings'!$F97*$J97,0.5*$J97),0),"") | M97: =IFERROR(IF(INDEX(inputsgrp_otrc,MATCH(Logic!$A97,inputsgrp_no,0))<>"",INDEX(inputsgrp_otrc,MATCH(Logic!$A97,inputsgrp_no,0)),""),"") | N97: =IF($M97<>"",IFERROR(IF('Inputs Fixture Fittings'!$D97<>"Default",'Inputs Fixture Fittings'!$E97*$M97,0.5*$M97),0),"") | O97: =IF($M97<>"",IFERROR(IF('Inputs Fixture Fittings'!$D97<>"Default",'Inputs Fixture Fittings'!$F97*$M97,0.5*$M97),0),"") | P97: =IFERROR(IF(INDEX(inputsgrp_otstud,MATCH(Logic!$A97,inputsgrp_no,0))<>"",INDEX(inputsgrp_otstud,MATCH(Logic!$A97,inputsgrp_no,0)),""),"") | Q97: =IF($P97<>"",IFERROR(IF('Inputs Fixture Fittings'!$D97<>"Default",'Inputs Fixture Fittings'!$E97*$P97,0.5*$P97),0),"") | R97: =IF($P97<>"",IFERROR(IF('Inputs Fixture Fittings'!$D97<>"Default",'Inputs Fixture Fittings'!$F97*$P97,0.5*$P97),0),"") | S97: =IFERROR(IF(INDEX(inputsgrp_otres,MATCH(Logic!$A97,inputsgrp_no,0))<>"",INDEX(inputsgrp_otres,MATCH(Logic!$A97,inputsgrp_no,0)),""),"") | T97: =IF($S97<>"",IFERROR(IF('Inputs Fixture Fittings'!$D97<>"Default",'Inputs Fixture Fittings'!$E97*$S97,0.5*$S97),0),"") | U97: =IF($S97<>"",IFERROR(IF('Inputs Fixture Fittings'!$D97<>"Default",'Inputs Fixture Fittings'!$F97*$S97,0.5*$S97),0),"") | V97: =IFERROR(IF(INDEX(inputsgrp_otot,MATCH(Logic!$A97,inputsgrp_no,0))<>"",INDEX(inputsgrp_otot,MATCH(Logic!$A97,inputsgrp_no,0)),""),"") | W97: =IF($V97<>"",IFERROR(IF('Inputs Fixture Fittings'!$D97<>"Default",'Inputs Fixture Fittings'!$E97*$V97,0.5*$V97),0),"") | X97: =IF($V97<>"",IFERROR(IF('Inputs Fixture Fittings'!$D97<>"Default",'Inputs Fixture Fittings'!$F97*$V97,0.5*$V97),0),"")
A98: 80 | B98: =IFERROR(IF(INDEX(inputsgrp_gn,MATCH(Logic!$A98,inputsgrp_no,0))<>"",INDEX(inputsgrp_gn,MATCH(Logic!$A98,inputsgrp_no,0)),""),"") | D98: =IFERROR(IF(INDEX(inputsgrp_ada,MATCH(Logic!$A98,inputsgrp_no,0))<>"",INDEX(inputsgrp_ada,MATCH(Logic!$A98,inputsgrp_no,0)),""),"") | E98: =IFERROR(IF(INDEX(inputsgrp_urinal,MATCH(Logic!$A98,inputsgrp_no,0))<>"",INDEX(inputsgrp_urinal,MATCH(Logic!$A98,inputsgrp_no,0)),""),"") | F98: =IFERROR(IF(INDEX(inputsgrp_an,MATCH(Logic!$A98,inputsgrp_no,0))<>"",INDEX(inputsgrp_an,MATCH(Logic!$A98,inputsgrp_no,0)),""),"") | G98: =IFERROR(IF(INDEX(inputsgrp_otefte,MATCH(Logic!$A98,inputsgrp_no,0))<>"",INDEX(inputsgrp_otefte,MATCH(Logic!$A98,inputsgrp_no,0)),""),"") | H98: =IF($G98<>"",IFERROR(IF('Inputs Fixture Fittings'!$D98<>"Default",'Inputs Fixture Fittings'!$E98*$G98,0.5*$G98),0),"") | I98: =IF($G98<>"",IFERROR(IF('Inputs Fixture Fittings'!$D98<>"Default",'Inputs Fixture Fittings'!$F98*$G98,0.5*$G98),0),"") | J98: =IFERROR(IF(INDEX(inputsgrp_otv,MATCH(Logic!$A98,inputsgrp_no,0))<>"",INDEX(inputsgrp_otv,MATCH(Logic!$A98,inputsgrp_no,0)),""),"") | K98: =IF($J98<>"",IFERROR(IF('Inputs Fixture Fittings'!$D98<>"Default",'Inputs Fixture Fittings'!$E98*$J98,0.5*$J98),0),"") | L98: =IF($J98<>"",IFERROR(IF('Inputs Fixture Fittings'!$D98<>"Default",'Inputs Fixture Fittings'!$F98*$J98,0.5*$J98),0),"") | M98: =IFERROR(IF(INDEX(inputsgrp_otrc,MATCH(Logic!$A98,inputsgrp_no,0))<>"",INDEX(inputsgrp_otrc,MATCH(Logic!$A98,inputsgrp_no,0)),""),"") | N98: =IF($M98<>"",IFERROR(IF('Inputs Fixture Fittings'!$D98<>"Default",'Inputs Fixture Fittings'!$E98*$M98,0.5*$M98),0),"") | O98: =IF($M98<>"",IFERROR(IF('Inputs Fixture Fittings'!$D98<>"Default",'Inputs Fixture Fittings'!$F98*$M98,0.5*$M98),0),"") | P98: =IFERROR(IF(INDEX(inputsgrp_otstud,MATCH(Logic!$A98,inputsgrp_no,0))<>"",INDEX(inputsgrp_otstud,MATCH(Logic!$A98,inputsgrp_no,0)),""),"") | Q98: =IF($P98<>"",IFERROR(IF('Inputs Fixture Fittings'!$D98<>"Default",'Inputs Fixture Fittings'!$E98*$P98,0.5*$P98),0),"") | R98: =IF($P98<>"",IFERROR(IF('Inputs Fixture Fittings'!$D98<>"Default",'Inputs Fixture Fittings'!$F98*$P98,0.5*$P98),0),"") | S98: =IFERROR(IF(INDEX(inputsgrp_otres,MATCH(Logic!$A98,inputsgrp_no,0))<>"",INDEX(inputsgrp_otres,MATCH(Logic!$A98,inputsgrp_no,0)),""),"") | T98: =IF($S98<>"",IFERROR(IF('Inputs Fixture Fittings'!$D98<>"Default",'Inputs Fixture Fittings'!$E98*$S98,0.5*$S98),0),"") | U98: =IF($S98<>"",IFERROR(IF('Inputs Fixture Fittings'!$D98<>"Default",'Inputs Fixture Fittings'!$F98*$S98,0.5*$S98),0),"") | V98: =IFERROR(IF(INDEX(inputsgrp_otot,MATCH(Logic!$A98,inputsgrp_no,0))<>"",INDEX(inputsgrp_otot,MATCH(Logic!$A98,inputsgrp_no,0)),""),"") | W98: =IF($V98<>"",IFERROR(IF('Inputs Fixture Fittings'!$D98<>"Default",'Inputs Fixture Fittings'!$E98*$V98,0.5*$V98),0),"") | X98: =IF($V98<>"",IFERROR(IF('Inputs Fixture Fittings'!$D98<>"Default",'Inputs Fixture Fittings'!$F98*$V98,0.5*$V98),0),"")
A99: 81 | B99: =IFERROR(IF(INDEX(inputsgrp_gn,MATCH(Logic!$A99,inputsgrp_no,0))<>"",INDEX(inputsgrp_gn,MATCH(Logic!$A99,inputsgrp_no,0)),""),"") | D99: =IFERROR(IF(INDEX(inputsgrp_ada,MATCH(Logic!$A99,inputsgrp_no,0))<>"",INDEX(inputsgrp_ada,MATCH(Logic!$A99,inputsgrp_no,0)),""),"") | E99: =IFERROR(IF(INDEX(inputsgrp_urinal,MATCH(Logic!$A99,inputsgrp_no,0))<>"",INDEX(inputsgrp_urinal,MATCH(Logic!$A99,inputsgrp_no,0)),""),"") | F99: =IFERROR(IF(INDEX(inputsgrp_an,MATCH(Logic!$A99,inputsgrp_no,0))<>"",INDEX(inputsgrp_an,MATCH(Logic!$A99,inputsgrp_no,0)),""),"") | G99: =IFERROR(IF(INDEX(inputsgrp_otefte,MATCH(Logic!$A99,inputsgrp_no,0))<>"",INDEX(inputsgrp_otefte,MATCH(Logic!$A99,inputsgrp_no,0)),""),"") | H99: =IF($G99<>"",IFERROR(IF('Inputs Fixture Fittings'!$D99<>"Default",'Inputs Fixture Fittings'!$E99*$G99,0.5*$G99),0),"") | I99: =IF($G99<>"",IFERROR(IF('Inputs Fixture Fittings'!$D99<>"Default",'Inputs Fixture Fittings'!$F99*$G99,0.5*$G99),0),"") | J99: =IFERROR(IF(INDEX(inputsgrp_otv,MATCH(Logic!$A99,inputsgrp_no,0))<>"",INDEX(inputsgrp_otv,MATCH(Logic!$A99,inputsgrp_no,0)),""),"") | K99: =IF($J99<>"",IFERROR(IF('Inputs Fixture Fittings'!$D99<>"Default",'Inputs Fixture Fittings'!$E99*$J99,0.5*$J99),0),"") | L99: =IF($J99<>"",IFERROR(IF('Inputs Fixture Fittings'!$D99<>"Default",'Inputs Fixture Fittings'!$F99*$J99,0.5*$J99),0),"") | M99: =IFERROR(IF(INDEX(inputsgrp_otrc,MATCH(Logic!$A99,inputsgrp_no,0))<>"",INDEX(inputsgrp_otrc,MATCH(Logic!$A99,inputsgrp_no,0)),""),"") | N99: =IF($M99<>"",IFERROR(IF('Inputs Fixture Fittings'!$D99<>"Default",'Inputs Fixture Fittings'!$E99*$M99,0.5*$M99),0),"") | O99: =IF($M99<>"",IFERROR(IF('Inputs Fixture Fittings'!$D99<>"Default",'Inputs Fixture Fittings'!$F99*$M99,0.5*$M99),0),"") | P99: =IFERROR(IF(INDEX(inputsgrp_otstud,MATCH(Logic!$A99,inputsgrp_no,0))<>"",INDEX(inputsgrp_otstud,MATCH(Logic!$A99,inputsgrp_no,0)),""),"") | Q99: =IF($P99<>"",IFERROR(IF('Inputs Fixture Fittings'!$D99<>"Default",'Inputs Fixture Fittings'!$E99*$P99,0.5*$P99),0),"") | R99: =IF($P99<>"",IFERROR(IF('Inputs Fixture Fittings'!$D99<>"Default",'Inputs Fixture Fittings'!$F99*$P99,0.5*$P99),0),"") | S99: =IFERROR(IF(INDEX(inputsgrp_otres,MATCH(Logic!$A99,inputsgrp_no,0))<>"",INDEX(inputsgrp_otres,MATCH(Logic!$A99,inputsgrp_no,0)),""),"") | T99: =IF($S99<>"",IFERROR(IF('Inputs Fixture Fittings'!$D99<>"Default",'Inputs Fixture Fittings'!$E99*$S99,0.5*$S99),0),"") | U99: =IF($S99<>"",IFERROR(IF('Inputs Fixture Fittings'!$D99<>"Default",'Inputs Fixture Fittings'!$F99*$S99,0.5*$S99),0),"") | V99: =IFERROR(IF(INDEX(inputsgrp_otot,MATCH(Logic!$A99,inputsgrp_no,0))<>"",INDEX(inputsgrp_otot,MATCH(Logic!$A99,inputsgrp_no,0)),""),"") | W99: =IF($V99<>"",IFERROR(IF('Inputs Fixture Fittings'!$D99<>"Default",'Inputs Fixture Fittings'!$E99*$V99,0.5*$V99),0),"") | X99: =IF($V99<>"",IFERROR(IF('Inputs Fixture Fittings'!$D99<>"Default",'Inputs Fixture Fittings'!$F99*$V99,0.5*$V99),0),"")
A100: 82 | B100: =IFERROR(IF(INDEX(inputsgrp_gn,MATCH(Logic!$A100,inputsgrp_no,0))<>"",INDEX(inputsgrp_gn,MATCH(Logic!$A100,inputsgrp_no,0)),""),"") | D100: =IFERROR(IF(INDEX(inputsgrp_ada,MATCH(Logic!$A100,inputsgrp_no,0))<>"",INDEX(inputsgrp_ada,MATCH(Logic!$A100,inputsgrp_no,0)),""),"") | E100: =IFERROR(IF(INDEX(inputsgrp_urinal,MATCH(Logic!$A100,inputsgrp_no,0))<>"",INDEX(inputsgrp_urinal,MATCH(Logic!$A100,inputsgrp_no,0)),""),"") | F100: =IFERROR(IF(INDEX(inputsgrp_an,MATCH(Logic!$A100,inputsgrp_no,0))<>"",INDEX(inputsgrp_an,MATCH(Logic!$A100,inputsgrp_no,0)),""),"") | G100: =IFERROR(IF(INDEX(inputsgrp_otefte,MATCH(Logic!$A100,inputsgrp_no,0))<>"",INDEX(inputsgrp_otefte,MATCH(Logic!$A100,inputsgrp_no,0)),""),"") | H100: =IF($G100<>"",IFERROR(IF('Inputs Fixture Fittings'!$D100<>"Default",'Inputs Fixture Fittings'!$E100*$G100,0.5*$G100),0),"") | I100: =IF($G100<>"",IFERROR(IF('Inputs Fixture Fittings'!$D100<>"Default",'Inputs Fixture Fittings'!$F100*$G100,0.5*$G100),0),"") | J100: =IFERROR(IF(INDEX(inputsgrp_otv,MATCH(Logic!$A100,inputsgrp_no,0))<>"",INDEX(inputsgrp_otv,MATCH(Logic!$A100,inputsgrp_no,0)),""),"") | K100: =IF($J100<>"",IFERROR(IF('Inputs Fixture Fittings'!$D100<>"Default",'Inputs Fixture Fittings'!$E100*$J100,0.5*$J100),0),"") | L100: =IF($J100<>"",IFERROR(IF('Inputs Fixture Fittings'!$D100<>"Default",'Inputs Fixture Fittings'!$F100*$J100,0.5*$J100),0),"") | M100: =IFERROR(IF(INDEX(inputsgrp_otrc,MATCH(Logic!$A100,inputsgrp_no,0))<>"",INDEX(inputsgrp_otrc,MATCH(Logic!$A100,inputsgrp_no,0)),""),"") | N100: =IF($M100<>"",IFERROR(IF('Inputs Fixture Fittings'!$D100<>"Default",'Inputs Fixture Fittings'!$E100*$M100,0.5*$M100),0),"") | O100: =IF($M100<>"",IFERROR(IF('Inputs Fixture Fittings'!$D100<>"Default",'Inputs Fixture Fittings'!$F100*$M100,0.5*$M100),0),"") | P100: =IFERROR(IF(INDEX(inputsgrp_otstud,MATCH(Logic!$A100,inputsgrp_no,0))<>"",INDEX(inputsgrp_otstud,MATCH(Logic!$A100,inputsgrp_no,0)),""),"") | Q100: =IF($P100<>"",IFERROR(IF('Inputs Fixture Fittings'!$D100<>"Default",'Inputs Fixture Fittings'!$E100*$P100,0.5*$P100),0),"") | R100: =IF($P100<>"",IFERROR(IF('Inputs Fixture Fittings'!$D100<>"Default",'Inputs Fixture Fittings'!$F100*$P100,0.5*$P100),0),"") | S100: =IFERROR(IF(INDEX(inputsgrp_otres,MATCH(Logic!$A100,inputsgrp_no,0))<>"",INDEX(inputsgrp_otres,MATCH(Logic!$A100,inputsgrp_no,0)),""),"") | T100: =IF($S100<>"",IFERROR(IF('Inputs Fixture Fittings'!$D100<>"Default",'Inputs Fixture Fittings'!$E100*$S100,0.5*$S100),0),"") | U100: =IF($S100<>"",IFERROR(IF('Inputs Fixture Fittings'!$D100<>"Default",'Inputs Fixture Fittings'!$F100*$S100,0.5*$S100),0),"") | V100: =IFERROR(IF(INDEX(inputsgrp_otot,MATCH(Logic!$A100,inputsgrp_no,0))<>"",INDEX(inputsgrp_otot,MATCH(Logic!$A100,inputsgrp_no,0)),""),"") | W100: =IF($V100<>"",IFERROR(IF('Inputs Fixture Fittings'!$D100<>"Default",'Inputs Fixture Fittings'!$E100*$V100,0.5*$V100),0),"") | X100: =IF($V100<>"",IFERROR(IF('Inputs Fixture Fittings'!$D100<>"Default",'Inputs Fixture Fittings'!$F100*$V100,0.5*$V100),0),"")
... A108: 90 | B108: =IFERROR(IF(INDEX(inputsgrp_gn,MATCH(Logic!$A108,inputsgrp_no,0))<>"",INDEX(inputsgrp_gn,MATCH(Logic!$A108,inputsgrp_no,0)),""),"") | D108: =IFERROR(IF(INDEX(inputsgrp_ada,MATCH(Logic!$A108,inputsgrp_no,0))<>"",INDEX(inputsgrp_ada,MATCH(Logic!$A108,inputsgrp_no,0)),""),"") | E108: =IFERROR(IF(INDEX(inputsgrp_urinal,MATCH(Logic!$A108,inputsgrp_no,0))<>"",INDEX(inputsgrp_urinal,MATCH(Logic!$A108,inputsgrp_no,0)),""),"") | F108: =IFERROR(IF(INDEX(inputsgrp_an,MATCH(Logic!$A108,inputsgrp_no,0))<>"",INDEX(inputsgrp_an,MATCH(Logic!$A108,inputsgrp_no,0)),""),"") | G108: =IFERROR(IF(INDEX(inputsgrp_otefte,MATCH(Logic!$A108,inputsgrp_no,0))<>"",INDEX(inputsgrp_otefte,MATCH(Logic!$A108,inputsgrp_no,0)),""),"") | H108: =IF($G108<>"",IFERROR(IF('Inputs Fixture Fittings'!$D108<>"Default",'Inputs Fixture Fittings'!$E108*$G108,0.5*$G108),0),"") | I108: =IF($G108<>"",IFERROR(IF('Inputs Fixture Fittings'!$D108<>"Default",'Inputs Fixture Fittings'!$F108*$G108,0.5*$G108),0),"") | J108: =IFERROR(IF(INDEX(inputsgrp_otv,MATCH(Logic!$A108,inputsgrp_no,0))<>"",INDEX(inputsgrp_otv,MATCH(Logic!$A108,inputsgrp_no,0)),""),"") | K108: =IF($J108<>"",IFERROR(IF('Inputs Fixture Fittings'!$D108<>"Default",'Inputs Fixture Fittings'!$E108*$J108,0.5*$J108),0),"") | L108: =IF($J108<>"",IFERROR(IF('Inputs Fixture Fittings'!$D108<>"Default",'Inputs Fixture Fittings'!$F108*$J108,0.5*$J108),0),"") | M108: =IFERROR(IF(INDEX(inputsgrp_otrc,MATCH(Logic!$A108,inputsgrp_no,0))<>"",INDEX(inputsgrp_otrc,MATCH(Logic!$A108,inputsgrp_no,0)),""),"") | N108: =IF($M108<>"",IFERROR(IF('Inputs Fixture Fittings'!$D108<>"Default",'Inputs Fixture Fittings'!$E108*$M108,0.5*$M108),0),"") | O108: =IF($M108<>"",IFERROR(IF('Inputs Fixture Fittings'!$D108<>"Default",'Inputs Fixture Fittings'!$F108*$M108,0.5*$M108),0),"") | P108: =IFERROR(IF(INDEX(inputsgrp_otstud,MATCH(Logic!$A108,inputsgrp_no,0))<>"",INDEX(inputsgrp_otstud,MATCH(Logic!$A108,inputsgrp_no,0)),""),"") | Q108: =IF($P108<>"",IFERROR(IF('Inputs Fixture Fittings'!$D108<>"Default",'Inputs Fixture Fittings'!$E108*$P108,0.5*$P108),0),"") | R108: =IF($P108<>"",IFERROR(IF('Inputs Fixture Fittings'!$D108<>"Default",'Inputs Fixture Fittings'!$F108*$P108,0.5*$P108),0),"") | S108: =IFERROR(IF(INDEX(inputsgrp_otres,MATCH(Logic!$A108,inputsgrp_no,0))<>"",INDEX(inputsgrp_otres,MATCH(Logic!$A108,inputsgrp_no,0)),""),"") | T108: =IF($S108<>"",IFERROR(IF('Inputs Fixture Fittings'!$D108<>"Default",'Inputs Fixture Fittings'!$E108*$S108,0.5*$S108),0),"") | U108: =IF($S108<>"",IFERROR(IF('Inputs Fixture Fittings'!$D108<>"Default",'Inputs Fixture Fittings'!$F108*$S108,0.5*$S108),0),"") | V108: =IFERROR(IF(INDEX(inputsgrp_otot,MATCH(Logic!$A108,inputsgrp_no,0))<>"",INDEX(inputsgrp_otot,MATCH(Logic!$A108,inputsgrp_no,0)),""),"") | W108: =IF($V108<>"",IFERROR(IF('Inputs Fixture Fittings'!$D108<>"Default",'Inputs Fixture Fittings'!$E108*$V108,0.5*$V108),0),"") | X108: =IF($V108<>"",IFERROR(IF('Inputs Fixture Fittings'!$D108<>"Default",'Inputs Fixture Fittings'!$F108*$V108,0.5*$V108),0),"")
Y109: Click + to left for additional rows
A110: 91 | B110: =IFERROR(IF(INDEX(inputsgrp_gn,MATCH(Logic!$A110,inputsgrp_no,0))<>"",INDEX(inputsgrp_gn,MATCH(Logic!$A110,inputsgrp_no,0)),""),"") | D110: =IFERROR(IF(INDEX(inputsgrp_ada,MATCH(Logic!$A110,inputsgrp_no,0))<>"",INDEX(inputsgrp_ada,MATCH(Logic!$A110,inputsgrp_no,0)),""),"") | E110: =IFERROR(IF(INDEX(inputsgrp_urinal,MATCH(Logic!$A110,inputsgrp_no,0))<>"",INDEX(inputsgrp_urinal,MATCH(Logic!$A110,inputsgrp_no,0)),""),"") | F110: =IFERROR(IF(INDEX(inputsgrp_an,MATCH(Logic!$A110,inputsgrp_no,0))<>"",INDEX(inputsgrp_an,MATCH(Logic!$A110,inputsgrp_no,0)),""),"") | G110: =IFERROR(IF(INDEX(inputsgrp_otefte,MATCH(Logic!$A110,inputsgrp_no,0))<>"",INDEX(inputsgrp_otefte,MATCH(Logic!$A110,inputsgrp_no,0)),""),"") | H110: =IF($G110<>"",IFERROR(IF('Inputs Fixture Fittings'!$D110<>"Default",'Inputs Fixture Fittings'!$E110*$G110,0.5*$G110),0),"") | I110: =IF($G110<>"",IFERROR(IF('Inputs Fixture Fittings'!$D110<>"Default",'Inputs Fixture Fittings'!$F110*$G110,0.5*$G110),0),"") | J110: =IFERROR(IF(INDEX(inputsgrp_otv,MATCH(Logic!$A110,inputsgrp_no,0))<>"",INDEX(inputsgrp_otv,MATCH(Logic!$A110,inputsgrp_no,0)),""),"") | K110: =IF($J110<>"",IFERROR(IF('Inputs Fixture Fittings'!$D110<>"Default",'Inputs Fixture Fittings'!$E110*$J110,0.5*$J110),0),"") | L110: =IF($J110<>"",IFERROR(IF('Inputs Fixture Fittings'!$D110<>"Default",'Inputs Fixture Fittings'!$F110*$J110,0.5*$J110),0),"") | M110: =IFERROR(IF(INDEX(inputsgrp_otrc,MATCH(Logic!$A110,inputsgrp_no,0))<>"",INDEX(inputsgrp_otrc,MATCH(Logic!$A110,inputsgrp_no,0)),""),"") | N110: =IF($M110<>"",IFERROR(IF('Inputs Fixture Fittings'!$D110<>"Default",'Inputs Fixture Fittings'!$E110*$M110,0.5*$M110),0),"") | O110: =IF($M110<>"",IFERROR(IF('Inputs Fixture Fittings'!$D110<>"Default",'Inputs Fixture Fittings'!$F110*$M110,0.5*$M110),0),"") | P110: =IFERROR(IF(INDEX(inputsgrp_otstud,MATCH(Logic!$A110,inputsgrp_no,0))<>"",INDEX(inputsgrp_otstud,MATCH(Logic!$A110,inputsgrp_no,0)),""),"") | Q110: =IF($P110<>"",IFERROR(IF('Inputs Fixture Fittings'!$D110<>"Default",'Inputs Fixture Fittings'!$E110*$P110,0.5*$P110),0),"") | R110: =IF($P110<>"",IFERROR(IF('Inputs Fixture Fittings'!$D110<>"Default",'Inputs Fixture Fittings'!$F110*$P110,0.5*$P110),0),"") | S110: =IFERROR(IF(INDEX(inputsgrp_otres,MATCH(Logic!$A110,inputsgrp_no,0))<>"",INDEX(inputsgrp_otres,MATCH(Logic!$A110,inputsgrp_no,0)),""),"") | T110: =IF($S110<>"",IFERROR(IF('Inputs Fixture Fittings'!$D110<>"Default",'Inputs Fixture Fittings'!$E110*$S110,0.5*$S110),0),"") | U110: =IF($S110<>"",IFERROR(IF('Inputs Fixture Fittings'!$D110<>"Default",'Inputs Fixture Fittings'!$F110*$S110,0.5*$S110),0),"") | V110: =IFERROR(IF(INDEX(inputsgrp_otot,MATCH(Logic!$A110,inputsgrp_no,0))<>"",INDEX(inputsgrp_otot,MATCH(Logic!$A110,inputsgrp_no,0)),""),"") | W110: =IF($V110<>"",IFERROR(IF('Inputs Fixture Fittings'!$D110<>"Default",'Inputs Fixture Fittings'!$E110*$V110,0.5*$V110),0),"") | X110: =IF($V110<>"",IFERROR(IF('Inputs Fixture Fittings'!$D110<>"Default",'Inputs Fixture Fittings'!$F110*$V110,0.5*$V110),0),"")
A111: 92 | B111: =IFERROR(IF(INDEX(inputsgrp_gn,MATCH(Logic!$A111,inputsgrp_no,0))<>"",INDEX(inputsgrp_gn,MATCH(Logic!$A111,inputsgrp_no,0)),""),"") | D111: =IFERROR(IF(INDEX(inputsgrp_ada,MATCH(Logic!$A111,inputsgrp_no,0))<>"",INDEX(inputsgrp_ada,MATCH(Logic!$A111,inputsgrp_no,0)),""),"") | E111: =IFERROR(IF(INDEX(inputsgrp_urinal,MATCH(Logic!$A111,inputsgrp_no,0))<>"",INDEX(inputsgrp_urinal,MATCH(Logic!$A111,inputsgrp_no,0)),""),"") | F111: =IFERROR(IF(INDEX(inputsgrp_an,MATCH(Logic!$A111,inputsgrp_no,0))<>"",INDEX(inputsgrp_an,MATCH(Logic!$A111,inputsgrp_no,0)),""),"") | G111: =IFERROR(IF(INDEX(inputsgrp_otefte,MATCH(Logic!$A111,inputsgrp_no,0))<>"",INDEX(inputsgrp_otefte,MATCH(Logic!$A111,inputsgrp_no,0)),""),"") | H111: =IF($G111<>"",IFERROR(IF('Inputs Fixture Fittings'!$D111<>"Default",'Inputs Fixture Fittings'!$E111*$G111,0.5*$G111),0),"") | I111: =IF($G111<>"",IFERROR(IF('Inputs Fixture Fittings'!$D111<>"Default",'Inputs Fixture Fittings'!$F111*$G111,0.5*$G111),0),"") | J111: =IFERROR(IF(INDEX(inputsgrp_otv,MATCH(Logic!$A111,inputsgrp_no,0))<>"",INDEX(inputsgrp_otv,MATCH(Logic!$A111,inputsgrp_no,0)),""),"") | K111: =IF($J111<>"",IFERROR(IF('Inputs Fixture Fittings'!$D111<>"Default",'Inputs Fixture Fittings'!$E111*$J111,0.5*$J111),0),"") | L111: =IF($J111<>"",IFERROR(IF('Inputs Fixture Fittings'!$D111<>"Default",'Inputs Fixture Fittings'!$F111*$J111,0.5*$J111),0),"") | M111: =IFERROR(IF(INDEX(inputsgrp_otrc,MATCH(Logic!$A111,inputsgrp_no,0))<>"",INDEX(inputsgrp_otrc,MATCH(Logic!$A111,inputsgrp_no,0)),""),"") | N111: =IF($M111<>"",IFERROR(IF('Inputs Fixture Fittings'!$D111<>"Default",'Inputs Fixture Fittings'!$E111*$M111,0.5*$M111),0),"") | O111: =IF($M111<>"",IFERROR(IF('Inputs Fixture Fittings'!$D111<>"Default",'Inputs Fixture Fittings'!$F111*$M111,0.5*$M111),0),"") | P111: =IFERROR(IF(INDEX(inputsgrp_otstud,MATCH(Logic!$A111,inputsgrp_no,0))<>"",INDEX(inputsgrp_otstud,MATCH(Logic!$A111,inputsgrp_no,0)),""),"") | Q111: =IF($P111<>"",IFERROR(IF('Inputs Fixture Fittings'!$D111<>"Default",'Inputs Fixture Fittings'!$E111*$P111,0.5*$P111),0),"") | R111: =IF($P111<>"",IFERROR(IF('Inputs Fixture Fittings'!$D111<>"Default",'Inputs Fixture Fittings'!$F111*$P111,0.5*$P111),0),"") | S111: =IFERROR(IF(INDEX(inputsgrp_otres,MATCH(Logic!$A111,inputsgrp_no,0))<>"",INDEX(inputsgrp_otres,MATCH(Logic!$A111,inputsgrp_no,0)),""),"") | T111: =IF($S111<>"",IFERROR(IF('Inputs Fixture Fittings'!$D111<>"Default",'Inputs Fixture Fittings'!$E111*$S111,0.5*$S111),0),"") | U111: =IF($S111<>"",IFERROR(IF('Inputs Fixture Fittings'!$D111<>"Default",'Inputs Fixture Fittings'!$F111*$S111,0.5*$S111),0),"") | V111: =IFERROR(IF(INDEX(inputsgrp_otot,MATCH(Logic!$A111,inputsgrp_no,0))<>"",INDEX(inputsgrp_otot,MATCH(Logic!$A111,inputsgrp_no,0)),""),"") | W111: =IF($V111<>"",IFERROR(IF('Inputs Fixture Fittings'!$D111<>"Default",'Inputs Fixture Fittings'!$E111*$V111,0.5*$V111),0),"") | X111: =IF($V111<>"",IFERROR(IF('Inputs Fixture Fittings'!$D111<>"Default",'Inputs Fixture Fittings'!$F111*$V111,0.5*$V111),0),"")
A112: 93 | B112: =IFERROR(IF(INDEX(inputsgrp_gn,MATCH(Logic!$A112,inputsgrp_no,0))<>"",INDEX(inputsgrp_gn,MATCH(Logic!$A112,inputsgrp_no,0)),""),"") | D112: =IFERROR(IF(INDEX(inputsgrp_ada,MATCH(Logic!$A112,inputsgrp_no,0))<>"",INDEX(inputsgrp_ada,MATCH(Logic!$A112,inputsgrp_no,0)),""),"") | E112: =IFERROR(IF(INDEX(inputsgrp_urinal,MATCH(Logic!$A112,inputsgrp_no,0))<>"",INDEX(inputsgrp_urinal,MATCH(Logic!$A112,inputsgrp_no,0)),""),"") | F112: =IFERROR(IF(INDEX(inputsgrp_an,MATCH(Logic!$A112,inputsgrp_no,0))<>"",INDEX(inputsgrp_an,MATCH(Logic!$A112,inputsgrp_no,0)),""),"") | G112: =IFERROR(IF(INDEX(inputsgrp_otefte,MATCH(Logic!$A112,inputsgrp_no,0))<>"",INDEX(inputsgrp_otefte,MATCH(Logic!$A112,inputsgrp_no,0)),""),"") | H112: =IF($G112<>"",IFERROR(IF('Inputs Fixture Fittings'!$D112<>"Default",'Inputs Fixture Fittings'!$E112*$G112,0.5*$G112),0),"") | I112: =IF($G112<>"",IFERROR(IF('Inputs Fixture Fittings'!$D112<>"Default",'Inputs Fixture Fittings'!$F112*$G112,0.5*$G112),0),"") | J112: =IFERROR(IF(INDEX(inputsgrp_otv,MATCH(Logic!$A112,inputsgrp_no,0))<>"",INDEX(inputsgrp_otv,MATCH(Logic!$A112,inputsgrp_no,0)),""),"") | K112: =IF($J112<>"",IFERROR(IF('Inputs Fixture Fittings'!$D112<>"Default",'Inputs Fixture Fittings'!$E112*$J112,0.5*$J112),0),"") | L112: =IF($J112<>"",IFERROR(IF('Inputs Fixture Fittings'!$D112<>"Default",'Inputs Fixture Fittings'!$F112*$J112,0.5*$J112),0),"") | M112: =IFERROR(IF(INDEX(inputsgrp_otrc,MATCH(Logic!$A112,inputsgrp_no,0))<>"",INDEX(inputsgrp_otrc,MATCH(Logic!$A112,inputsgrp_no,0)),""),"") | N112: =IF($M112<>"",IFERROR(IF('Inputs Fixture Fittings'!$D112<>"Default",'Inputs Fixture Fittings'!$E112*$M112,0.5*$M112),0),"") | O112: =IF($M112<>"",IFERROR(IF('Inputs Fixture Fittings'!$D112<>"Default",'Inputs Fixture Fittings'!$F112*$M112,0.5*$M112),0),"") | P112: =IFERROR(IF(INDEX(inputsgrp_otstud,MATCH(Logic!$A112,inputsgrp_no,0))<>"",INDEX(inputsgrp_otstud,MATCH(Logic!$A112,inputsgrp_no,0)),""),"") | Q112: =IF($P112<>"",IFERROR(IF('Inputs Fixture Fittings'!$D112<>"Default",'Inputs Fixture Fittings'!$E112*$P112,0.5*$P112),0),"") | R112: =IF($P112<>"",IFERROR(IF('Inputs Fixture Fittings'!$D112<>"Default",'Inputs Fixture Fittings'!$F112*$P112,0.5*$P112),0),"") | S112: =IFERROR(IF(INDEX(inputsgrp_otres,MATCH(Logic!$A112,inputsgrp_no,0))<>"",INDEX(inputsgrp_otres,MATCH(Logic!$A112,inputsgrp_no,0)),""),"") | T112: =IF($S112<>"",IFERROR(IF('Inputs Fixture Fittings'!$D112<>"Default",'Inputs Fixture Fittings'!$E112*$S112,0.5*$S112),0),"") | U112: =IF($S112<>"",IFERROR(IF('Inputs Fixture Fittings'!$D112<>"Default",'Inputs Fixture Fittings'!$F112*$S112,0.5*$S112),0),"") | V112: =IFERROR(IF(INDEX(inputsgrp_otot,MATCH(Logic!$A112,inputsgrp_no,0))<>"",INDEX(inputsgrp_otot,MATCH(Logic!$A112,inputsgrp_no,0)),""),"") | W112: =IF($V112<>"",IFERROR(IF('Inputs Fixture Fittings'!$D112<>"Default",'Inputs Fixture Fittings'!$E112*$V112,0.5*$V112),0),"") | X112: =IF($V112<>"",IFERROR(IF('Inputs Fixture Fittings'!$D112<>"Default",'Inputs Fixture Fittings'!$F112*$V112,0.5*$V112),0),"")
A113: 94 | B113: =IFERROR(IF(INDEX(inputsgrp_gn,MATCH(Logic!$A113,inputsgrp_no,0))<>"",INDEX(inputsgrp_gn,MATCH(Logic!$A113,inputsgrp_no,0)),""),"") | D113: =IFERROR(IF(INDEX(inputsgrp_ada,MATCH(Logic!$A113,inputsgrp_no,0))<>"",INDEX(inputsgrp_ada,MATCH(Logic!$A113,inputsgrp_no,0)),""),"") | E113: =IFERROR(IF(INDEX(inputsgrp_urinal,MATCH(Logic!$A113,inputsgrp_no,0))<>"",INDEX(inputsgrp_urinal,MATCH(Logic!$A113,inputsgrp_no,0)),""),"") | F113: =IFERROR(IF(INDEX(inputsgrp_an,MATCH(Logic!$A113,inputsgrp_no,0))<>"",INDEX(inputsgrp_an,MATCH(Logic!$A113,inputsgrp_no,0)),""),"") | G113: =IFERROR(IF(INDEX(inputsgrp_otefte,MATCH(Logic!$A113,inputsgrp_no,0))<>"",INDEX(inputsgrp_otefte,MATCH(Logic!$A113,inputsgrp_no,0)),""),"") | H113: =IF($G113<>"",IFERROR(IF('Inputs Fixture Fittings'!$D113<>"Default",'Inputs Fixture Fittings'!$E113*$G113,0.5*$G113),0),"") | I113: =IF($G113<>"",IFERROR(IF('Inputs Fixture Fittings'!$D113<>"Default",'Inputs Fixture Fittings'!$F113*$G113,0.5*$G113),0),"") | J113: =IFERROR(IF(INDEX(inputsgrp_otv,MATCH(Logic!$A113,inputsgrp_no,0))<>"",INDEX(inputsgrp_otv,MATCH(Logic!$A113,inputsgrp_no,0)),""),"") | K113: =IF($J113<>"",IFERROR(IF('Inputs Fixture Fittings'!$D113<>"Default",'Inputs Fixture Fittings'!$E113*$J113,0.5*$J113),0),"") | L113: =IF($J113<>"",IFERROR(IF('Inputs Fixture Fittings'!$D113<>"Default",'Inputs Fixture Fittings'!$F113*$J113,0.5*$J113),0),"") | M113: =IFERROR(IF(INDEX(inputsgrp_otrc,MATCH(Logic!$A113,inputsgrp_no,0))<>"",INDEX(inputsgrp_otrc,MATCH(Logic!$A113,inputsgrp_no,0)),""),"") | N113: =IF($M113<>"",IFERROR(IF('Inputs Fixture Fittings'!$D113<>"Default",'Inputs Fixture Fittings'!$E113*$M113,0.5*$M113),0),"") | O113: =IF($M113<>"",IFERROR(IF('Inputs Fixture Fittings'!$D113<>"Default",'Inputs Fixture Fittings'!$F113*$M113,0.5*$M113),0),"") | P113: =IFERROR(IF(INDEX(inputsgrp_otstud,MATCH(Logic!$A113,inputsgrp_no,0))<>"",INDEX(inputsgrp_otstud,MATCH(Logic!$A113,inputsgrp_no,0)),""),"") | Q113: =IF($P113<>"",IFERROR(IF('Inputs Fixture Fittings'!$D113<>"Default",'Inputs Fixture Fittings'!$E113*$P113,0.5*$P113),0),"") | R113: =IF($P113<>"",IFERROR(IF('Inputs Fixture Fittings'!$D113<>"Default",'Inputs Fixture Fittings'!$F113*$P113,0.5*$P113),0),"") | S113: =IFERROR(IF(INDEX(inputsgrp_otres,MATCH(Logic!$A113,inputsgrp_no,0))<>"",INDEX(inputsgrp_otres,MATCH(Logic!$A113,inputsgrp_no,0)),""),"") | T113: =IF($S113<>"",IFERROR(IF('Inputs Fixture Fittings'!$D113<>"Default",'Inputs Fixture Fittings'!$E113*$S113,0.5*$S113),0),"") | U113: =IF($S113<>"",IFERROR(IF('Inputs Fixture Fittings'!$D113<>"Default",'Inputs Fixture Fittings'!$F113*$S113,0.5*$S113),0),"") | V113: =IFERROR(IF(INDEX(inputsgrp_otot,MATCH(Logic!$A113,inputsgrp_no,0))<>"",INDEX(inputsgrp_otot,MATCH(Logic!$A113,inputsgrp_no,0)),""),"") | W113: =IF($V113<>"",IFERROR(IF('Inputs Fixture Fittings'!$D113<>"Default",'Inputs Fixture Fittings'!$E113*$V113,0.5*$V113),0),"") | X113: =IF($V113<>"",IFERROR(IF('Inputs Fixture Fittings'!$D113<>"Default",'Inputs Fixture Fittings'!$F113*$V113,0.5*$V113),0),"")
A114: 95 | B114: =IFERROR(IF(INDEX(inputsgrp_gn,MATCH(Logic!$A114,inputsgrp_no,0))<>"",INDEX(inputsgrp_gn,MATCH(Logic!$A114,inputsgrp_no,0)),""),"") | D114: =IFERROR(IF(INDEX(inputsgrp_ada,MATCH(Logic!$A114,inputsgrp_no,0))<>"",INDEX(inputsgrp_ada,MATCH(Logic!$A114,inputsgrp_no,0)),""),"") | E114: =IFERROR(IF(INDEX(inputsgrp_urinal,MATCH(Logic!$A114,inputsgrp_no,0))<>"",INDEX(inputsgrp_urinal,MATCH(Logic!$A114,inputsgrp_no,0)),""),"") | F114: =IFERROR(IF(INDEX(inputsgrp_an,MATCH(Logic!$A114,inputsgrp_no,0))<>"",INDEX(inputsgrp_an,MATCH(Logic!$A114,inputsgrp_no,0)),""),"") | G114: =IFERROR(IF(INDEX(inputsgrp_otefte,MATCH(Logic!$A114,inputsgrp_no,0))<>"",INDEX(inputsgrp_otefte,MATCH(Logic!$A114,inputsgrp_no,0)),""),"") | H114: =IF($G114<>"",IFERROR(IF('Inputs Fixture Fittings'!$D114<>"Default",'Inputs Fixture Fittings'!$E114*$G114,0.5*$G114),0),"") | I114: =IF($G114<>"",IFERROR(IF('Inputs Fixture Fittings'!$D114<>"Default",'Inputs Fixture Fittings'!$F114*$G114,0.5*$G114),0),"") | J114: =IFERROR(IF(INDEX(inputsgrp_otv,MATCH(Logic!$A114,inputsgrp_no,0))<>"",INDEX(inputsgrp_otv,MATCH(Logic!$A114,inputsgrp_no,0)),""),"") | K114: =IF($J114<>"",IFERROR(IF('Inputs Fixture Fittings'!$D114<>"Default",'Inputs Fixture Fittings'!$E114*$J114,0.5*$J114),0),"") | L114: =IF($J114<>"",IFERROR(IF('Inputs Fixture Fittings'!$D114<>"Default",'Inputs Fixture Fittings'!$F114*$J114,0.5*$J114),0),"") | M114: =IFERROR(IF(INDEX(inputsgrp_otrc,MATCH(Logic!$A114,inputsgrp_no,0))<>"",INDEX(inputsgrp_otrc,MATCH(Logic!$A114,inputsgrp_no,0)),""),"") | N114: =IF($M114<>"",IFERROR(IF('Inputs Fixture Fittings'!$D114<>"Default",'Inputs Fixture Fittings'!$E114*$M114,0.5*$M114),0),"") | O114: =IF($M114<>"",IFERROR(IF('Inputs Fixture Fittings'!$D114<>"Default",'Inputs Fixture Fittings'!$F114*$M114,0.5*$M114),0),"") | P114: =IFERROR(IF(INDEX(inputsgrp_otstud,MATCH(Logic!$A114,inputsgrp_no,0))<>"",INDEX(inputsgrp_otstud,MATCH(Logic!$A114,inputsgrp_no,0)),""),"") | Q114: =IF($P114<>"",IFERROR(IF('Inputs Fixture Fittings'!$D114<>"Default",'Inputs Fixture Fittings'!$E114*$P114,0.5*$P114),0),"") | R114: =IF($P114<>"",IFERROR(IF('Inputs Fixture Fittings'!$D114<>"Default",'Inputs Fixture Fittings'!$F114*$P114,0.5*$P114),0),"") | S114: =IFERROR(IF(INDEX(inputsgrp_otres,MATCH(Logic!$A114,inputsgrp_no,0))<>"",INDEX(inputsgrp_otres,MATCH(Logic!$A114,inputsgrp_no,0)),""),"") | T114: =IF($S114<>"",IFERROR(IF('Inputs Fixture Fittings'!$D114<>"Default",'Inputs Fixture Fittings'!$E114*$S114,0.5*$S114),0),"") | U114: =IF($S114<>"",IFERROR(IF('Inputs Fixture Fittings'!$D114<>"Default",'Inputs Fixture Fittings'!$F114*$S114,0.5*$S114),0),"") | V114: =IFERROR(IF(INDEX(inputsgrp_otot,MATCH(Logic!$A114,inputsgrp_no,0))<>"",INDEX(inputsgrp_otot,MATCH(Logic!$A114,inputsgrp_no,0)),""),"") | W114: =IF($V114<>"",IFERROR(IF('Inputs Fixture Fittings'!$D114<>"Default",'Inputs Fixture Fittings'!$E114*$V114,0.5*$V114),0),"") | X114: =IF($V114<>"",IFERROR(IF('Inputs Fixture Fittings'!$D114<>"Default",'Inputs Fixture Fittings'!$F114*$V114,0.5*$V114),0),"")
A115: 96 | B115: =IFERROR(IF(INDEX(inputsgrp_gn,MATCH(Logic!$A115,inputsgrp_no,0))<>"",INDEX(inputsgrp_gn,MATCH(Logic!$A115,inputsgrp_no,0)),""),"") | D115: =IFERROR(IF(INDEX(inputsgrp_ada,MATCH(Logic!$A115,inputsgrp_no,0))<>"",INDEX(inputsgrp_ada,MATCH(Logic!$A115,inputsgrp_no,0)),""),"") | E115: =IFERROR(IF(INDEX(inputsgrp_urinal,MATCH(Logic!$A115,inputsgrp_no,0))<>"",INDEX(inputsgrp_urinal,MATCH(Logic!$A115,inputsgrp_no,0)),""),"") | F115: =IFERROR(IF(INDEX(inputsgrp_an,MATCH(Logic!$A115,inputsgrp_no,0))<>"",INDEX(inputsgrp_an,MATCH(Logic!$A115,inputsgrp_no,0)),""),"") | G115: =IFERROR(IF(INDEX(inputsgrp_otefte,MATCH(Logic!$A115,inputsgrp_no,0))<>"",INDEX(inputsgrp_otefte,MATCH(Logic!$A115,inputsgrp_no,0)),""),"") | H115: =IF($G115<>"",IFERROR(IF('Inputs Fixture Fittings'!$D115<>"Default",'Inputs Fixture Fittings'!$E115*$G115,0.5*$G115),0),"") | I115: =IF($G115<>"",IFERROR(IF('Inputs Fixture Fittings'!$D115<>"Default",'Inputs Fixture Fittings'!$F115*$G115,0.5*$G115),0),"") | J115: =IFERROR(IF(INDEX(inputsgrp_otv,MATCH(Logic!$A115,inputsgrp_no,0))<>"",INDEX(inputsgrp_otv,MATCH(Logic!$A115,inputsgrp_no,0)),""),"") | K115: =IF($J115<>"",IFERROR(IF('Inputs Fixture Fittings'!$D115<>"Default",'Inputs Fixture Fittings'!$E115*$J115,0.5*$J115),0),"") | L115: =IF($J115<>"",IFERROR(IF('Inputs Fixture Fittings'!$D115<>"Default",'Inputs Fixture Fittings'!$F115*$J115,0.5*$J115),0),"") | M115: =IFERROR(IF(INDEX(inputsgrp_otrc,MATCH(Logic!$A115,inputsgrp_no,0))<>"",INDEX(inputsgrp_otrc,MATCH(Logic!$A115,inputsgrp_no,0)),""),"") | N115: =IF($M115<>"",IFERROR(IF('Inputs Fixture Fittings'!$D115<>"Default",'Inputs Fixture Fittings'!$E115*$M115,0.5*$M115),0),"") | O115: =IF($M115<>"",IFERROR(IF('Inputs Fixture Fittings'!$D115<>"Default",'Inputs Fixture Fittings'!$F115*$M115,0.5*$M115),0),"") | P115: =IFERROR(IF(INDEX(inputsgrp_otstud,MATCH(Logic!$A115,inputsgrp_no,0))<>"",INDEX(inputsgrp_otstud,MATCH(Logic!$A115,inputsgrp_no,0)),""),"") | Q115: =IF($P115<>"",IFERROR(IF('Inputs Fixture Fittings'!$D115<>"Default",'Inputs Fixture Fittings'!$E115*$P115,0.5*$P115),0),"") | R115: =IF($P115<>"",IFERROR(IF('Inputs Fixture Fittings'!$D115<>"Default",'Inputs Fixture Fittings'!$F115*$P115,0.5*$P115),0),"") | S115: =IFERROR(IF(INDEX(inputsgrp_otres,MATCH(Logic!$A115,inputsgrp_no,0))<>"",INDEX(inputsgrp_otres,MATCH(Logic!$A115,inputsgrp_no,0)),""),"") | T115: =IF($S115<>"",IFERROR(IF('Inputs Fixture Fittings'!$D115<>"Default",'Inputs Fixture Fittings'!$E115*$S115,0.5*$S115),0),"") | U115: =IF($S115<>"",IFERROR(IF('Inputs Fixture Fittings'!$D115<>"Default",'Inputs Fixture Fittings'!$F115*$S115,0.5*$S115),0),"") | V115: =IFERROR(IF(INDEX(inputsgrp_otot,MATCH(Logic!$A115,inputsgrp_no,0))<>"",INDEX(inputsgrp_otot,MATCH(Logic!$A115,inputsgrp_no,0)),""),"") | W115: =IF($V115<>"",IFERROR(IF('Inputs Fixture Fittings'!$D115<>"Default",'Inputs Fixture Fittings'!$E115*$V115,0.5*$V115),0),"") | X115: =IF($V115<>"",IFERROR(IF('Inputs Fixture Fittings'!$D115<>"Default",'Inputs Fixture Fittings'!$F115*$V115,0.5*$V115),0),"")
