Workbook
Name baseEnvelopeCooling: Inputs!$E$399
Name baselineEnvelopeCooling: Inputs!$E$399
Name baselineEnvelopeHeating: Inputs!$D$399
Name baselineSimCooling: Inputs!$E$417
Name baselineSimHeating: Inputs!$D$417
Name baselineVentCooling: Inputs!$E$408
Name baselineVentHeating: Inputs!$D$408
Name buildingType: Inputs!$E$8
Name cz: Inputs!$E$12
Name envelopeLoadsReduction: Logic!$F$399
Name envelopeTradeOffCredits: Logic!$G$399
Name heatRecoveryRequirement: Logic!$F$140
Name inputs_EquipNo: Inputs!$A$22:$A$136
Name inputs_EquipTag: Inputs!$B$22:$B$136
Name inputs_EquipType: Inputs!$C$22:$C$136
Name inputs_HeatRecReq: Inputs!$G$22:$G$136
Name inputs_optpath: Inputs!$E$6
Name inputs_OutdoorAirFlow: Inputs!$E$22:$E$136
Name inputs_pkclid: Inputs!$B$274:$B$384
Name inputs_pkclno: Inputs!$A$274:$A$384
Name inputs_pkclpl: Inputs!$D$274:$D$384
Name inputs_pkclst: Inputs!$C$274:$C$384
Name inputs_pkclty: Inputs!$E$274:$E$384
Name inputs_pkhtid: Inputs!$B$150:$B$264
Name inputs_pkhtno: Inputs!$A$150:$A$264
Name inputs_pkhtpl: Inputs!$D$150:$D$264
Name inputs_pkhtst: Inputs!$C$150:$C$264
Name inputs_pkhtty: Inputs!$E$150:$E$264
Name inputs_VentEquipQuant: Inputs!$D$22:$D$136
Name logic_EquipNo: Logic!$A$22:$A$136
Name logic_optpath: Logic!$E$6
Name logic_VentFlow: Logic!$F$22:$F$136
Name MPF: Logic!$F$408
Name option4path2credits: Summary!$G$18
Name optpath: Database!$D$7:$D$13
Name performanceIndex: Logic!$F$417
Name proposedEnvelopeCooling: Inputs!$C$399
Name proposedEnvelopeHeating: Inputs!$B$399
Name proposedSimCooling: Inputs!$C$417
Name proposedSimHeating: Inputs!$B$417
Name proposedVentCooling: Inputs!$C$408
Name proposedVentHeating: Inputs!$B$408
Name residential: Logic!$E$8
Name totalCompliantVentAirFlow: Logic!$F$138
Name totalVentAirFlow: Logic!$F$137
Name units: Inputs!$E$10
Name ventLoadsReduction: Logic!$G$408
Name ventNonCompliantPercentage: Logic!$F$139
Name ventTradeOffCredits: Logic!$H$408
Name yesNoList: Database!$D$61:$D$62

Sheet Revision History
A1: Draft Calculator Revision History | H1: TASKS
A3: Date | B3: Party | C3: Tab Edited | D3: Field Edited | E3: Description | F3: Related TASK No. | H3: No. | I3: Date Complete | J3: Tab Edited | K3: Source File
A4: 45881 | B4: WSP | C4: ALL | D4: ALL | E4: Templatized | F4: NA | H4: 1 | J4: Make sure to create named fields (Formulas > Name Manager) and use formulas using named field values (note be sure to delete unused names from the template document)
H5: 2 | J5: Make sure all credit calculation requirements are included
H6: 3 | J6: Make sure formulas work, values correct, validation included where needed (i.e. positive numbers only, etc.)
H7: 4 | J7: Make sure labels are correct (including make explicit where inputs are required or optional)
H8: 5 | J8: QC Cell Formatting (see internal style guide)
H9: 6 | J9: Add Notes where needed
H10: 7 | J10: Add summary "Point calculation" tab
H11: 8 | J11: Update instructions tab
H12: 9 | J12: Add flags as needed (i.e. for CFCs, IDC BDC >700 GWP)
H13: 10 | J13: Allow Add rows without macros, include instructions (NOTE prior calculator drafts have used Groups, welcome other recommendations)
H14: 11 | J14: Update formatting per USGBC (including If required create named fields; If guidance says use tables, convert to tables)
H15: 12 | J15: Spell Check
H16: 13 | J16: Final Lock Settings and QC

Sheet Internal Style Guide
B2: Internal Style Guide
B4: TEMP LOCK PASSWORD | E4: LEED
B5: Workbook Structure | E5: Inputs Tab: User input AND final summary values only, can have some automatic input cells IF important for user data, can have multiple inputs tabs if needed
E6: Logic Tab: Calculations for values needed for LEED Performance, no user input, will be hidden from users
E7: Database Tab: Constants, values for logic calculations, points, limit to static values no formulas where possible, will be hidden from users
E8: Summary Tab: Points, values needed for LEED performance (see Reference Guide Documentation requirements for what needs to be included)
E9: Note calculators must use Formula > Name Manager to name fields and cells that are used for calculations or pulled into other cells. Recommend developing full calculator structure and initial formulas before naming fields and updating formulas.
B10: General Sheet Formating | E10: Turn-off view gridlines
E11: Columns to left and right of boarder to be Width of 3.5 (42 pxl)
E12: Rows above and below boarder to be Height of 20 (34 pxl)
B13: Sheet Background Fill | E13: #F7F8F6; fill up to row 300, 600, or 900 as needed; fill up to column Z
B14: Instructions + Summary Background Fill | E14: #FFFFFF
B15: Title Fill | E15: IP | F15: #952713
E16: LT | F16: #B87400
E17: SS | F17: #536426
E18: WE | F18: #006570
E19: EA | F19: #C75127
E20: MR | F20: #7C4901
E21: EQ | F21: #684659
E22: PR | F22: #7E8AA2
B23: Title Format | E23: Use downloadable PNG logo w and maintain aspect ratio in all cases. Logo must never be more than 1 inch (72 pixels) wide.
E24: Suggest standard header height of 90.0 (150 pxl) with an increase to 95.0 (160 pxl) prerequisite and credit combo.
E25: Note naming convention (see below for example):
F26: USGBC Calculator || LEED for Building Operations and Maintenance [14 point font, bold] LEED v5 EAp4: Fundamental Refigerant Management [12 point font, bold] LEED v5 EAc3: Enhanced Refrigerant Management Performance [12 point font, bold] SHEET NAME (I.E. INPUTS, LOGIC, DATABASE, SUMMARY) [12 point font, bold]
B27: Cell Outline | E27: Automatic, Default Weight
B28: Standard Row Width | E28: 18.0 (30 pxls)
B29: Text Alignment | E29: Left, Vertical Center
B30: Number Formatting | E30: All numbers left justified, text right justified
D31: 1000 | E31: CONFIRM WHICH DATA USES THIS FORMAT
D32: 1.1 | E32: CONFIRM WHICH DATA USES THIS FORMAT
D33: 0.011 | E33: CONFIRM WHICH DATA USES THIS FORMAT
B34: Font | D34: Headings | E34: Arial 11 Bold UPPERCASE
D35: Subheading | E35: Arial 10 Bold
D36: Text | E36: Arial 10
E37: HEADING | F37: FILL HEX #353434, TEXT HEX # F7F8F6
E38: Subheading | F38: FILL FOR SUBHEADING CELLS HEX #B6B7B8 CENTER ALL HEADERS
E39: Manual input | F39: FILL FOR USER INPUT CELLS HEX #000000
E40: Auto input | F40: FILL FOR AUTOMATIC CELLS HEX #F2F2F2
E41: Calculation | F41: FILL FOR AUTOMATIC CELLS HEX #D9D9D9 Database and logic only
E42: Supplemental instructions
B43: Formulas | E43: Use Formulas > Name Manager to name arrays and cells where possible

Sheet Instructions
B2: LEED v5 Reduce Peak Thermal Loads Calculator LEED for Building Design and Construction Instructions
C5: CREDIT INSTRUCTIONS
C7: EAc2 Reduce Peak Thermal Loads
D9: ▪ | E9: For All Options: the building envelope must meet the requirements of ASHRAE 90.1, Section 5.5, Prescriptive Building Envelope Compliance Path or ASHRAE 90.1, Section 5.6, Building Envelope Trade-Off Compliance Path per the version of ASHRAE 90.1 referenced in EAp2 Minimum Energy Efficiency. Building envelope efficiency shall not be traded off with other building systems
D11: ▪ | E11: Option 2. Ventilation Energy Recovery Requirements:
E12: ▪ | F12: Each fan system supplying outdoor air must have an energy or heat recovery system with a minimum 70% enthalpy recovery ratio or a minimum of 75% sensible heat recovery ratio. Provisions must be made to bypass or control the energy recovery system during moderate outside air conditions.
E13: ▪ | F13: In aggregate, fan systems supplying less than 15% of the project’s total outdoor air can be excluded.
E14: ▪ | F14: Fan systems must supply a minimum of 50% of the ventilation air required for the project per ASHRAE Standard 62.1-2022, Ventilation Rate Procedure, to qualify for this option.
D16: ▪ | E16: Option 4. Peak Thermal Load Reductions Requirements:
E17: ▪ | F17: Ventilation loads must be included in the determination of peak coincident loads
E18: ▪ | F18: Measure building envelope air leakage using air leakage testing and use the measured air leakage to calculate the peak loads for Path 2 or Path 3.
E19: ▪ | F19: Demonstrate balanced ventilation meeting the criteria in Option 1 above.
E20: ▪ | F20: For Path 2. ASHRAE 90.1 Trade-off Methods: Calculate the improvement in peak thermal loads due to envelope and/or ventilation changes between the baseline and proposed.
E21: ▪ | F21: For Path 3. Energy Simulation: Calculate the improvement in peak thermal loads over a baseline based on an energy simulation.
C24: INPUT INSTRUCTIONS
E26: User input cell formatting.
E27: Automatic input cell formatting.
E28: Calculation cell formatting.
C30: All input cells are required unless otherwise noted.
C31: Project teams must fill out input cells from top section rows.
D33: 1 | E33: Input General Information for the project, including Credit Option and Pathway, Building Type, and Unit System.
D35: 2 | E35: Fill in ventilation and exhaust equipment tables for Option 2.
E36: Optional fields for this option:
F37: ▪ Equipment Type. Inputs type of ventilation equipment.
E38: Required fields for this option:
F39: ▪ Equipment Tag Name. Unique name for each ventilation equipment based on design documents.
F40: ▪ Equipment Quantity. Number of pieces of this type of equipment are in the project.
F41: ▪ Outdoor Air Flow per Individual Equipment. Design outdoor air flow for the ventilation equipment type.
F42: ▪ Does ventilation equipment have a qualifying heat or energy recovery system? Indicate whether the equipment has a qualifying energy/heat recovery system associated with it (refer to the instructions above).
D44: 3 | E44: List Peak Heating and Cooling Loads by System. (Optional)
E45: This step is optional for those users looking for assistance determining the peak coincident and non-coincident loads based on the individual systems in their project scope. Fields below apply to both Peak Heating By System and Peak Cooling By System tables.
E46: Optional fields:
F47: ▪ System ID. Indicate System ID based on design documents.
F48: ▪ System Type. Indicate System ID based on design documents.
F49: ▪ Peak Load. Indicate peak heating or cooling load for each system.
F50: ▪ Time of year. Indicate day of the year the system's peak loading occurs. Input as MM/YY.
D52: 4 | E52: Enter compliance with Option 4. Peak Thermal Load Reductions.
E53: Included ventilation loads in the determination of peak coincident loads. If during the construction phase, use measured air leakage to calculate the peak loads.
E54: Required fields for this option:
F55: ▪ Proposed Envelope Sum of the System Peak Heating Loads. The peak heating load for the proposed design.
F56: ▪ Proposed Envelope Sum of the System Peak Cooling Loads. The peak cooling load for the proposed design.
F57: ▪ Baseline Envelope Sum of the System Peak Heating Loads. The peak heating load for the baseline design.
F58: ▪ Baseline Envelope Sum of the System Peak Cooling Loads. The peak cooling load for the baseline design.
E59: Required fields for Option 4. Path 2:
F60: ▪ Proposed Ventilation Load Peak Heating Coincident. The peak heating load for the proposed design.
F61: ▪ Proposed Ventilation Load Peak Cooling Coincident. The peak cooling load for the proposed design.
F62: ▪ Baseline Ventilation Load Peak Heating Coincident. The peak heating load for the baseline design.
F63: ▪ Baseline Ventilation Load Peak Cooling Coincident. The peak cooling load for the baseline design.
E64: Required fields for Option 4. Path 3:
F65: ▪ Proposed Energy Simulation Load Peak Heating Coincident. The peak heating load for the proposed design.
F66: ▪ Proposed Energy Simulation Load Peak Cooling Coincident. The peak cooling load for the proposed design.
F67: ▪ Baseline Energy Simulation Load Peak Heating Coincident. The peak heating load for the baseline design.
F68: ▪ Baseline Energy Simulation Load Peak Cooling Coincident. The peak cooling load for the baseline design.

Sheet Inputs
B2: LEED v5 Reduce Peak Thermal Loads Calculator LEED for Building Design and Construction Inputs
B4: STEP 1: GENERAL INFORMATION
B6: Credit Option and Pathway
B8: Building Type | G8: Required for Option 4 Path 2 only
B10: Units
B12: ASHRAE Climate Zone
B15: STEP 2: COMPLIANCE WITH OPTION 2. VENTILATION ENERGY RECOVERY SYSTEMS
B17: Click + to the left to add additional rows. Click - to the left to collapse (content will be saved).
B18: Ventilation Equipment Table
B19: Equipment Tag Name | C19: Equipment Type (Optional) | D19: Equipment Quantity | E19: =_xlfn.CONCAT("Outdoor Air Flow per Individual Equipment ",IF(units="SI","(L/s)","(cfm)")) -> Outdoor Air Flow per Individual Equipment (cfm) | F19: =_xlfn.CONCAT("Total Outdoor Air Flow ",IF(units="SI","(L/s)","(cfm)")) -> Total Outdoor Air Flow (cfm) | G19: Does ventilation equipment have a qualifying heat or energy recovery system?
A22: 1 | F22: =INDEX(logic_VentFlow,MATCH($A22,logic_EquipNo,0))
A23: 2 | F23: =INDEX(logic_VentFlow,MATCH($A23,logic_EquipNo,0))
A24: 3 | F24: =INDEX(logic_VentFlow,MATCH($A24,logic_EquipNo,0))
A25: 4 | F25: =INDEX(logic_VentFlow,MATCH($A25,logic_EquipNo,0))
A26: 5 | F26: =INDEX(logic_VentFlow,MATCH($A26,logic_EquipNo,0))
A27: 6 | F27: =INDEX(logic_VentFlow,MATCH($A27,logic_EquipNo,0))
A28: 7 | F28: =INDEX(logic_VentFlow,MATCH($A28,logic_EquipNo,0))
A29: 8 | F29: =INDEX(logic_VentFlow,MATCH($A29,logic_EquipNo,0))
A30: 9 | F30: =INDEX(logic_VentFlow,MATCH($A30,logic_EquipNo,0))
A31: 10 | F31: =INDEX(logic_VentFlow,MATCH($A31,logic_EquipNo,0)) | I31: Click + to left for additional rows
A32: 11 | F32: =INDEX(logic_VentFlow,MATCH($A32,logic_EquipNo,0))
A33: 12 | F33: =INDEX(logic_VentFlow,MATCH($A33,logic_EquipNo,0))
A34: 13 | F34: =INDEX(logic_VentFlow,MATCH($A34,logic_EquipNo,0))
A35: 14 | F35: =INDEX(logic_VentFlow,MATCH($A35,logic_EquipNo,0))
A36: 15 | F36: =INDEX(logic_VentFlow,MATCH($A36,logic_EquipNo,0))
A37: 16 | F37: =INDEX(logic_VentFlow,MATCH($A37,logic_EquipNo,0))
A38: 17 | F38: =INDEX(logic_VentFlow,MATCH($A38,logic_EquipNo,0))
A39: 18 | F39: =INDEX(logic_VentFlow,MATCH($A39,logic_EquipNo,0))
A40: 19 | F40: =INDEX(logic_VentFlow,MATCH($A40,logic_EquipNo,0))
A41: 20 | F41: =INDEX(logic_VentFlow,MATCH($A41,logic_EquipNo,0))
A42: 21 | F42: =INDEX(logic_VentFlow,MATCH($A42,logic_EquipNo,0))
A43: 22 | F43: =INDEX(logic_VentFlow,MATCH($A43,logic_EquipNo,0))
... A51: 30 | F51: =INDEX(logic_VentFlow,MATCH($A51,logic_EquipNo,0))
A52: 31 | F52: =INDEX(logic_VentFlow,MATCH($A52,logic_EquipNo,0)) | I52: Click + to left for additional rows
A53: 32 | F53: =INDEX(logic_VentFlow,MATCH($A53,logic_EquipNo,0))
A54: 33 | F54: =INDEX(logic_VentFlow,MATCH($A54,logic_EquipNo,0))
A55: 34 | F55: =INDEX(logic_VentFlow,MATCH($A55,logic_EquipNo,0))
A56: 35 | F56: =INDEX(logic_VentFlow,MATCH($A56,logic_EquipNo,0))
A57: 36 | F57: =INDEX(logic_VentFlow,MATCH($A57,logic_EquipNo,0))
A58: 37 | F58: =INDEX(logic_VentFlow,MATCH($A58,logic_EquipNo,0))
A59: 38 | F59: =INDEX(logic_VentFlow,MATCH($A59,logic_EquipNo,0))
A60: 39 | F60: =INDEX(logic_VentFlow,MATCH($A60,logic_EquipNo,0))
A61: 40 | F61: =INDEX(logic_VentFlow,MATCH($A61,logic_EquipNo,0))
A62: 41 | F62: =INDEX(logic_VentFlow,MATCH($A62,logic_EquipNo,0))
A63: 42 | F63: =INDEX(logic_VentFlow,MATCH($A63,logic_EquipNo,0))
A64: 43 | F64: =INDEX(logic_VentFlow,MATCH($A64,logic_EquipNo,0))
... A72: 51 | F72: =INDEX(logic_VentFlow,MATCH($A72,logic_EquipNo,0))
A73: 52 | F73: =INDEX(logic_VentFlow,MATCH($A73,logic_EquipNo,0)) | I73: Click + to left for additional rows
A74: 53 | F74: =INDEX(logic_VentFlow,MATCH($A74,logic_EquipNo,0))
A75: 54 | F75: =INDEX(logic_VentFlow,MATCH($A75,logic_EquipNo,0))
A76: 55 | F76: =INDEX(logic_VentFlow,MATCH($A76,logic_EquipNo,0))
A77: 56 | F77: =INDEX(logic_VentFlow,MATCH($A77,logic_EquipNo,0))
A78: 57 | F78: =INDEX(logic_VentFlow,MATCH($A78,logic_EquipNo,0))
A79: 58 | F79: =INDEX(logic_VentFlow,MATCH($A79,logic_EquipNo,0))
A80: 59 | F80: =INDEX(logic_VentFlow,MATCH($A80,logic_EquipNo,0))
A81: 60 | F81: =INDEX(logic_VentFlow,MATCH($A81,logic_EquipNo,0))
A82: 61 | F82: =INDEX(logic_VentFlow,MATCH($A82,logic_EquipNo,0))
A83: 62 | F83: =INDEX(logic_VentFlow,MATCH($A83,logic_EquipNo,0))
A84: 63 | F84: =INDEX(logic_VentFlow,MATCH($A84,logic_EquipNo,0))
A85: 64 | F85: =INDEX(logic_VentFlow,MATCH($A85,logic_EquipNo,0))
... A93: 72 | F93: =INDEX(logic_VentFlow,MATCH($A93,logic_EquipNo,0))
A94: 73 | F94: =INDEX(logic_VentFlow,MATCH($A94,logic_EquipNo,0)) | I94: Click + to left for additional rows
A95: 74 | F95: =INDEX(logic_VentFlow,MATCH($A95,logic_EquipNo,0))
A96: 75 | F96: =INDEX(logic_VentFlow,MATCH($A96,logic_EquipNo,0))
A97: 76 | F97: =INDEX(logic_VentFlow,MATCH($A97,logic_EquipNo,0))
A98: 77 | F98: =INDEX(logic_VentFlow,MATCH($A98,logic_EquipNo,0))
A99: 78 | F99: =INDEX(logic_VentFlow,MATCH($A99,logic_EquipNo,0))
A100: 79 | F100: =INDEX(logic_VentFlow,MATCH($A100,logic_EquipNo,0))
A101: 80 | F101: =INDEX(logic_VentFlow,MATCH($A101,logic_EquipNo,0))
A102: 81 | F102: =INDEX(logic_VentFlow,MATCH($A102,logic_EquipNo,0))
A103: 82 | F103: =INDEX(logic_VentFlow,MATCH($A103,logic_EquipNo,0))
A104: 83 | F104: =INDEX(logic_VentFlow,MATCH($A104,logic_EquipNo,0))
A105: 84 | F105: =INDEX(logic_VentFlow,MATCH($A105,logic_EquipNo,0))
A106: 85 | F106: =INDEX(logic_VentFlow,MATCH($A106,logic_EquipNo,0))
... A114: 93 | F114: =INDEX(logic_VentFlow,MATCH($A114,logic_EquipNo,0))
A115: 94 | F115: =INDEX(logic_VentFlow,MATCH($A115,logic_EquipNo,0)) | I115: Click + to left for additional rows
A116: 95 | F116: =INDEX(logic_VentFlow,MATCH($A116,logic_EquipNo,0))
A117: 96 | F117: =INDEX(logic_VentFlow,MATCH($A117,logic_EquipNo,0))
A118: 97 | F118: =INDEX(logic_VentFlow,MATCH($A118,logic_EquipNo,0))
A119: 98 | F119: =INDEX(logic_VentFlow,MATCH($A119,logic_EquipNo,0))
A120: 99 | F120: =INDEX(logic_VentFlow,MATCH($A120,logic_EquipNo,0))
A121: 100 | F121: =INDEX(logic_VentFlow,MATCH($A121,logic_EquipNo,0))
A122: 101 | F122: =INDEX(logic_VentFlow,MATCH($A122,logic_EquipNo,0))
A123: 102 | F123: =INDEX(logic_VentFlow,MATCH($A123,logic_EquipNo,0))
A124: 103 | F124: =INDEX(logic_VentFlow,MATCH($A124,logic_EquipNo,0))
A125: 104 | F125: =INDEX(logic_VentFlow,MATCH($A125,logic_EquipNo,0))
A126: 105 | F126: =INDEX(logic_VentFlow,MATCH($A126,logic_EquipNo,0))
A127: 106 | F127: =INDEX(logic_VentFlow,MATCH($A127,logic_EquipNo,0))
... A135: 114 | F135: =INDEX(logic_VentFlow,MATCH($A135,logic_EquipNo,0))
B137: =_xlfn.CONCAT("Total Ventilation Rate ",IF(units="SI","(L/s)","(cfm)")) -> Total Ventilation Rate (cfm) | F137: =totalVentAirFlow -> 0
B138: =_xlfn.CONCAT("Total Ventilation Rate of Compliant Systems ",IF(units="SI","(L/s)","(cfm)")) -> Total Ventilation Rate of Compliant Systems (cfm) | F138: =totalCompliantVentAirFlow -> 0
B141: STEP 3: LIST PEAK HEATING AND COOLING LOADS BY SYSTEM (Optional)
B143: Users looking for assistance in determining the peak coincedent and non-coincedent loads based on the individual systems in the project scope should enter information below; otherwise, skip to Step 4.
B145: Click + to the left to add additional rows. Click - to the left to collapse (content will be saved).
B146: Peak Heating By System (Optional)
B147: Heating System ID | C147: System Type | D147: Peak Heating Load (W) | E147: Time of the Year (mm/dd)
A150: 1
A151: 2
A152: 3
A153: 4
...

Sheet Logic
B2: LEED v5 Reduce Peak Thermal Loads Calculator BD+C LEED for Building Design and Construction Logic
B4: LOGIC 1: GENERAL INFORMATION
B6: Credit Option and Pathway | E6: =IF(inputs_optpath<>"",inputs_optpath,"")
B8: Residential Building? | E8: =IF(OR(buildingType="Hotel/Motel", buildingType="Apartment/Dormitory"),TRUE,FALSE) -> FALSE
B10: Units | E10: =units -> 0
B12: ASHRAE Climate Zone | E12: =cz -> 0
B15: LOGIC 2: COMPLIANCE WITH OPTION 2. VENTILATION ENERGY RECOVERY SYSTEMS
B17: Click + to the left to add additional rows. Click - to the left to collapse (content will be saved).
B18: Ventilation Equipment Table
B19: Equipment Tag Name | C19: Equipment Type (Optional) | D19: Equipment Quantity | E19: =_xlfn.CONCAT("Outdoor Air Flow per individual equipment ",IF(units="SI","(L/s)","(cfm)")) -> Outdoor Air Flow per individual equipment (cfm) | F19: =_xlfn.CONCAT("Total Outdoor Air Flow ",IF(units="SI","(L/s)","(cfm)")) -> Total Outdoor Air Flow (cfm) | G19: Does ventilation equipment have a qualifying heat or energy recovery system?
A22: 1 | B22: =IF(INDEX(inputs_EquipTag,MATCH(Logic!$A22,inputs_EquipNo,0))<>"",INDEX(inputs_EquipTag,MATCH(Logic!$A22,inputs_EquipNo,0)),"") | C22: =IF(INDEX(inputs_EquipType,MATCH(Logic!$A22,inputs_EquipNo,0))<>"",INDEX(inputs_EquipType,MATCH(Logic!$A22,inputs_EquipNo,0)),"") | D22: =IF(INDEX(inputs_VentEquipQuant,MATCH(Logic!$A22,inputs_EquipNo,0))<>"",INDEX(inputs_VentEquipQuant,MATCH(Logic!$A22,inputs_EquipNo,0)),"") | E22: =IF(INDEX(inputs_OutdoorAirFlow,MATCH(Logic!$A22,inputs_EquipNo,0))<>"",INDEX(inputs_OutdoorAirFlow,MATCH(Logic!$A22,inputs_EquipNo,0)),"") | F22: =IFERROR(IF(ISBLANK(B22),"",D22*E22),"") | G22: =IF(INDEX(inputs_HeatRecReq,MATCH(Logic!$A22,inputs_EquipNo,0))<>"",INDEX(inputs_HeatRecReq,MATCH(Logic!$A22,inputs_EquipNo,0)),"")
A23: 2 | B23: =IF(INDEX(inputs_EquipTag,MATCH(Logic!$A23,inputs_EquipNo,0))<>"",INDEX(inputs_EquipTag,MATCH(Logic!$A23,inputs_EquipNo,0)),"") | C23: =IF(INDEX(inputs_EquipType,MATCH(Logic!$A23,inputs_EquipNo,0))<>"",INDEX(inputs_EquipType,MATCH(Logic!$A23,inputs_EquipNo,0)),"") | D23: =IF(INDEX(inputs_VentEquipQuant,MATCH(Logic!$A23,inputs_EquipNo,0))<>"",INDEX(inputs_VentEquipQuant,MATCH(Logic!$A23,inputs_EquipNo,0)),"") | E23: =IF(INDEX(inputs_OutdoorAirFlow,MATCH(Logic!$A23,inputs_EquipNo,0))<>"",INDEX(inputs_OutdoorAirFlow,MATCH(Logic!$A23,inputs_EquipNo,0)),"") | F23: =IFERROR(IF(ISBLANK(B23),"",D23*E23),"") | G23: =IF(INDEX(inputs_HeatRecReq,MATCH(Logic!$A23,inputs_EquipNo,0))<>"",INDEX(inputs_HeatRecReq,MATCH(Logic!$A23,inputs_EquipNo,0)),"")
A24: 3 | B24: =IF(INDEX(inputs_EquipTag,MATCH(Logic!$A24,inputs_EquipNo,0))<>"",INDEX(inputs_EquipTag,MATCH(Logic!$A24,inputs_EquipNo,0)),"") | C24: =IF(INDEX(inputs_EquipType,MATCH(Logic!$A24,inputs_EquipNo,0))<>"",INDEX(inputs_EquipType,MATCH(Logic!$A24,inputs_EquipNo,0)),"") | D24: =IF(INDEX(inputs_VentEquipQuant,MATCH(Logic!$A24,inputs_EquipNo,0))<>"",INDEX(inputs_VentEquipQuant,MATCH(Logic!$A24,inputs_EquipNo,0)),"") | E24: =IF(INDEX(inputs_OutdoorAirFlow,MATCH(Logic!$A24,inputs_EquipNo,0))<>"",INDEX(inputs_OutdoorAirFlow,MATCH(Logic!$A24,inputs_EquipNo,0)),"") | F24: =IFERROR(IF(ISBLANK(B24),"",D24*E24),"") | G24: =IF(INDEX(inputs_HeatRecReq,MATCH(Logic!$A24,inputs_EquipNo,0))<>"",INDEX(inputs_HeatRecReq,MATCH(Logic!$A24,inputs_EquipNo,0)),"")
A25: 4 | B25: =IF(INDEX(inputs_EquipTag,MATCH(Logic!$A25,inputs_EquipNo,0))<>"",INDEX(inputs_EquipTag,MATCH(Logic!$A25,inputs_EquipNo,0)),"") | C25: =IF(INDEX(inputs_EquipType,MATCH(Logic!$A25,inputs_EquipNo,0))<>"",INDEX(inputs_EquipType,MATCH(Logic!$A25,inputs_EquipNo,0)),"") | D25: =IF(INDEX(inputs_VentEquipQuant,MATCH(Logic!$A25,inputs_EquipNo,0))<>"",INDEX(inputs_VentEquipQuant,MATCH(Logic!$A25,inputs_EquipNo,0)),"") | E25: =IF(INDEX(inputs_OutdoorAirFlow,MATCH(Logic!$A25,inputs_EquipNo,0))<>"",INDEX(inputs_OutdoorAirFlow,MATCH(Logic!$A25,inputs_EquipNo,0)),"") | F25: =IFERROR(IF(ISBLANK(B25),"",D25*E25),"") | G25: =IF(INDEX(inputs_HeatRecReq,MATCH(Logic!$A25,inputs_EquipNo,0))<>"",INDEX(inputs_HeatRecReq,MATCH(Logic!$A25,inputs_EquipNo,0)),"")
A26: 5 | B26: =IF(INDEX(inputs_EquipTag,MATCH(Logic!$A26,inputs_EquipNo,0))<>"",INDEX(inputs_EquipTag,MATCH(Logic!$A26,inputs_EquipNo,0)),"") | C26: =IF(INDEX(inputs_EquipType,MATCH(Logic!$A26,inputs_EquipNo,0))<>"",INDEX(inputs_EquipType,MATCH(Logic!$A26,inputs_EquipNo,0)),"") | D26: =IF(INDEX(inputs_VentEquipQuant,MATCH(Logic!$A26,inputs_EquipNo,0))<>"",INDEX(inputs_VentEquipQuant,MATCH(Logic!$A26,inputs_EquipNo,0)),"") | E26: =IF(INDEX(inputs_OutdoorAirFlow,MATCH(Logic!$A26,inputs_EquipNo,0))<>"",INDEX(inputs_OutdoorAirFlow,MATCH(Logic!$A26,inputs_EquipNo,0)),"") | F26: =IFERROR(IF(ISBLANK(B26),"",D26*E26),"") | G26: =IF(INDEX(inputs_HeatRecReq,MATCH(Logic!$A26,inputs_EquipNo,0))<>"",INDEX(inputs_HeatRecReq,MATCH(Logic!$A26,inputs_EquipNo,0)),"")
A27: 6 | B27: =IF(INDEX(inputs_EquipTag,MATCH(Logic!$A27,inputs_EquipNo,0))<>"",INDEX(inputs_EquipTag,MATCH(Logic!$A27,inputs_EquipNo,0)),"") | C27: =IF(INDEX(inputs_EquipType,MATCH(Logic!$A27,inputs_EquipNo,0))<>"",INDEX(inputs_EquipType,MATCH(Logic!$A27,inputs_EquipNo,0)),"") | D27: =IF(INDEX(inputs_VentEquipQuant,MATCH(Logic!$A27,inputs_EquipNo,0))<>"",INDEX(inputs_VentEquipQuant,MATCH(Logic!$A27,inputs_EquipNo,0)),"") | E27: =IF(INDEX(inputs_OutdoorAirFlow,MATCH(Logic!$A27,inputs_EquipNo,0))<>"",INDEX(inputs_OutdoorAirFlow,MATCH(Logic!$A27,inputs_EquipNo,0)),"") | F27: =IFERROR(IF(ISBLANK(B27),"",D27*E27),"") | G27: =IF(INDEX(inputs_HeatRecReq,MATCH(Logic!$A27,inputs_EquipNo,0))<>"",INDEX(inputs_HeatRecReq,MATCH(Logic!$A27,inputs_EquipNo,0)),"")
A28: 7 | B28: =IF(INDEX(inputs_EquipTag,MATCH(Logic!$A28,inputs_EquipNo,0))<>"",INDEX(inputs_EquipTag,MATCH(Logic!$A28,inputs_EquipNo,0)),"") | C28: =IF(INDEX(inputs_EquipType,MATCH(Logic!$A28,inputs_EquipNo,0))<>"",INDEX(inputs_EquipType,MATCH(Logic!$A28,inputs_EquipNo,0)),"") | D28: =IF(INDEX(inputs_VentEquipQuant,MATCH(Logic!$A28,inputs_EquipNo,0))<>"",INDEX(inputs_VentEquipQuant,MATCH(Logic!$A28,inputs_EquipNo,0)),"") | E28: =IF(INDEX(inputs_OutdoorAirFlow,MATCH(Logic!$A28,inputs_EquipNo,0))<>"",INDEX(inputs_OutdoorAirFlow,MATCH(Logic!$A28,inputs_EquipNo,0)),"") | F28: =IFERROR(IF(ISBLANK(B28),"",D28*E28),"") | G28: =IF(INDEX(inputs_HeatRecReq,MATCH(Logic!$A28,inputs_EquipNo,0))<>"",INDEX(inputs_HeatRecReq,MATCH(Logic!$A28,inputs_EquipNo,0)),"")
A29: 8 | B29: =IF(INDEX(inputs_EquipTag,MATCH(Logic!$A29,inputs_EquipNo,0))<>"",INDEX(inputs_EquipTag,MATCH(Logic!$A29,inputs_EquipNo,0)),"") | C29: =IF(INDEX(inputs_EquipType,MATCH(Logic!$A29,inputs_EquipNo,0))<>"",INDEX(inputs_EquipType,MATCH(Logic!$A29,inputs_EquipNo,0)),"") | D29: =IF(INDEX(inputs_VentEquipQuant,MATCH(Logic!$A29,inputs_EquipNo,0))<>"",INDEX(inputs_VentEquipQuant,MATCH(Logic!$A29,inputs_EquipNo,0)),"") | E29: =IF(INDEX(inputs_OutdoorAirFlow,MATCH(Logic!$A29,inputs_EquipNo,0))<>"",INDEX(inputs_OutdoorAirFlow,MATCH(Logic!$A29,inputs_EquipNo,0)),"") | F29: =IFERROR(IF(ISBLANK(B29),"",D29*E29),"") | G29: =IF(INDEX(inputs_HeatRecReq,MATCH(Logic!$A29,inputs_EquipNo,0))<>"",INDEX(inputs_HeatRecReq,MATCH(Logic!$A29,inputs_EquipNo,0)),"")
A30: 9 | B30: =IF(INDEX(inputs_EquipTag,MATCH(Logic!$A30,inputs_EquipNo,0))<>"",INDEX(inputs_EquipTag,MATCH(Logic!$A30,inputs_EquipNo,0)),"") | C30: =IF(INDEX(inputs_EquipType,MATCH(Logic!$A30,inputs_EquipNo,0))<>"",INDEX(inputs_EquipType,MATCH(Logic!$A30,inputs_EquipNo,0)),"") | D30: =IF(INDEX(inputs_VentEquipQuant,MATCH(Logic!$A30,inputs_EquipNo,0))<>"",INDEX(inputs_VentEquipQuant,MATCH(Logic!$A30,inputs_EquipNo,0)),"") | E30: =IF(INDEX(inputs_OutdoorAirFlow,MATCH(Logic!$A30,inputs_EquipNo,0))<>"",INDEX(inputs_OutdoorAirFlow,MATCH(Logic!$A30,inputs_EquipNo,0)),"") | F30: =IFERROR(IF(ISBLANK(B30),"",D30*E30),"") | G30: =IF(INDEX(inputs_HeatRecReq,MATCH(Logic!$A30,inputs_EquipNo,0))<>"",INDEX(inputs_HeatRecReq,MATCH(Logic!$A30,inputs_EquipNo,0)),"")
A31: 10 | B31: =IF(INDEX(inputs_EquipTag,MATCH(Logic!$A31,inputs_EquipNo,0))<>"",INDEX(inputs_EquipTag,MATCH(Logic!$A31,inputs_EquipNo,0)),"") | C31: =IF(INDEX(inputs_EquipType,MATCH(Logic!$A31,inputs_EquipNo,0))<>"",INDEX(inputs_EquipType,MATCH(Logic!$A31,inputs_EquipNo,0)),"") | D31: =IF(INDEX(inputs_VentEquipQuant,MATCH(Logic!$A31,inputs_EquipNo,0))<>"",INDEX(inputs_VentEquipQuant,MATCH(Logic!$A31,inputs_EquipNo,0)),"") | E31: =IF(INDEX(inputs_OutdoorAirFlow,MATCH(Logic!$A31,inputs_EquipNo,0))<>"",INDEX(inputs_OutdoorAirFlow,MATCH(Logic!$A31,inputs_EquipNo,0)),"") | F31: =IFERROR(IF(ISBLANK(B31),"",D31*E31),"") | G31: =IF(INDEX(inputs_HeatRecReq,MATCH(Logic!$A31,inputs_EquipNo,0))<>"",INDEX(inputs_HeatRecReq,MATCH(Logic!$A31,inputs_EquipNo,0)),"") | I31: Click + to left for additional rows
A32: 11 | B32: =IF(INDEX(inputs_EquipTag,MATCH(Logic!$A32,inputs_EquipNo,0))<>"",INDEX(inputs_EquipTag,MATCH(Logic!$A32,inputs_EquipNo,0)),"") | C32: =IF(INDEX(inputs_EquipType,MATCH(Logic!$A32,inputs_EquipNo,0))<>"",INDEX(inputs_EquipType,MATCH(Logic!$A32,inputs_EquipNo,0)),"") | D32: =IF(INDEX(inputs_VentEquipQuant,MATCH(Logic!$A32,inputs_EquipNo,0))<>"",INDEX(inputs_VentEquipQuant,MATCH(Logic!$A32,inputs_EquipNo,0)),"") | E32: =IF(INDEX(inputs_OutdoorAirFlow,MATCH(Logic!$A32,inputs_EquipNo,0))<>"",INDEX(inputs_OutdoorAirFlow,MATCH(Logic!$A32,inputs_EquipNo,0)),"") | F32: =IFERROR(IF(ISBLANK(B32),"",D32*E32),"") | G32: =IF(INDEX(inputs_HeatRecReq,MATCH(Logic!$A32,inputs_EquipNo,0))<>"",INDEX(inputs_HeatRecReq,MATCH(Logic!$A32,inputs_EquipNo,0)),"")
A33: 12 | B33: =IF(INDEX(inputs_EquipTag,MATCH(Logic!$A33,inputs_EquipNo,0))<>"",INDEX(inputs_EquipTag,MATCH(Logic!$A33,inputs_EquipNo,0)),"") | C33: =IF(INDEX(inputs_EquipType,MATCH(Logic!$A33,inputs_EquipNo,0))<>"",INDEX(inputs_EquipType,MATCH(Logic!$A33,inputs_EquipNo,0)),"") | D33: =IF(INDEX(inputs_VentEquipQuant,MATCH(Logic!$A33,inputs_EquipNo,0))<>"",INDEX(inputs_VentEquipQuant,MATCH(Logic!$A33,inputs_EquipNo,0)),"") | E33: =IF(INDEX(inputs_OutdoorAirFlow,MATCH(Logic!$A33,inputs_EquipNo,0))<>"",INDEX(inputs_OutdoorAirFlow,MATCH(Logic!$A33,inputs_EquipNo,0)),"") | F33: =IFERROR(IF(ISBLANK(B33),"",D33*E33),"") | G33: =IF(INDEX(inputs_HeatRecReq,MATCH(Logic!$A33,inputs_EquipNo,0))<>"",INDEX(inputs_HeatRecReq,MATCH(Logic!$A33,inputs_EquipNo,0)),"")
A34: 13 | B34: =IF(INDEX(inputs_EquipTag,MATCH(Logic!$A34,inputs_EquipNo,0))<>"",INDEX(inputs_EquipTag,MATCH(Logic!$A34,inputs_EquipNo,0)),"") | C34: =IF(INDEX(inputs_EquipType,MATCH(Logic!$A34,inputs_EquipNo,0))<>"",INDEX(inputs_EquipType,MATCH(Logic!$A34,inputs_EquipNo,0)),"") | D34: =IF(INDEX(inputs_VentEquipQuant,MATCH(Logic!$A34,inputs_EquipNo,0))<>"",INDEX(inputs_VentEquipQuant,MATCH(Logic!$A34,inputs_EquipNo,0)),"") | E34: =IF(INDEX(inputs_OutdoorAirFlow,MATCH(Logic!$A34,inputs_EquipNo,0))<>"",INDEX(inputs_OutdoorAirFlow,MATCH(Logic!$A34,inputs_EquipNo,0)),"") | F34: =IFERROR(IF(ISBLANK(B34),"",D34*E34),"") | G34: =IF(INDEX(inputs_HeatRecReq,MATCH(Logic!$A34,inputs_EquipNo,0))<>"",INDEX(inputs_HeatRecReq,MATCH(Logic!$A34,inputs_EquipNo,0)),"")
A35: 14 | B35: =IF(INDEX(inputs_EquipTag,MATCH(Logic!$A35,inputs_EquipNo,0))<>"",INDEX(inputs_EquipTag,MATCH(Logic!$A35,inputs_EquipNo,0)),"") | C35: =IF(INDEX(inputs_EquipType,MATCH(Logic!$A35,inputs_EquipNo,0))<>"",INDEX(inputs_EquipType,MATCH(Logic!$A35,inputs_EquipNo,0)),"") | D35: =IF(INDEX(inputs_VentEquipQuant,MATCH(Logic!$A35,inputs_EquipNo,0))<>"",INDEX(inputs_VentEquipQuant,MATCH(Logic!$A35,inputs_EquipNo,0)),"") | E35: =IF(INDEX(inputs_OutdoorAirFlow,MATCH(Logic!$A35,inputs_EquipNo,0))<>"",INDEX(inputs_OutdoorAirFlow,MATCH(Logic!$A35,inputs_EquipNo,0)),"") | F35: =IFERROR(IF(ISBLANK(B35),"",D35*E35),"") | G35: =IF(INDEX(inputs_HeatRecReq,MATCH(Logic!$A35,inputs_EquipNo,0))<>"",INDEX(inputs_HeatRecReq,MATCH(Logic!$A35,inputs_EquipNo,0)),"")
A36: 15 | B36: =IF(INDEX(inputs_EquipTag,MATCH(Logic!$A36,inputs_EquipNo,0))<>"",INDEX(inputs_EquipTag,MATCH(Logic!$A36,inputs_EquipNo,0)),"") | C36: =IF(INDEX(inputs_EquipType,MATCH(Logic!$A36,inputs_EquipNo,0))<>"",INDEX(inputs_EquipType,MATCH(Logic!$A36,inputs_EquipNo,0)),"") | D36: =IF(INDEX(inputs_VentEquipQuant,MATCH(Logic!$A36,inputs_EquipNo,0))<>"",INDEX(inputs_VentEquipQuant,MATCH(Logic!$A36,inputs_EquipNo,0)),"") | E36: =IF(INDEX(inputs_OutdoorAirFlow,MATCH(Logic!$A36,inputs_EquipNo,0))<>"",INDEX(inputs_OutdoorAirFlow,MATCH(Logic!$A36,inputs_EquipNo,0)),"") | F36: =IFERROR(IF(ISBLANK(B36),"",D36*E36),"") | G36: =IF(INDEX(inputs_HeatRecReq,MATCH(Logic!$A36,inputs_EquipNo,0))<>"",INDEX(inputs_HeatRecReq,MATCH(Logic!$A36,inputs_EquipNo,0)),"")
A37: 16 | B37: =IF(INDEX(inputs_EquipTag,MATCH(Logic!$A37,inputs_EquipNo,0))<>"",INDEX(inputs_EquipTag,MATCH(Logic!$A37,inputs_EquipNo,0)),"") | C37: =IF(INDEX(inputs_EquipType,MATCH(Logic!$A37,inputs_EquipNo,0))<>"",INDEX(inputs_EquipType,MATCH(Logic!$A37,inputs_EquipNo,0)),"") | D37: =IF(INDEX(inputs_VentEquipQuant,MATCH(Logic!$A37,inputs_EquipNo,0))<>"",INDEX(inputs_VentEquipQuant,MATCH(Logic!$A37,inputs_EquipNo,0)),"") | E37: =IF(INDEX(inputs_OutdoorAirFlow,MATCH(Logic!$A37,inputs_EquipNo,0))<>"",INDEX(inputs_OutdoorAirFlow,MATCH(Logic!$A37,inputs_EquipNo,0)),"") | F37: =IFERROR(IF(ISBLANK(B37),"",D37*E37),"") | G37: =IF(INDEX(inputs_HeatRecReq,MATCH(Logic!$A37,inputs_EquipNo,0))<>"",INDEX(inputs_HeatRecReq,MATCH(Logic!$A37,inputs_EquipNo,0)),"")
A38: 17 | B38: =IF(INDEX(inputs_EquipTag,MATCH(Logic!$A38,inputs_EquipNo,0))<>"",INDEX(inputs_EquipTag,MATCH(Logic!$A38,inputs_EquipNo,0)),"") | C38: =IF(INDEX(inputs_EquipType,MATCH(Logic!$A38,inputs_EquipNo,0))<>"",INDEX(inputs_EquipType,MATCH(Logic!$A38,inputs_EquipNo,0)),"") | D38: =IF(INDEX(inputs_VentEquipQuant,MATCH(Logic!$A38,inputs_EquipNo,0))<>"",INDEX(inputs_VentEquipQuant,MATCH(Logic!$A38,inputs_EquipNo,0)),"") | E38: =IF(INDEX(inputs_OutdoorAirFlow,MATCH(Logic!$A38,inputs_EquipNo,0))<>"",INDEX(inputs_OutdoorAirFlow,MATCH(Logic!$A38,inputs_EquipNo,0)),"") | F38: =IFERROR(IF(ISBLANK(B38),"",D38*E38),"") | G38: =IF(INDEX(inputs_HeatRecReq,MATCH(Logic!$A38,inputs_EquipNo,0))<>"",INDEX(inputs_HeatRecReq,MATCH(Logic!$A38,inputs_EquipNo,0)),"")
A39: 18 | B39: =IF(INDEX(inputs_EquipTag,MATCH(Logic!$A39,inputs_EquipNo,0))<>"",INDEX(inputs_EquipTag,MATCH(Logic!$A39,inputs_EquipNo,0)),"") | C39: =IF(INDEX(inputs_EquipType,MATCH(Logic!$A39,inputs_EquipNo,0))<>"",INDEX(inputs_EquipType,MATCH(Logic!$A39,inputs_EquipNo,0)),"") | D39: =IF(INDEX(inputs_VentEquipQuant,MATCH(Logic!$A39,inputs_EquipNo,0))<>"",INDEX(inputs_VentEquipQuant,MATCH(Logic!$A39,inputs_EquipNo,0)),"") | E39: =IF(INDEX(inputs_OutdoorAirFlow,MATCH(Logic!$A39,inputs_EquipNo,0))<>"",INDEX(inputs_OutdoorAirFlow,MATCH(Logic!$A39,inputs_EquipNo,0)),"") | F39: =IFERROR(IF(ISBLANK(B39),"",D39*E39),"") | G39: =IF(INDEX(inputs_HeatRecReq,MATCH(Logic!$A39,inputs_EquipNo,0))<>"",INDEX(inputs_HeatRecReq,MATCH(Logic!$A39,inputs_EquipNo,0)),"")
A40: 19 | B40: =IF(INDEX(inputs_EquipTag,MATCH(Logic!$A40,inputs_EquipNo,0))<>"",INDEX(inputs_EquipTag,MATCH(Logic!$A40,inputs_EquipNo,0)),"") | C40: =IF(INDEX(inputs_EquipType,MATCH(Logic!$A40,inputs_EquipNo,0))<>"",INDEX(inputs_EquipType,MATCH(Logic!$A40,inputs_EquipNo,0)),"") | D40: =IF(INDEX(inputs_VentEquipQuant,MATCH(Logic!$A40,inputs_EquipNo,0))<>"",INDEX(inputs_VentEquipQuant,MATCH(Logic!$A40,inputs_EquipNo,0)),"") | E40: =IF(INDEX(inputs_OutdoorAirFlow,MATCH(Logic!$A40,inputs_EquipNo,0))<>"",INDEX(inputs_OutdoorAirFlow,MATCH(Logic!$A40,inputs_EquipNo,0)),"") | F40: =IFERROR(IF(ISBLANK(B40),"",D40*E40),"") | G40: =IF(INDEX(inputs_HeatRecReq,MATCH(Logic!$A40,inputs_EquipNo,0))<>"",INDEX(inputs_HeatRecReq,MATCH(Logic!$A40,inputs_EquipNo,0)),"")
A41: 20 | B41: =IF(INDEX(inputs_EquipTag,MATCH(Logic!$A41,inputs_EquipNo,0))<>"",INDEX(inputs_EquipTag,MATCH(Logic!$A41,inputs_EquipNo,0)),"") | C41: =IF(INDEX(inputs_EquipType,MATCH(Logic!$A41,inputs_EquipNo,0))<>"",INDEX(inputs_EquipType,MATCH(Logic!$A41,inputs_EquipNo,0)),"") | D41: =IF(INDEX(inputs_VentEquipQuant,MATCH(Logic!$A41,inputs_EquipNo,0))<>"",INDEX(inputs_VentEquipQuant,MATCH(Logic!$A41,inputs_EquipNo,0)),"") | E41: =IF(INDEX(inputs_OutdoorAirFlow,MATCH(Logic!$A41,inputs_EquipNo,0))<>"",INDEX(inputs_OutdoorAirFlow,MATCH(Logic!$A41,inputs_EquipNo,0)),"") | F41: =IFERROR(IF(ISBLANK(B41),"",D41*E41),"") | G41: =IF(INDEX(inputs_HeatRecReq,MATCH(Logic!$A41,inputs_EquipNo,0))<>"",INDEX(inputs_HeatRecReq,MATCH(Logic!$A41,inputs_EquipNo,0)),"")
A42: 21 | B42: =IF(INDEX(inputs_EquipTag,MATCH(Logic!$A42,inputs_EquipNo,0))<>"",INDEX(inputs_EquipTag,MATCH(Logic!$A42,inputs_EquipNo,0)),"") | C42: =IF(INDEX(inputs_EquipType,MATCH(Logic!$A42,inputs_EquipNo,0))<>"",INDEX(inputs_EquipType,MATCH(Logic!$A42,inputs_EquipNo,0)),"") | D42: =IF(INDEX(inputs_VentEquipQuant,MATCH(Logic!$A42,inputs_EquipNo,0))<>"",INDEX(inputs_VentEquipQuant,MATCH(Logic!$A42,inputs_EquipNo,0)),"") | E42: =IF(INDEX(inputs_OutdoorAirFlow,MATCH(Logic!$A42,inputs_EquipNo,0))<>"",INDEX(inputs_OutdoorAirFlow,MATCH(Logic!$A42,inputs_EquipNo,0)),"") | F42: =IFERROR(IF(ISBLANK(B42),"",D42*E42),"") | G42: =IF(INDEX(inputs_HeatRecReq,MATCH(Logic!$A42,inputs_EquipNo,0))<>"",INDEX(inputs_HeatRecReq,MATCH(Logic!$A42,inputs_EquipNo,0)),"")
A43: 22 | B43: =IF(INDEX(inputs_EquipTag,MATCH(Logic!$A43,inputs_EquipNo,0))<>"",INDEX(inputs_EquipTag,MATCH(Logic!$A43,inputs_EquipNo,0)),"") | C43: =IF(INDEX(inputs_EquipType,MATCH(Logic!$A43,inputs_EquipNo,0))<>"",INDEX(inputs_EquipType,MATCH(Logic!$A43,inputs_EquipNo,0)),"") | D43: =IF(INDEX(inputs_VentEquipQuant,MATCH(Logic!$A43,inputs_EquipNo,0))<>"",INDEX(inputs_VentEquipQuant,MATCH(Logic!$A43,inputs_EquipNo,0)),"") | E43: =IF(INDEX(inputs_OutdoorAirFlow,MATCH(Logic!$A43,inputs_EquipNo,0))<>"",INDEX(inputs_OutdoorAirFlow,MATCH(Logic!$A43,inputs_EquipNo,0)),"") | F43: =IFERROR(IF(ISBLANK(B43),"",D43*E43),"") | G43: =IF(INDEX(inputs_HeatRecReq,MATCH(Logic!$A43,inputs_EquipNo,0))<>"",INDEX(inputs_HeatRecReq,MATCH(Logic!$A43,inputs_EquipNo,0)),"")
... A51: 30 | B51: =IF(INDEX(inputs_EquipTag,MATCH(Logic!$A51,inputs_EquipNo,0))<>"",INDEX(inputs_EquipTag,MATCH(Logic!$A51,inputs_EquipNo,0)),"") | C51: =IF(INDEX(inputs_EquipType,MATCH(Logic!$A51,inputs_EquipNo,0))<>"",INDEX(inputs_EquipType,MATCH(Logic!$A51,inputs_EquipNo,0)),"") | D51: =IF(INDEX(inputs_VentEquipQuant,MATCH(Logic!$A51,inputs_EquipNo,0))<>"",INDEX(inputs_VentEquipQuant,MATCH(Logic!$A51,inputs_EquipNo,0)),"") | E51: =IF(INDEX(inputs_OutdoorAirFlow,MATCH(Logic!$A51,inputs_EquipNo,0))<>"",INDEX(inputs_OutdoorAirFlow,MATCH(Logic!$A51,inputs_EquipNo,0)),"") | F51: =IFERROR(IF(ISBLANK(B51),"",D51*E51),"") | G51: =IF(INDEX(inputs_HeatRecReq,MATCH(Logic!$A51,inputs_EquipNo,0))<>"",INDEX(inputs_HeatRecReq,MATCH(Logic!$A51,inputs_EquipNo,0)),"")
A52: 31 | B52: =IF(INDEX(inputs_EquipTag,MATCH(Logic!$A52,inputs_EquipNo,0))<>"",INDEX(inputs_EquipTag,MATCH(Logic!$A52,inputs_EquipNo,0)),"") | C52: =IF(INDEX(inputs_EquipType,MATCH(Logic!$A52,inputs_EquipNo,0))<>"",INDEX(inputs_EquipType,MATCH(Logic!$A52,inputs_EquipNo,0)),"") | D52: =IF(INDEX(inputs_VentEquipQuant,MATCH(Logic!$A52,inputs_EquipNo,0))<>"",INDEX(inputs_VentEquipQuant,MATCH(Logic!$A52,inputs_EquipNo,0)),"") | E52: =IF(INDEX(inputs_OutdoorAirFlow,MATCH(Logic!$A52,inputs_EquipNo,0))<>"",INDEX(inputs_OutdoorAirFlow,MATCH(Logic!$A52,inputs_EquipNo,0)),"") | F52: =IFERROR(IF(ISBLANK(B52),"",D52*E52),"") | G52: =IF(INDEX(inputs_HeatRecReq,MATCH(Logic!$A52,inputs_EquipNo,0))<>"",INDEX(inputs_HeatRecReq,MATCH(Logic!$A52,inputs_EquipNo,0)),"") | I52: Click + to left for additional rows
A53: 32 | B53: =IF(INDEX(inputs_EquipTag,MATCH(Logic!$A53,inputs_EquipNo,0))<>"",INDEX(inputs_EquipTag,MATCH(Logic!$A53,inputs_EquipNo,0)),"") | C53: =IF(INDEX(inputs_EquipType,MATCH(Logic!$A53,inputs_EquipNo,0))<>"",INDEX(inputs_EquipType,MATCH(Logic!$A53,inputs_EquipNo,0)),"") | D53: =IF(INDEX(inputs_VentEquipQuant,MATCH(Logic!$A53,inputs_EquipNo,0))<>"",INDEX(inputs_VentEquipQuant,MATCH(Logic!$A53,inputs_EquipNo,0)),"") | E53: =IF(INDEX(inputs_OutdoorAirFlow,MATCH(Logic!$A53,inputs_EquipNo,0))<>"",INDEX(inputs_OutdoorAirFlow,MATCH(Logic!$A53,inputs_EquipNo,0)),"") | F53: =IFERROR(IF(ISBLANK(B53),"",D53*E53),"") | G53: =IF(INDEX(inputs_HeatRecReq,MATCH(Logic!$A53,inputs_EquipNo,0))<>"",INDEX(inputs_HeatRecReq,MATCH(Logic!$A53,inputs_EquipNo,0)),"")
A54: 33 | B54: =IF(INDEX(inputs_EquipTag,MATCH(Logic!$A54,inputs_EquipNo,0))<>"",INDEX(inputs_EquipTag,MATCH(Logic!$A54,inputs_EquipNo,0)),"") | C54: =IF(INDEX(inputs_EquipType,MATCH(Logic!$A54,inputs_EquipNo,0))<>"",INDEX(inputs_EquipType,MATCH(Logic!$A54,inputs_EquipNo,0)),"") | D54: =IF(INDEX(inputs_VentEquipQuant,MATCH(Logic!$A54,inputs_EquipNo,0))<>"",INDEX(inputs_VentEquipQuant,MATCH(Logic!$A54,inputs_EquipNo,0)),"") | E54: =IF(INDEX(inputs_OutdoorAirFlow,MATCH(Logic!$A54,inputs_EquipNo,0))<>"",INDEX(inputs_OutdoorAirFlow,MATCH(Logic!$A54,inputs_EquipNo,0)),"") | F54: =IFERROR(IF(ISBLANK(B54),"",D54*E54),"") | G54: =IF(INDEX(inputs_HeatRecReq,MATCH(Logic!$A54,inputs_EquipNo,0))<>"",INDEX(inputs_HeatRecReq,MATCH(Logic!$A54,inputs_EquipNo,0)),"")
A55: 34 | B55: =IF(INDEX(inputs_EquipTag,MATCH(Logic!$A55,inputs_EquipNo,0))<>"",INDEX(inputs_EquipTag,MATCH(Logic!$A55,inputs_EquipNo,0)),"") | C55: =IF(INDEX(inputs_EquipType,MATCH(Logic!$A55,inputs_EquipNo,0))<>"",INDEX(inputs_EquipType,MATCH(Logic!$A55,inputs_EquipNo,0)),"") | D55: =IF(INDEX(inputs_VentEquipQuant,MATCH(Logic!$A55,inputs_EquipNo,0))<>"",INDEX(inputs_VentEquipQuant,MATCH(Logic!$A55,inputs_EquipNo,0)),"") | E55: =IF(INDEX(inputs_OutdoorAirFlow,MATCH(Logic!$A55,inputs_EquipNo,0))<>"",INDEX(inputs_OutdoorAirFlow,MATCH(Logic!$A55,inputs_EquipNo,0)),"") | F55: =IFERROR(IF(ISBLANK(B55),"",D55*E55),"") | G55: =IF(INDEX(inputs_HeatRecReq,MATCH(Logic!$A55,inputs_EquipNo,0))<>"",INDEX(inputs_HeatRecReq,MATCH(Logic!$A55,inputs_EquipNo,0)),"")
A56: 35 | B56: =IF(INDEX(inputs_EquipTag,MATCH(Logic!$A56,inputs_EquipNo,0))<>"",INDEX(inputs_EquipTag,MATCH(Logic!$A56,inputs_EquipNo,0)),"") | C56: =IF(INDEX(inputs_EquipType,MATCH(Logic!$A56,inputs_EquipNo,0))<>"",INDEX(inputs_EquipType,MATCH(Logic!$A56,inputs_EquipNo,0)),"") | D56: =IF(INDEX(inputs_VentEquipQuant,MATCH(Logic!$A56,inputs_EquipNo,0))<>"",INDEX(inputs_VentEquipQuant,MATCH(Logic!$A56,inputs_EquipNo,0)),"") | E56: =IF(INDEX(inputs_OutdoorAirFlow,MATCH(Logic!$A56,inputs_EquipNo,0))<>"",INDEX(inputs_OutdoorAirFlow,MATCH(Logic!$A56,inputs_EquipNo,0)),"") | F56: =IFERROR(IF(ISBLANK(B56),"",D56*E56),"") | G56: =IF(INDEX(inputs_HeatRecReq,MATCH(Logic!$A56,inputs_EquipNo,0))<>"",INDEX(inputs_HeatRecReq,MATCH(Logic!$A56,inputs_EquipNo,0)),"")
A57: 36 | B57: =IF(INDEX(inputs_EquipTag,MATCH(Logic!$A57,inputs_EquipNo,0))<>"",INDEX(inputs_EquipTag,MATCH(Logic!$A57,inputs_EquipNo,0)),"") | C57: =IF(INDEX(inputs_EquipType,MATCH(Logic!$A57,inputs_EquipNo,0))<>"",INDEX(inputs_EquipType,MATCH(Logic!$A57,inputs_EquipNo,0)),"") | D57: =IF(INDEX(inputs_VentEquipQuant,MATCH(Logic!$A57,inputs_EquipNo,0))<>"",INDEX(inputs_VentEquipQuant,MATCH(Logic!$A57,inputs_EquipNo,0)),"") | E57: =IF(INDEX(inputs_OutdoorAirFlow,MATCH(Logic!$A57,inputs_EquipNo,0))<>"",INDEX(inputs_OutdoorAirFlow,MATCH(Logic!$A57,inputs_EquipNo,0)),"") | F57: =IFERROR(IF(ISBLANK(B57),"",D57*E57),"") | G57: =IF(INDEX(inputs_HeatRecReq,MATCH(Logic!$A57,inputs_EquipNo,0))<>"",INDEX(inputs_HeatRecReq,MATCH(Logic!$A57,inputs_EquipNo,0)),"")
A58: 37 | B58: =IF(INDEX(inputs_EquipTag,MATCH(Logic!$A58,inputs_EquipNo,0))<>"",INDEX(inputs_EquipTag,MATCH(Logic!$A58,inputs_EquipNo,0)),"") | C58: =IF(INDEX(inputs_EquipType,MATCH(Logic!$A58,inputs_EquipNo,0))<>"",INDEX(inputs_EquipType,MATCH(Logic!$A58,inputs_EquipNo,0)),"") | D58: =IF(INDEX(inputs_VentEquipQuant,MATCH(Logic!$A58,inputs_EquipNo,0))<>"",INDEX(inputs_VentEquipQuant,MATCH(Logic!$A58,inputs_EquipNo,0)),"") | E58: =IF(INDEX(inputs_OutdoorAirFlow,MATCH(Logic!$A58,inputs_EquipNo,0))<>"",INDEX(inputs_OutdoorAirFlow,MATCH(Logic!$A58,inputs_EquipNo,0)),"") | F58: =IFERROR(IF(ISBLANK(B58),"",D58*E58),"") | G58: =IF(INDEX(inputs_HeatRecReq,MATCH(Logic!$A58,inputs_EquipNo,0))<>"",INDEX(inputs_HeatRecReq,MATCH(Logic!$A58,inputs_EquipNo,0)),"")
A59: 38 | B59: =IF(INDEX(inputs_EquipTag,MATCH(Logic!$A59,inputs_EquipNo,0))<>"",INDEX(inputs_EquipTag,MATCH(Logic!$A59,inputs_EquipNo,0)),"") | C59: =IF(INDEX(inputs_EquipType,MATCH(Logic!$A59,inputs_EquipNo,0))<>"",INDEX(inputs_EquipType,MATCH(Logic!$A59,inputs_EquipNo,0)),"") | D59: =IF(INDEX(inputs_VentEquipQuant,MATCH(Logic!$A59,inputs_EquipNo,0))<>"",INDEX(inputs_VentEquipQuant,MATCH(Logic!$A59,inputs_EquipNo,0)),"") | E59: =IF(INDEX(inputs_OutdoorAirFlow,MATCH(Logic!$A59,inputs_EquipNo,0))<>"",INDEX(inputs_OutdoorAirFlow,MATCH(Logic!$A59,inputs_EquipNo,0)),"") | F59: =IFERROR(IF(ISBLANK(B59),"",D59*E59),"") | G59: =IF(INDEX(inputs_HeatRecReq,MATCH(Logic!$A59,inputs_EquipNo,0))<>"",INDEX(inputs_HeatRecReq,MATCH(Logic!$A59,inputs_EquipNo,0)),"")
A60: 39 | B60: =IF(INDEX(inputs_EquipTag,MATCH(Logic!$A60,inputs_EquipNo,0))<>"",INDEX(inputs_EquipTag,MATCH(Logic!$A60,inputs_EquipNo,0)),"") | C60: =IF(INDEX(inputs_EquipType,MATCH(Logic!$A60,inputs_EquipNo,0))<>"",INDEX(inputs_EquipType,MATCH(Logic!$A60,inputs_EquipNo,0)),"") | D60: =IF(INDEX(inputs_VentEquipQuant,MATCH(Logic!$A60,inputs_EquipNo,0))<>"",INDEX(inputs_VentEquipQuant,MATCH(Logic!$A60,inputs_EquipNo,0)),"") | E60: =IF(INDEX(inputs_OutdoorAirFlow,MATCH(Logic!$A60,inputs_EquipNo,0))<>"",INDEX(inputs_OutdoorAirFlow,MATCH(Logic!$A60,inputs_EquipNo,0)),"") | F60: =IFERROR(IF(ISBLANK(B60),"",D60*E60),"") | G60: =IF(INDEX(inputs_HeatRecReq,MATCH(Logic!$A60,inputs_EquipNo,0))<>"",INDEX(inputs_HeatRecReq,MATCH(Logic!$A60,inputs_EquipNo,0)),"")
A61: 40 | B61: =IF(INDEX(inputs_EquipTag,MATCH(Logic!$A61,inputs_EquipNo,0))<>"",INDEX(inputs_EquipTag,MATCH(Logic!$A61,inputs_EquipNo,0)),"") | C61: =IF(INDEX(inputs_EquipType,MATCH(Logic!$A61,inputs_EquipNo,0))<>"",INDEX(inputs_EquipType,MATCH(Logic!$A61,inputs_EquipNo,0)),"") | D61: =IF(INDEX(inputs_VentEquipQuant,MATCH(Logic!$A61,inputs_EquipNo,0))<>"",INDEX(inputs_VentEquipQuant,MATCH(Logic!$A61,inputs_EquipNo,0)),"") | E61: =IF(INDEX(inputs_OutdoorAirFlow,MATCH(Logic!$A61,inputs_EquipNo,0))<>"",INDEX(inputs_OutdoorAirFlow,MATCH(Logic!$A61,inputs_EquipNo,0)),"") | F61: =IFERROR(IF(ISBLANK(B61),"",D61*E61),"") | G61: =IF(INDEX(inputs_HeatRecReq,MATCH(Logic!$A61,inputs_EquipNo,0))<>"",INDEX(inputs_HeatRecReq,MATCH(Logic!$A61,inputs_EquipNo,0)),"")
A62: 41 | B62: =IF(INDEX(inputs_EquipTag,MATCH(Logic!$A62,inputs_EquipNo,0))<>"",INDEX(inputs_EquipTag,MATCH(Logic!$A62,inputs_EquipNo,0)),"") | C62: =IF(INDEX(inputs_EquipType,MATCH(Logic!$A62,inputs_EquipNo,0))<>"",INDEX(inputs_EquipType,MATCH(Logic!$A62,inputs_EquipNo,0)),"") | D62: =IF(INDEX(inputs_VentEquipQuant,MATCH(Logic!$A62,inputs_EquipNo,0))<>"",INDEX(inputs_VentEquipQuant,MATCH(Logic!$A62,inputs_EquipNo,0)),"") | E62: =IF(INDEX(inputs_OutdoorAirFlow,MATCH(Logic!$A62,inputs_EquipNo,0))<>"",INDEX(inputs_OutdoorAirFlow,MATCH(Logic!$A62,inputs_EquipNo,0)),"") | F62: =IFERROR(IF(ISBLANK(B62),"",D62*E62),"") | G62: =IF(INDEX(inputs_HeatRecReq,MATCH(Logic!$A62,inputs_EquipNo,0))<>"",INDEX(inputs_HeatRecReq,MATCH(Logic!$A62,inputs_EquipNo,0)),"")
A63: 42 | B63: =IF(INDEX(inputs_EquipTag,MATCH(Logic!$A63,inputs_EquipNo,0))<>"",INDEX(inputs_EquipTag,MATCH(Logic!$A63,inputs_EquipNo,0)),"") | C63: =IF(INDEX(inputs_EquipType,MATCH(Logic!$A63,inputs_EquipNo,0))<>"",INDEX(inputs_EquipType,MATCH(Logic!$A63,inputs_EquipNo,0)),"") | D63: =IF(INDEX(inputs_VentEquipQuant,MATCH(Logic!$A63,inputs_EquipNo,0))<>"",INDEX(inputs_VentEquipQuant,MATCH(Logic!$A63,inputs_EquipNo,0)),"") | E63: =IF(INDEX(inputs_OutdoorAirFlow,MATCH(Logic!$A63,inputs_EquipNo,0))<>"",INDEX(inputs_OutdoorAirFlow,MATCH(Logic!$A63,inputs_EquipNo,0)),"") | F63: =IFERROR(IF(ISBLANK(B63),"",D63*E63),"") | G63: =IF(INDEX(inputs_HeatRecReq,MATCH(Logic!$A63,inputs_EquipNo,0))<>"",INDEX(inputs_HeatRecReq,MATCH(Logic!$A63,inputs_EquipNo,0)),"")
A64: 43 | B64: =IF(INDEX(inputs_EquipTag,MATCH(Logic!$A64,inputs_EquipNo,0))<>"",INDEX(inputs_EquipTag,MATCH(Logic!$A64,inputs_EquipNo,0)),"") | C64: =IF(INDEX(inputs_EquipType,MATCH(Logic!$A64,inputs_EquipNo,0))<>"",INDEX(inputs_EquipType,MATCH(Logic!$A64,inputs_EquipNo,0)),"") | D64: =IF(INDEX(inputs_VentEquipQuant,MATCH(Logic!$A64,inputs_EquipNo,0))<>"",INDEX(inputs_VentEquipQuant,MATCH(Logic!$A64,inputs_EquipNo,0)),"") | E64: =IF(INDEX(inputs_OutdoorAirFlow,MATCH(Logic!$A64,inputs_EquipNo,0))<>"",INDEX(inputs_OutdoorAirFlow,MATCH(Logic!$A64,inputs_EquipNo,0)),"") | F64: =IFERROR(IF(ISBLANK(B64),"",D64*E64),"") | G64: =IF(INDEX(inputs_HeatRecReq,MATCH(Logic!$A64,inputs_EquipNo,0))<>"",INDEX(inputs_HeatRecReq,MATCH(Logic!$A64,inputs_EquipNo,0)),"")
... A72: 51 | B72: =IF(INDEX(inputs_EquipTag,MATCH(Logic!$A72,inputs_EquipNo,0))<>"",INDEX(inputs_EquipTag,MATCH(Logic!$A72,inputs_EquipNo,0)),"") | C72: =IF(INDEX(inputs_EquipType,MATCH(Logic!$A72,inputs_EquipNo,0))<>"",INDEX(inputs_EquipType,MATCH(Logic!$A72,inputs_EquipNo,0)),"") | D72: =IF(INDEX(inputs_VentEquipQuant,MATCH(Logic!$A72,inputs_EquipNo,0))<>"",INDEX(inputs_VentEquipQuant,MATCH(Logic!$A72,inputs_EquipNo,0)),"") | E72: =IF(INDEX(inputs_OutdoorAirFlow,MATCH(Logic!$A72,inputs_EquipNo,0))<>"",INDEX(inputs_OutdoorAirFlow,MATCH(Logic!$A72,inputs_EquipNo,0)),"") | F72: =IFERROR(IF(ISBLANK(B72),"",D72*E72),"") | G72: =IF(INDEX(inputs_HeatRecReq,MATCH(Logic!$A72,inputs_EquipNo,0))<>"",INDEX(inputs_HeatRecReq,MATCH(Logic!$A72,inputs_EquipNo,0)),"")
A73: 52 | B73: =IF(INDEX(inputs_EquipTag,MATCH(Logic!$A73,inputs_EquipNo,0))<>"",INDEX(inputs_EquipTag,MATCH(Logic!$A73,inputs_EquipNo,0)),"") | C73: =IF(INDEX(inputs_EquipType,MATCH(Logic!$A73,inputs_EquipNo,0))<>"",INDEX(inputs_EquipType,MATCH(Logic!$A73,inputs_EquipNo,0)),"") | D73: =IF(INDEX(inputs_VentEquipQuant,MATCH(Logic!$A73,inputs_EquipNo,0))<>"",INDEX(inputs_VentEquipQuant,MATCH(Logic!$A73,inputs_EquipNo,0)),"") | E73: =IF(INDEX(inputs_OutdoorAirFlow,MATCH(Logic!$A73,inputs_EquipNo,0))<>"",INDEX(inputs_OutdoorAirFlow,MATCH(Logic!$A73,inputs_EquipNo,0)),"") | F73: =IFERROR(IF(ISBLANK(B73),"",D73*E73),"") | G73: =IF(INDEX(inputs_HeatRecReq,MATCH(Logic!$A73,inputs_EquipNo,0))<>"",INDEX(inputs_HeatRecReq,MATCH(Logic!$A73,inputs_EquipNo,0)),"") | I73: Click + to left for additional rows
A74: 53 | B74: =IF(INDEX(inputs_EquipTag,MATCH(Logic!$A74,inputs_EquipNo,0))<>"",INDEX(inputs_EquipTag,MATCH(Logic!$A74,inputs_EquipNo,0)),"") | C74: =IF(INDEX(inputs_EquipType,MATCH(Logic!$A74,inputs_EquipNo,0))<>"",INDEX(inputs_EquipType,MATCH(Logic!$A74,inputs_EquipNo,0)),"") | D74: =IF(INDEX(inputs_VentEquipQuant,MATCH(Logic!$A74,inputs_EquipNo,0))<>"",INDEX(inputs_VentEquipQuant,MATCH(Logic!$A74,inputs_EquipNo,0)),"") | E74: =IF(INDEX(inputs_OutdoorAirFlow,MATCH(Logic!$A74,inputs_EquipNo,0))<>"",INDEX(inputs_OutdoorAirFlow,MATCH(Logic!$A74,inputs_EquipNo,0)),"") | F74: =IFERROR(IF(ISBLANK(B74),"",D74*E74),"") | G74: =IF(INDEX(inputs_HeatRecReq,MATCH(Logic!$A74,inputs_EquipNo,0))<>"",INDEX(inputs_HeatRecReq,MATCH(Logic!$A74,inputs_EquipNo,0)),"")
A75: 54 | B75: =IF(INDEX(inputs_EquipTag,MATCH(Logic!$A75,inputs_EquipNo,0))<>"",INDEX(inputs_EquipTag,MATCH(Logic!$A75,inputs_EquipNo,0)),"") | C75: =IF(INDEX(inputs_EquipType,MATCH(Logic!$A75,inputs_EquipNo,0))<>"",INDEX(inputs_EquipType,MATCH(Logic!$A75,inputs_EquipNo,0)),"") | D75: =IF(INDEX(inputs_VentEquipQuant,MATCH(Logic!$A75,inputs_EquipNo,0))<>"",INDEX(inputs_VentEquipQuant,MATCH(Logic!$A75,inputs_EquipNo,0)),"") | E75: =IF(INDEX(inputs_OutdoorAirFlow,MATCH(Logic!$A75,inputs_EquipNo,0))<>"",INDEX(inputs_OutdoorAirFlow,MATCH(Logic!$A75,inputs_EquipNo,0)),"") | F75: =IFERROR(IF(ISBLANK(B75),"",D75*E75),"") | G75: =IF(INDEX(inputs_HeatRecReq,MATCH(Logic!$A75,inputs_EquipNo,0))<>"",INDEX(inputs_HeatRecReq,MATCH(Logic!$A75,inputs_EquipNo,0)),"")
A76: 55 | B76: =IF(INDEX(inputs_EquipTag,MATCH(Logic!$A76,inputs_EquipNo,0))<>"",INDEX(inputs_EquipTag,MATCH(Logic!$A76,inputs_EquipNo,0)),"") | C76: =IF(INDEX(inputs_EquipType,MATCH(Logic!$A76,inputs_EquipNo,0))<>"",INDEX(inputs_EquipType,MATCH(Logic!$A76,inputs_EquipNo,0)),"") | D76: =IF(INDEX(inputs_VentEquipQuant,MATCH(Logic!$A76,inputs_EquipNo,0))<>"",INDEX(inputs_VentEquipQuant,MATCH(Logic!$A76,inputs_EquipNo,0)),"") | E76: =IF(INDEX(inputs_OutdoorAirFlow,MATCH(Logic!$A76,inputs_EquipNo,0))<>"",INDEX(inputs_OutdoorAirFlow,MATCH(Logic!$A76,inputs_EquipNo,0)),"") | F76: =IFERROR(IF(ISBLANK(B76),"",D76*E76),"") | G76: =IF(INDEX(inputs_HeatRecReq,MATCH(Logic!$A76,inputs_EquipNo,0))<>"",INDEX(inputs_HeatRecReq,MATCH(Logic!$A76,inputs_EquipNo,0)),"")
A77: 56 | B77: =IF(INDEX(inputs_EquipTag,MATCH(Logic!$A77,inputs_EquipNo,0))<>"",INDEX(inputs_EquipTag,MATCH(Logic!$A77,inputs_EquipNo,0)),"") | C77: =IF(INDEX(inputs_EquipType,MATCH(Logic!$A77,inputs_EquipNo,0))<>"",INDEX(inputs_EquipType,MATCH(Logic!$A77,inputs_EquipNo,0)),"") | D77: =IF(INDEX(inputs_VentEquipQuant,MATCH(Logic!$A77,inputs_EquipNo,0))<>"",INDEX(inputs_VentEquipQuant,MATCH(Logic!$A77,inputs_EquipNo,0)),"") | E77: =IF(INDEX(inputs_OutdoorAirFlow,MATCH(Logic!$A77,inputs_EquipNo,0))<>"",INDEX(inputs_OutdoorAirFlow,MATCH(Logic!$A77,inputs_EquipNo,0)),"") | F77: =IFERROR(IF(ISBLANK(B77),"",D77*E77),"") | G77: =IF(INDEX(inputs_HeatRecReq,MATCH(Logic!$A77,inputs_EquipNo,0))<>"",INDEX(inputs_HeatRecReq,MATCH(Logic!$A77,inputs_EquipNo,0)),"")
A78: 57 | B78: =IF(INDEX(inputs_EquipTag,MATCH(Logic!$A78,inputs_EquipNo,0))<>"",INDEX(inputs_EquipTag,MATCH(Logic!$A78,inputs_EquipNo,0)),"") | C78: =IF(INDEX(inputs_EquipType,MATCH(Logic!$A78,inputs_EquipNo,0))<>"",INDEX(inputs_EquipType,MATCH(Logic!$A78,inputs_EquipNo,0)),"") | D78: =IF(INDEX(inputs_VentEquipQuant,MATCH(Logic!$A78,inputs_EquipNo,0))<>"",INDEX(inputs_VentEquipQuant,MATCH(Logic!$A78,inputs_EquipNo,0)),"") | E78: =IF(INDEX(inputs_OutdoorAirFlow,MATCH(Logic!$A78,inputs_EquipNo,0))<>"",INDEX(inputs_OutdoorAirFlow,MATCH(Logic!$A78,inputs_EquipNo,0)),"") | F78: =IFERROR(IF(ISBLANK(B78),"",D78*E78),"") | G78: =IF(INDEX(inputs_HeatRecReq,MATCH(Logic!$A78,inputs_EquipNo,0))<>"",INDEX(inputs_HeatRecReq,MATCH(Logic!$A78,inputs_EquipNo,0)),"")
A79: 58 | B79: =IF(INDEX(inputs_EquipTag,MATCH(Logic!$A79,inputs_EquipNo,0))<>"",INDEX(inputs_EquipTag,MATCH(Logic!$A79,inputs_EquipNo,0)),"") | C79: =IF(INDEX(inputs_EquipType,MATCH(Logic!$A79,inputs_EquipNo,0))<>"",INDEX(inputs_EquipType,MATCH(Logic!$A79,inputs_EquipNo,0)),"") | D79: =IF(INDEX(inputs_VentEquipQuant,MATCH(Logic!$A79,inputs_EquipNo,0))<>"",INDEX(inputs_VentEquipQuant,MATCH(Logic!$A79,inputs_EquipNo,0)),"") | E79: =IF(INDEX(inputs_OutdoorAirFlow,MATCH(Logic!$A79,inputs_EquipNo,0))<>"",INDEX(inputs_OutdoorAirFlow,MATCH(Logic!$A79,inputs_EquipNo,0)),"") | F79: =IFERROR(IF(ISBLANK(B79),"",D79*E79),"") | G79: =IF(INDEX(inputs_HeatRecReq,MATCH(Logic!$A79,inputs_EquipNo,0))<>"",INDEX(inputs_HeatRecReq,MATCH(Logic!$A79,inputs_EquipNo,0)),"")
A80: 59 | B80: =IF(INDEX(inputs_EquipTag,MATCH(Logic!$A80,inputs_EquipNo,0))<>"",INDEX(inputs_EquipTag,MATCH(Logic!$A80,inputs_EquipNo,0)),"") | C80: =IF(INDEX(inputs_EquipType,MATCH(Logic!$A80,inputs_EquipNo,0))<>"",INDEX(inputs_EquipType,MATCH(Logic!$A80,inputs_EquipNo,0)),"") | D80: =IF(INDEX(inputs_VentEquipQuant,MATCH(Logic!$A80,inputs_EquipNo,0))<>"",INDEX(inputs_VentEquipQuant,MATCH(Logic!$A80,inputs_EquipNo,0)),"") | E80: =IF(INDEX(inputs_OutdoorAirFlow,MATCH(Logic!$A80,inputs_EquipNo,0))<>"",INDEX(inputs_OutdoorAirFlow,MATCH(Logic!$A80,inputs_EquipNo,0)),"") | F80: =IFERROR(IF(ISBLANK(B80),"",D80*E80),"") | G80: =IF(INDEX(inputs_HeatRecReq,MATCH(Logic!$A80,inputs_EquipNo,0))<>"",INDEX(inputs_HeatRecReq,MATCH(Logic!$A80,inputs_EquipNo,0)),"")
A81: 60 | B81: =IF(INDEX(inputs_EquipTag,MATCH(Logic!$A81,inputs_EquipNo,0))<>"",INDEX(inputs_EquipTag,MATCH(Logic!$A81,inputs_EquipNo,0)),"") | C81: =IF(INDEX(inputs_EquipType,MATCH(Logic!$A81,inputs_EquipNo,0))<>"",INDEX(inputs_EquipType,MATCH(Logic!$A81,inputs_EquipNo,0)),"") | D81: =IF(INDEX(inputs_VentEquipQuant,MATCH(Logic!$A81,inputs_EquipNo,0))<>"",INDEX(inputs_VentEquipQuant,MATCH(Logic!$A81,inputs_EquipNo,0)),"") | E81: =IF(INDEX(inputs_OutdoorAirFlow,MATCH(Logic!$A81,inputs_EquipNo,0))<>"",INDEX(inputs_OutdoorAirFlow,MATCH(Logic!$A81,inputs_EquipNo,0)),"") | F81: =IFERROR(IF(ISBLANK(B81),"",D81*E81),"") | G81: =IF(INDEX(inputs_HeatRecReq,MATCH(Logic!$A81,inputs_EquipNo,0))<>"",INDEX(inputs_HeatRecReq,MATCH(Logic!$A81,inputs_EquipNo,0)),"")
A82: 61 | B82: =IF(INDEX(inputs_EquipTag,MATCH(Logic!$A82,inputs_EquipNo,0))<>"",INDEX(inputs_EquipTag,MATCH(Logic!$A82,inputs_EquipNo,0)),"") | C82: =IF(INDEX(inputs_EquipType,MATCH(Logic!$A82,inputs_EquipNo,0))<>"",INDEX(inputs_EquipType,MATCH(Logic!$A82,inputs_EquipNo,0)),"") | D82: =IF(INDEX(inputs_VentEquipQuant,MATCH(Logic!$A82,inputs_EquipNo,0))<>"",INDEX(inputs_VentEquipQuant,MATCH(Logic!$A82,inputs_EquipNo,0)),"") | E82: =IF(INDEX(inputs_OutdoorAirFlow,MATCH(Logic!$A82,inputs_EquipNo,0))<>"",INDEX(inputs_OutdoorAirFlow,MATCH(Logic!$A82,inputs_EquipNo,0)),"") | F82: =IFERROR(IF(ISBLANK(B82),"",D82*E82),"") | G82: =IF(INDEX(inputs_HeatRecReq,MATCH(Logic!$A82,inputs_EquipNo,0))<>"",INDEX(inputs_HeatRecReq,MATCH(Logic!$A82,inputs_EquipNo,0)),"")
A83: 62 | B83: =IF(INDEX(inputs_EquipTag,MATCH(Logic!$A83,inputs_EquipNo,0))<>"",INDEX(inputs_EquipTag,MATCH(Logic!$A83,inputs_EquipNo,0)),"") | C83: =IF(INDEX(inputs_EquipType,MATCH(Logic!$A83,inputs_EquipNo,0))<>"",INDEX(inputs_EquipType,MATCH(Logic!$A83,inputs_EquipNo,0)),"") | D83: =IF(INDEX(inputs_VentEquipQuant,MATCH(Logic!$A83,inputs_EquipNo,0))<>"",INDEX(inputs_VentEquipQuant,MATCH(Logic!$A83,inputs_EquipNo,0)),"") | E83: =IF(INDEX(inputs_OutdoorAirFlow,MATCH(Logic!$A83,inputs_EquipNo,0))<>"",INDEX(inputs_OutdoorAirFlow,MATCH(Logic!$A83,inputs_EquipNo,0)),"") | F83: =IFERROR(IF(ISBLANK(B83),"",D83*E83),"") | G83: =IF(INDEX(inputs_HeatRecReq,MATCH(Logic!$A83,inputs_EquipNo,0))<>"",INDEX(inputs_HeatRecReq,MATCH(Logic!$A83,inputs_EquipNo,0)),"")
A84: 63 | B84: =IF(INDEX(inputs_EquipTag,MATCH(Logic!$A84,inputs_EquipNo,0))<>"",INDEX(inputs_EquipTag,MATCH(Logic!$A84,inputs_EquipNo,0)),"") | C84: =IF(INDEX(inputs_EquipType,MATCH(Logic!$A84,inputs_EquipNo,0))<>"",INDEX(inputs_EquipType,MATCH(Logic!$A84,inputs_EquipNo,0)),"") | D84: =IF(INDEX(inputs_VentEquipQuant,MATCH(Logic!$A84,inputs_EquipNo,0))<>"",INDEX(inputs_VentEquipQuant,MATCH(Logic!$A84,inputs_EquipNo,0)),"") | E84: =IF(INDEX(inputs_OutdoorAirFlow,MATCH(Logic!$A84,inputs_EquipNo,0))<>"",INDEX(inputs_OutdoorAirFlow,MATCH(Logic!$A84,inputs_EquipNo,0)),"") | F84: =IFERROR(IF(ISBLANK(B84),"",D84*E84),"") | G84: =IF(INDEX(inputs_HeatRecReq,MATCH(Logic!$A84,inputs_EquipNo,0))<>"",INDEX(inputs_HeatRecReq,MATCH(Logic!$A84,inputs_EquipNo,0)),"")
A85: 64 | B85: =IF(INDEX(inputs_EquipTag,MATCH(Logic!$A85,inputs_EquipNo,0))<>"",INDEX(inputs_EquipTag,MATCH(Logic!$A85,inputs_EquipNo,0)),"") | C85: =IF(INDEX(inputs_EquipType,MATCH(Logic!$A85,inputs_EquipNo,0))<>"",INDEX(inputs_EquipType,MATCH(Logic!$A85,inputs_EquipNo,0)),"") | D85: =IF(INDEX(inputs_VentEquipQuant,MATCH(Logic!$A85,inputs_EquipNo,0))<>"",INDEX(inputs_VentEquipQuant,MATCH(Logic!$A85,inputs_EquipNo,0)),"") | E85: =IF(INDEX(inputs_OutdoorAirFlow,MATCH(Logic!$A85,inputs_EquipNo,0))<>"",INDEX(inputs_OutdoorAirFlow,MATCH(Logic!$A85,inputs_EquipNo,0)),"") | F85: =IFERROR(IF(ISBLANK(B85),"",D85*E85),"") | G85: =IF(INDEX(inputs_HeatRecReq,MATCH(Logic!$A85,inputs_EquipNo,0))<>"",INDEX(inputs_HeatRecReq,MATCH(Logic!$A85,inputs_EquipNo,0)),"")
... A93: 72 | B93: =IF(INDEX(inputs_EquipTag,MATCH(Logic!$A93,inputs_EquipNo,0))<>"",INDEX(inputs_EquipTag,MATCH(Logic!$A93,inputs_EquipNo,0)),"") | C93: =IF(INDEX(inputs_EquipType,MATCH(Logic!$A93,inputs_EquipNo,0))<>"",INDEX(inputs_EquipType,MATCH(Logic!$A93,inputs_EquipNo,0)),"") | D93: =IF(INDEX(inputs_VentEquipQuant,MATCH(Logic!$A93,inputs_EquipNo,0))<>"",INDEX(inputs_VentEquipQuant,MATCH(Logic!$A93,inputs_EquipNo,0)),"") | E93: =IF(INDEX(inputs_OutdoorAirFlow,MATCH(Logic!$A93,inputs_EquipNo,0))<>"",INDEX(inputs_OutdoorAirFlow,MATCH(Logic!$A93,inputs_EquipNo,0)),"") | F93: =IFERROR(IF(ISBLANK(B93),"",D93*E93),"") | G93: =IF(INDEX(inputs_HeatRecReq,MATCH(Logic!$A93,inputs_EquipNo,0))<>"",INDEX(inputs_HeatRecReq,MATCH(Logic!$A93,inputs_EquipNo,0)),"")
A94: 73 | B94: =IF(INDEX(inputs_EquipTag,MATCH(Logic!$A94,inputs_EquipNo,0))<>"",INDEX(inputs_EquipTag,MATCH(Logic!$A94,inputs_EquipNo,0)),"") | C94: =IF(INDEX(inputs_EquipType,MATCH(Logic!$A94,inputs_EquipNo,0))<>"",INDEX(inputs_EquipType,MATCH(Logic!$A94,inputs_EquipNo,0)),"") | D94: =IF(INDEX(inputs_VentEquipQuant,MATCH(Logic!$A94,inputs_EquipNo,0))<>"",INDEX(inputs_VentEquipQuant,MATCH(Logic!$A94,inputs_EquipNo,0)),"") | E94: =IF(INDEX(inputs_OutdoorAirFlow,MATCH(Logic!$A94,inputs_EquipNo,0))<>"",INDEX(inputs_OutdoorAirFlow,MATCH(Logic!$A94,inputs_EquipNo,0)),"") | F94: =IFERROR(IF(ISBLANK(B94),"",D94*E94),"") | G94: =IF(INDEX(inputs_HeatRecReq,MATCH(Logic!$A94,inputs_EquipNo,0))<>"",INDEX(inputs_HeatRecReq,MATCH(Logic!$A94,inputs_EquipNo,0)),"") | I94: Click + to left for additional rows
A95: 74 | B95: =IF(INDEX(inputs_EquipTag,MATCH(Logic!$A95,inputs_EquipNo,0))<>"",INDEX(inputs_EquipTag,MATCH(Logic!$A95,inputs_EquipNo,0)),"") | C95: =IF(INDEX(inputs_EquipType,MATCH(Logic!$A95,inputs_EquipNo,0))<>"",INDEX(inputs_EquipType,MATCH(Logic!$A95,inputs_EquipNo,0)),"") | D95: =IF(INDEX(inputs_VentEquipQuant,MATCH(Logic!$A95,inputs_EquipNo,0))<>"",INDEX(inputs_VentEquipQuant,MATCH(Logic!$A95,inputs_EquipNo,0)),"") | E95: =IF(INDEX(inputs_OutdoorAirFlow,MATCH(Logic!$A95,inputs_EquipNo,0))<>"",INDEX(inputs_OutdoorAirFlow,MATCH(Logic!$A95,inputs_EquipNo,0)),"") | F95: =IFERROR(IF(ISBLANK(B95),"",D95*E95),"") | G95: =IF(INDEX(inputs_HeatRecReq,MATCH(Logic!$A95,inputs_EquipNo,0))<>"",INDEX(inputs_HeatRecReq,MATCH(Logic!$A95,inputs_EquipNo,0)),"")
A96: 75 | B96: =IF(INDEX(inputs_EquipTag,MATCH(Logic!$A96,inputs_EquipNo,0))<>"",INDEX(inputs_EquipTag,MATCH(Logic!$A96,inputs_EquipNo,0)),"") | C96: =IF(INDEX(inputs_EquipType,MATCH(Logic!$A96,inputs_EquipNo,0))<>"",INDEX(inputs_EquipType,MATCH(Logic!$A96,inputs_EquipNo,0)),"") | D96: =IF(INDEX(inputs_VentEquipQuant,MATCH(Logic!$A96,inputs_EquipNo,0))<>"",INDEX(inputs_VentEquipQuant,MATCH(Logic!$A96,inputs_EquipNo,0)),"") | E96: =IF(INDEX(inputs_OutdoorAirFlow,MATCH(Logic!$A96,inputs_EquipNo,0))<>"",INDEX(inputs_OutdoorAirFlow,MATCH(Logic!$A96,inputs_EquipNo,0)),"") | F96: =IFERROR(IF(ISBLANK(B96),"",D96*E96),"") | G96: =IF(INDEX(inputs_HeatRecReq,MATCH(Logic!$A96,inputs_EquipNo,0))<>"",INDEX(inputs_HeatRecReq,MATCH(Logic!$A96,inputs_EquipNo,0)),"")
A97: 76 | B97: =IF(INDEX(inputs_EquipTag,MATCH(Logic!$A97,inputs_EquipNo,0))<>"",INDEX(inputs_EquipTag,MATCH(Logic!$A97,inputs_EquipNo,0)),"") | C97: =IF(INDEX(inputs_EquipType,MATCH(Logic!$A97,inputs_EquipNo,0))<>"",INDEX(inputs_EquipType,MATCH(Logic!$A97,inputs_EquipNo,0)),"") | D97: =IF(INDEX(inputs_VentEquipQuant,MATCH(Logic!$A97,inputs_EquipNo,0))<>"",INDEX(inputs_VentEquipQuant,MATCH(Logic!$A97,inputs_EquipNo,0)),"") | E97: =IF(INDEX(inputs_OutdoorAirFlow,MATCH(Logic!$A97,inputs_EquipNo,0))<>"",INDEX(inputs_OutdoorAirFlow,MATCH(Logic!$A97,inputs_EquipNo,0)),"") | F97: =IFERROR(IF(ISBLANK(B97),"",D97*E97),"") | G97: =IF(INDEX(inputs_HeatRecReq,MATCH(Logic!$A97,inputs_EquipNo,0))<>"",INDEX(inputs_HeatRecReq,MATCH(Logic!$A97,inputs_EquipNo,0)),"")
A98: 77 | B98: =IF(INDEX(inputs_EquipTag,MATCH(Logic!$A98,inputs_EquipNo,0))<>"",INDEX(inputs_EquipTag,MATCH(Logic!$A98,inputs_EquipNo,0)),"") | C98: =IF(INDEX(inputs_EquipType,MATCH(Logic!$A98,inputs_EquipNo,0))<>"",INDEX(inputs_EquipType,MATCH(Logic!$A98,inputs_EquipNo,0)),"") | D98: =IF(INDEX(inputs_VentEquipQuant,MATCH(Logic!$A98,inputs_EquipNo,0))<>"",INDEX(inputs_VentEquipQuant,MATCH(Logic!$A98,inputs_EquipNo,0)),"") | E98: =IF(INDEX(inputs_OutdoorAirFlow,MATCH(Logic!$A98,inputs_EquipNo,0))<>"",INDEX(inputs_OutdoorAirFlow,MATCH(Logic!$A98,inputs_EquipNo,0)),"") | F98: =IFERROR(IF(ISBLANK(B98),"",D98*E98),"") | G98: =IF(INDEX(inputs_HeatRecReq,MATCH(Logic!$A98,inputs_EquipNo,0))<>"",INDEX(inputs_HeatRecReq,MATCH(Logic!$A98,inputs_EquipNo,0)),"")
A99: 78 | B99: =IF(INDEX(inputs_EquipTag,MATCH(Logic!$A99,inputs_EquipNo,0))<>"",INDEX(inputs_EquipTag,MATCH(Logic!$A99,inputs_EquipNo,0)),"") | C99: =IF(INDEX(inputs_EquipType,MATCH(Logic!$A99,inputs_EquipNo,0))<>"",INDEX(inputs_EquipType,MATCH(Logic!$A99,inputs_EquipNo,0)),"") | D99: =IF(INDEX(inputs_VentEquipQuant,MATCH(Logic!$A99,inputs_EquipNo,0))<>"",INDEX(inputs_VentEquipQuant,MATCH(Logic!$A99,inputs_EquipNo,0)),"") | E99: =IF(INDEX(inputs_OutdoorAirFlow,MATCH(Logic!$A99,inputs_EquipNo,0))<>"",INDEX(inputs_OutdoorAirFlow,MATCH(Logic!$A99,inputs_EquipNo,0)),"") | F99: =IFERROR(IF(ISBLANK(B99),"",D99*E99),"") | G99: =IF(INDEX(inputs_HeatRecReq,MATCH(Logic!$A99,inputs_EquipNo,0))<>"",INDEX(inputs_HeatRecReq,MATCH(Logic!$A99,inputs_EquipNo,0)),"")
A100: 79 | B100: =IF(INDEX(inputs_EquipTag,MATCH(Logic!$A100,inputs_EquipNo,0))<>"",INDEX(inputs_EquipTag,MATCH(Logic!$A100,inputs_EquipNo,0)),"") | C100: =IF(INDEX(inputs_EquipType,MATCH(Logic!$A100,inputs_EquipNo,0))<>"",INDEX(inputs_EquipType,MATCH(Logic!$A100,inputs_EquipNo,0)),"") | D100: =IF(INDEX(inputs_VentEquipQuant,MATCH(Logic!$A100,inputs_EquipNo,0))<>"",INDEX(inputs_VentEquipQuant,MATCH(Logic!$A100,inputs_EquipNo,0)),"") | E100: =IF(INDEX(inputs_OutdoorAirFlow,MATCH(Logic!$A100,inputs_EquipNo,0))<>"",INDEX(inputs_OutdoorAirFlow,MATCH(Logic!$A100,inputs_EquipNo,0)),"") | F100: =IFERROR(IF(ISBLANK(B100),"",D100*E100),"") | G100: =IF(INDEX(inputs_HeatRecReq,MATCH(Logic!$A100,inputs_EquipNo,0))<>"",INDEX(inputs_HeatRecReq,MATCH(Logic!$A100,inputs_EquipNo,0)),"")
A101: 80 | B101: =IF(INDEX(inputs_EquipTag,MATCH(Logic!$A101,inputs_EquipNo,0))<>"",INDEX(inputs_EquipTag,MATCH(Logic!$A101,inputs_EquipNo,0)),"") | C101: =IF(INDEX(inputs_EquipType,MATCH(Logic!$A101,inputs_EquipNo,0))<>"",INDEX(inputs_EquipType,MATCH(Logic!$A101,inputs_EquipNo,0)),"") | D101: =IF(INDEX(inputs_VentEquipQuant,MATCH(Logic!$A101,inputs_EquipNo,0))<>"",INDEX(inputs_VentEquipQuant,MATCH(Logic!$A101,inputs_EquipNo,0)),"") | E101: =IF(INDEX(inputs_OutdoorAirFlow,MATCH(Logic!$A101,inputs_EquipNo,0))<>"",INDEX(inputs_OutdoorAirFlow,MATCH(Logic!$A101,inputs_EquipNo,0)),"") | F101: =IFERROR(IF(ISBLANK(B101),"",D101*E101),"") | G101: =IF(INDEX(inputs_HeatRecReq,MATCH(Logic!$A101,inputs_EquipNo,0))<>"",INDEX(inputs_HeatRecReq,MATCH(Logic!$A101,inputs_EquipNo,0)),"")
A102: 81 | B102: =IF(INDEX(inputs_EquipTag,MATCH(Logic!$A102,inputs_EquipNo,0))<>"",INDEX(inputs_EquipTag,MATCH(Logic!$A102,inputs_EquipNo,0)),"") | C102: =IF(INDEX(inputs_EquipType,MATCH(Logic!$A102,inputs_EquipNo,0))<>"",INDEX(inputs_EquipType,MATCH(Logic!$A102,inputs_EquipNo,0)),"") | D102: =IF(INDEX(inputs_VentEquipQuant,MATCH(Logic!$A102,inputs_EquipNo,0))<>"",INDEX(inputs_VentEquipQuant,MATCH(Logic!$A102,inputs_EquipNo,0)),"") | E102: =IF(INDEX(inputs_OutdoorAirFlow,MATCH(Logic!$A102,inputs_EquipNo,0))<>"",INDEX(inputs_OutdoorAirFlow,MATCH(Logic!$A102,inputs_EquipNo,0)),"") | F102: =IFERROR(IF(ISBLANK(B102),"",D102*E102),"") | G102: =IF(INDEX(inputs_HeatRecReq,MATCH(Logic!$A102,inputs_EquipNo,0))<>"",INDEX(inputs_HeatRecReq,MATCH(Logic!$A102,inputs_EquipNo,0)),"")
A103: 82 | B103: =IF(INDEX(inputs_EquipTag,MATCH(Logic!$A103,inputs_EquipNo,0))<>"",INDEX(inputs_EquipTag,MATCH(Logic!$A103,inputs_EquipNo,0)),"") | C103: =IF(INDEX(inputs_EquipType,MATCH(Logic!$A103,inputs_EquipNo,0))<>"",INDEX(inputs_EquipType,MATCH(Logic!$A103,inputs_EquipNo,0)),"") | D103: =IF(INDEX(inputs_VentEquipQuant,MATCH(Logic!$A103,inputs_EquipNo,0))<>"",INDEX(inputs_VentEquipQuant,MATCH(Logic!$A103,inputs_EquipNo,0)),"") | E103: =IF(INDEX(inputs_OutdoorAirFlow,MATCH(Logic!$A103,inputs_EquipNo,0))<>"",INDEX(inputs_OutdoorAirFlow,MATCH(Logic!$A103,inputs_EquipNo,0)),"") | F103: =IFERROR(IF(ISBLANK(B103),"",D103*E103),"") | G103: =IF(INDEX(inputs_HeatRecReq,MATCH(Logic!$A103,inputs_EquipNo,0))<>"",INDEX(inputs_HeatRecReq,MATCH(Logic!$A103,inputs_EquipNo,0)),"")
A104: 83 | B104: =IF(INDEX(inputs_EquipTag,MATCH(Logic!$A104,inputs_EquipNo,0))<>"",INDEX(inputs_EquipTag,MATCH(Logic!$A104,inputs_EquipNo,0)),"") | C104: =IF(INDEX(inputs_EquipType,MATCH(Logic!$A104,inputs_EquipNo,0))<>"",INDEX(inputs_EquipType,MATCH(Logic!$A104,inputs_EquipNo,0)),"") | D104: =IF(INDEX(inputs_VentEquipQuant,MATCH(Logic!$A104,inputs_EquipNo,0))<>"",INDEX(inputs_VentEquipQuant,MATCH(Logic!$A104,inputs_EquipNo,0)),"") | E104: =IF(INDEX(inputs_OutdoorAirFlow,MATCH(Logic!$A104,inputs_EquipNo,0))<>"",INDEX(inputs_OutdoorAirFlow,MATCH(Logic!$A104,inputs_EquipNo,0)),"") | F104: =IFERROR(IF(ISBLANK(B104),"",D104*E104),"") | G104: =IF(INDEX(inputs_HeatRecReq,MATCH(Logic!$A104,inputs_EquipNo,0))<>"",INDEX(inputs_HeatRecReq,MATCH(Logic!$A104,inputs_EquipNo,0)),"")
A105: 84 | B105: =IF(INDEX(inputs_EquipTag,MATCH(Logic!$A105,inputs_EquipNo,0))<>"",INDEX(inputs_EquipTag,MATCH(Logic!$A105,inputs_EquipNo,0)),"") | C105: =IF(INDEX(inputs_EquipType,MATCH(Logic!$A105,inputs_EquipNo,0))<>"",INDEX(inputs_EquipType,MATCH(Logic!$A105,inputs_EquipNo,0)),"") | D105: =IF(INDEX(inputs_VentEquipQuant,MATCH(Logic!$A105,inputs_EquipNo,0))<>"",INDEX(inputs_VentEquipQuant,MATCH(Logic!$A105,inputs_EquipNo,0)),"") | E105: =IF(INDEX(inputs_OutdoorAirFlow,MATCH(Logic!$A105,inputs_EquipNo,0))<>"",INDEX(inputs_OutdoorAirFlow,MATCH(Logic!$A105,inputs_EquipNo,0)),"") | F105: =IFERROR(IF(ISBLANK(B105),"",D105*E105),"") | G105: =IF(INDEX(inputs_HeatRecReq,MATCH(Logic!$A105,inputs_EquipNo,0))<>"",INDEX(inputs_HeatRecReq,MATCH(Logic!$A105,inputs_EquipNo,0)),"")
A106: 85 | B106: =IF(INDEX(inputs_EquipTag,MATCH(Logic!$A106,inputs_EquipNo,0))<>"",INDEX(inputs_EquipTag,MATCH(Logic!$A106,inputs_EquipNo,0)),"") | C106: =IF(INDEX(inputs_EquipType,MATCH(Logic!$A106,inputs_EquipNo,0))<>"",INDEX(inputs_EquipType,MATCH(Logic!$A106,inputs_EquipNo,0)),"") | D106: =IF(INDEX(inputs_VentEquipQuant,MATCH(Logic!$A106,inputs_EquipNo,0))<>"",INDEX(inputs_VentEquipQuant,MATCH(Logic!$A106,inputs_EquipNo,0)),"") | E106: =IF(INDEX(inputs_OutdoorAirFlow,MATCH(Logic!$A106,inputs_EquipNo,0))<>"",INDEX(inputs_OutdoorAirFlow,MATCH(Logic!$A106,inputs_EquipNo,0)),"") | F106: =IFERROR(IF(ISBLANK(B106),"",D106*E106),"") | G106: =IF(INDEX(inputs_HeatRecReq,MATCH(Logic!$A106,inputs_EquipNo,0))<>"",INDEX(inputs_HeatRecReq,MATCH(Logic!$A106,inputs_EquipNo,0)),"")
... A114: 93 | B114: =IF(INDEX(inputs_EquipTag,MATCH(Logic!$A114,inputs_EquipNo,0))<>"",INDEX(inputs_EquipTag,MATCH(Logic!$A114,inputs_EquipNo,0)),"") | C114: =IF(INDEX(inputs_EquipType,MATCH(Logic!$A114,inputs_EquipNo,0))<>"",INDEX(inputs_EquipType,MATCH(Logic!$A114,inputs_EquipNo,0)),"") | D114: =IF(INDEX(inputs_VentEquipQuant,MATCH(Logic!$A114,inputs_EquipNo,0))<>"",INDEX(inputs_VentEquipQuant,MATCH(Logic!$A114,inputs_EquipNo,0)),"") | E114: =IF(INDEX(inputs_OutdoorAirFlow,MATCH(Logic!$A114,inputs_EquipNo,0))<>"",INDEX(inputs_OutdoorAirFlow,MATCH(Logic!$A114,inputs_EquipNo,0)),"") | F114: =IFERROR(IF(ISBLANK(B114),"",D114*E114),"") | G114: =IF(INDEX(inputs_HeatRecReq,MATCH(Logic!$A114,inputs_EquipNo,0))<>"",INDEX(inputs_HeatRecReq,MATCH(Logic!$A114,inputs_EquipNo,0)),"")
A115: 94 | B115: =IF(INDEX(inputs_EquipTag,MATCH(Logic!$A115,inputs_EquipNo,0))<>"",INDEX(inputs_EquipTag,MATCH(Logic!$A115,inputs_EquipNo,0)),"") | C115: =IF(INDEX(inputs_EquipType,MATCH(Logic!$A115,inputs_EquipNo,0))<>"",INDEX(inputs_EquipType,MATCH(Logic!$A115,inputs_EquipNo,0)),"") | D115: =IF(INDEX(inputs_VentEquipQuant,MATCH(Logic!$A115,inputs_EquipNo,0))<>"",INDEX(inputs_VentEquipQuant,MATCH(Logic!$A115,inputs_EquipNo,0)),"") | E115: =IF(INDEX(inputs_OutdoorAirFlow,MATCH(Logic!$A115,inputs_EquipNo,0))<>"",INDEX(inputs_OutdoorAirFlow,MATCH(Logic!$A115,inputs_EquipNo,0)),"") | F115: =IFERROR(IF(ISBLANK(B115),"",D115*E115),"") | G115: =IF(INDEX(inputs_HeatRecReq,MATCH(Logic!$A115,inputs_EquipNo,0))<>"",INDEX(inputs_HeatRecReq,MATCH(Logic!$A115,inputs_EquipNo,0)),"") | I115: Click + to left for additional rows
A116: 95 | B116: =IF(INDEX(inputs_EquipTag,MATCH(Logic!$A116,inputs_EquipNo,0))<>"",INDEX(inputs_EquipTag,MATCH(Logic!$A116,inputs_EquipNo,0)),"") | C116: =IF(INDEX(inputs_EquipType,MATCH(Logic!$A116,inputs_EquipNo,0))<>"",INDEX(inputs_EquipType,MATCH(Logic!$A116,inputs_EquipNo,0)),"") | D116: =IF(INDEX(inputs_VentEquipQuant,MATCH(Logic!$A116,inputs_EquipNo,0))<>"",INDEX(inputs_VentEquipQuant,MATCH(Logic!$A116,inputs_EquipNo,0)),"") | E116: =IF(INDEX(inputs_OutdoorAirFlow,MATCH(Logic!$A116,inputs_EquipNo,0))<>"",INDEX(inputs_OutdoorAirFlow,MATCH(Logic!$A116,inputs_EquipNo,0)),"") | F116: =IFERROR(IF(ISBLANK(B116),"",D116*E116),"") | G116: =IF(INDEX(inputs_HeatRecReq,MATCH(Logic!$A116,inputs_EquipNo,0))<>"",INDEX(inputs_HeatRecReq,MATCH(Logic!$A116,inputs_EquipNo,0)),"")
A117: 96 | B117: =IF(INDEX(inputs_EquipTag,MATCH(Logic!$A117,inputs_EquipNo,0))<>"",INDEX(inputs_EquipTag,MATCH(Logic!$A117,inputs_EquipNo,0)),"") | C117: =IF(INDEX(inputs_EquipType,MATCH(Logic!$A117,inputs_EquipNo,0))<>"",INDEX(inputs_EquipType,MATCH(Logic!$A117,inputs_EquipNo,0)),"") | D117: =IF(INDEX(inputs_VentEquipQuant,MATCH(Logic!$A117,inputs_EquipNo,0))<>"",INDEX(inputs_VentEquipQuant,MATCH(Logic!$A117,inputs_EquipNo,0)),"") | E117: =IF(INDEX(inputs_OutdoorAirFlow,MATCH(Logic!$A117,inputs_EquipNo,0))<>"",INDEX(inputs_OutdoorAirFlow,MATCH(Logic!$A117,inputs_EquipNo,0)),"") | F117: =IFERROR(IF(ISBLANK(B117),"",D117*E117),"") | G117: =IF(INDEX(inputs_HeatRecReq,MATCH(Logic!$A117,inputs_EquipNo,0))<>"",INDEX(inputs_HeatRecReq,MATCH(Logic!$A117,inputs_EquipNo,0)),"")
A118: 97 | B118: =IF(INDEX(inputs_EquipTag,MATCH(Logic!$A118,inputs_EquipNo,0))<>"",INDEX(inputs_EquipTag,MATCH(Logic!$A118,inputs_EquipNo,0)),"") | C118: =IF(INDEX(inputs_EquipType,MATCH(Logic!$A118,inputs_EquipNo,0))<>"",INDEX(inputs_EquipType,MATCH(Logic!$A118,inputs_EquipNo,0)),"") | D118: =IF(INDEX(inputs_VentEquipQuant,MATCH(Logic!$A118,inputs_EquipNo,0))<>"",INDEX(inputs_VentEquipQuant,MATCH(Logic!$A118,inputs_EquipNo,0)),"") | E118: =IF(INDEX(inputs_OutdoorAirFlow,MATCH(Logic!$A118,inputs_EquipNo,0))<>"",INDEX(inputs_OutdoorAirFlow,MATCH(Logic!$A118,inputs_EquipNo,0)),"") | F118: =IFERROR(IF(ISBLANK(B118),"",D118*E118),"") | G118: =IF(INDEX(inputs_HeatRecReq,MATCH(Logic!$A118,inputs_EquipNo,0))<>"",INDEX(inputs_HeatRecReq,MATCH(Logic!$A118,inputs_EquipNo,0)),"")
A119: 98 | B119: =IF(INDEX(inputs_EquipTag,MATCH(Logic!$A119,inputs_EquipNo,0))<>"",INDEX(inputs_EquipTag,MATCH(Logic!$A119,inputs_EquipNo,0)),"") | C119: =IF(INDEX(inputs_EquipType,MATCH(Logic!$A119,inputs_EquipNo,0))<>"",INDEX(inputs_EquipType,MATCH(Logic!$A119,inputs_EquipNo,0)),"") | D119: =IF(INDEX(inputs_VentEquipQuant,MATCH(Logic!$A119,inputs_EquipNo,0))<>"",INDEX(inputs_VentEquipQuant,MATCH(Logic!$A119,inputs_EquipNo,0)),"") | E119: =IF(INDEX(inputs_OutdoorAirFlow,MATCH(Logic!$A119,inputs_EquipNo,0))<>"",INDEX(inputs_OutdoorAirFlow,MATCH(Logic!$A119,inputs_EquipNo,0)),"") | F119: =IFERROR(IF(ISBLANK(B119),"",D119*E119),"") | G119: =IF(INDEX(inputs_HeatRecReq,MATCH(Logic!$A119,inputs_EquipNo,0))<>"",INDEX(inputs_HeatRecReq,MATCH(Logic!$A119,inputs_EquipNo,0)),"")
A120: 99 | B120: =IF(INDEX(inputs_EquipTag,MATCH(Logic!$A120,inputs_EquipNo,0))<>"",INDEX(inputs_EquipTag,MATCH(Logic!$A120,inputs_EquipNo,0)),"") | C120: =IF(INDEX(inputs_EquipType,MATCH(Logic!$A120,inputs_EquipNo,0))<>"",INDEX(inputs_EquipType,MATCH(Logic!$A120,inputs_EquipNo,0)),"") | D120: =IF(INDEX(inputs_VentEquipQuant,MATCH(Logic!$A120,inputs_EquipNo,0))<>"",INDEX(inputs_VentEquipQuant,MATCH(Logic!$A120,inputs_EquipNo,0)),"") | E120: =IF(INDEX(inputs_OutdoorAirFlow,MATCH(Logic!$A120,inputs_EquipNo,0))<>"",INDEX(inputs_OutdoorAirFlow,MATCH(Logic!$A120,inputs_EquipNo,0)),"") | F120: =IFERROR(IF(ISBLANK(B120),"",D120*E120),"") | G120: =IF(INDEX(inputs_HeatRecReq,MATCH(Logic!$A120,inputs_EquipNo,0))<>"",INDEX(inputs_HeatRecReq,MATCH(Logic!$A120,inputs_EquipNo,0)),"")
A121: 100 | B121: =IF(INDEX(inputs_EquipTag,MATCH(Logic!$A121,inputs_EquipNo,0))<>"",INDEX(inputs_EquipTag,MATCH(Logic!$A121,inputs_EquipNo,0)),"") | C121: =IF(INDEX(inputs_EquipType,MATCH(Logic!$A121,inputs_EquipNo,0))<>"",INDEX(inputs_EquipType,MATCH(Logic!$A121,inputs_EquipNo,0)),"") | D121: =IF(INDEX(inputs_VentEquipQuant,MATCH(Logic!$A121,inputs_EquipNo,0))<>"",INDEX(inputs_VentEquipQuant,MATCH(Logic!$A121,inputs_EquipNo,0)),"") | E121: =IF(INDEX(inputs_OutdoorAirFlow,MATCH(Logic!$A121,inputs_EquipNo,0))<>"",INDEX(inputs_OutdoorAirFlow,MATCH(Logic!$A121,inputs_EquipNo,0)),"") | F121: =IFERROR(IF(ISBLANK(B121),"",D121*E121),"") | G121: =IF(INDEX(inputs_HeatRecReq,MATCH(Logic!$A121,inputs_EquipNo,0))<>"",INDEX(inputs_HeatRecReq,MATCH(Logic!$A121,inputs_EquipNo,0)),"")
A122: 101 | B122: =IF(INDEX(inputs_EquipTag,MATCH(Logic!$A122,inputs_EquipNo,0))<>"",INDEX(inputs_EquipTag,MATCH(Logic!$A122,inputs_EquipNo,0)),"") | C122: =IF(INDEX(inputs_EquipType,MATCH(Logic!$A122,inputs_EquipNo,0))<>"",INDEX(inputs_EquipType,MATCH(Logic!$A122,inputs_EquipNo,0)),"") | D122: =IF(INDEX(inputs_VentEquipQuant,MATCH(Logic!$A122,inputs_EquipNo,0))<>"",INDEX(inputs_VentEquipQuant,MATCH(Logic!$A122,inputs_EquipNo,0)),"") | E122: =IF(INDEX(inputs_OutdoorAirFlow,MATCH(Logic!$A122,inputs_EquipNo,0))<>"",INDEX(inputs_OutdoorAirFlow,MATCH(Logic!$A122,inputs_EquipNo,0)),"") | F122: =IFERROR(IF(ISBLANK(B122),"",D122*E122),"") | G122: =IF(INDEX(inputs_HeatRecReq,MATCH(Logic!$A122,inputs_EquipNo,0))<>"",INDEX(inputs_HeatRecReq,MATCH(Logic!$A122,inputs_EquipNo,0)),"")
A123: 102 | B123: =IF(INDEX(inputs_EquipTag,MATCH(Logic!$A123,inputs_EquipNo,0))<>"",INDEX(inputs_EquipTag,MATCH(Logic!$A123,inputs_EquipNo,0)),"") | C123: =IF(INDEX(inputs_EquipType,MATCH(Logic!$A123,inputs_EquipNo,0))<>"",INDEX(inputs_EquipType,MATCH(Logic!$A123,inputs_EquipNo,0)),"") | D123: =IF(INDEX(inputs_VentEquipQuant,MATCH(Logic!$A123,inputs_EquipNo,0))<>"",INDEX(inputs_VentEquipQuant,MATCH(Logic!$A123,inputs_EquipNo,0)),"") | E123: =IF(INDEX(inputs_OutdoorAirFlow,MATCH(Logic!$A123,inputs_EquipNo,0))<>"",INDEX(inputs_OutdoorAirFlow,MATCH(Logic!$A123,inputs_EquipNo,0)),"") | F123: =IFERROR(IF(ISBLANK(B123),"",D123*E123),"") | G123: =IF(INDEX(inputs_HeatRecReq,MATCH(Logic!$A123,inputs_EquipNo,0))<>"",INDEX(inputs_HeatRecReq,MATCH(Logic!$A123,inputs_EquipNo,0)),"")
A124: 103 | B124: =IF(INDEX(inputs_EquipTag,MATCH(Logic!$A124,inputs_EquipNo,0))<>"",INDEX(inputs_EquipTag,MATCH(Logic!$A124,inputs_EquipNo,0)),"") | C124: =IF(INDEX(inputs_EquipType,MATCH(Logic!$A124,inputs_EquipNo,0))<>"",INDEX(inputs_EquipType,MATCH(Logic!$A124,inputs_EquipNo,0)),"") | D124: =IF(INDEX(inputs_VentEquipQuant,MATCH(Logic!$A124,inputs_EquipNo,0))<>"",INDEX(inputs_VentEquipQuant,MATCH(Logic!$A124,inputs_EquipNo,0)),"") | E124: =IF(INDEX(inputs_OutdoorAirFlow,MATCH(Logic!$A124,inputs_EquipNo,0))<>"",INDEX(inputs_OutdoorAirFlow,MATCH(Logic!$A124,inputs_EquipNo,0)),"") | F124: =IFERROR(IF(ISBLANK(B124),"",D124*E124),"") | G124: =IF(INDEX(inputs_HeatRecReq,MATCH(Logic!$A124,inputs_EquipNo,0))<>"",INDEX(inputs_HeatRecReq,MATCH(Logic!$A124,inputs_EquipNo,0)),"")
A125: 104 | B125: =IF(INDEX(inputs_EquipTag,MATCH(Logic!$A125,inputs_EquipNo,0))<>"",INDEX(inputs_EquipTag,MATCH(Logic!$A125,inputs_EquipNo,0)),"") | C125: =IF(INDEX(inputs_EquipType,MATCH(Logic!$A125,inputs_EquipNo,0))<>"",INDEX(inputs_EquipType,MATCH(Logic!$A125,inputs_EquipNo,0)),"") | D125: =IF(INDEX(inputs_VentEquipQuant,MATCH(Logic!$A125,inputs_EquipNo,0))<>"",INDEX(inputs_VentEquipQuant,MATCH(Logic!$A125,inputs_EquipNo,0)),"") | E125: =IF(INDEX(inputs_OutdoorAirFlow,MATCH(Logic!$A125,inputs_EquipNo,0))<>"",INDEX(inputs_OutdoorAirFlow,MATCH(Logic!$A125,inputs_EquipNo,0)),"") | F125: =IFERROR(IF(ISBLANK(B125),"",D125*E125),"") | G125: =IF(INDEX(inputs_HeatRecReq,MATCH(Logic!$A125,inputs_EquipNo,0))<>"",INDEX(inputs_HeatRecReq,MATCH(Logic!$A125,inputs_EquipNo,0)),"")
A126: 105 | B126: =IF(INDEX(inputs_EquipTag,MATCH(Logic!$A126,inputs_EquipNo,0))<>"",INDEX(inputs_EquipTag,MATCH(Logic!$A126,inputs_EquipNo,0)),"") | C126: =IF(INDEX(inputs_EquipType,MATCH(Logic!$A126,inputs_EquipNo,0))<>"",INDEX(inputs_EquipType,MATCH(Logic!$A126,inputs_EquipNo,0)),"") | D126: =IF(INDEX(inputs_VentEquipQuant,MATCH(Logic!$A126,inputs_EquipNo,0))<>"",INDEX(inputs_VentEquipQuant,MATCH(Logic!$A126,inputs_EquipNo,0)),"") | E126: =IF(INDEX(inputs_OutdoorAirFlow,MATCH(Logic!$A126,inputs_EquipNo,0))<>"",INDEX(inputs_OutdoorAirFlow,MATCH(Logic!$A126,inputs_EquipNo,0)),"") | F126: =IFERROR(IF(ISBLANK(B126),"",D126*E126),"") | G126: =IF(INDEX(inputs_HeatRecReq,MATCH(Logic!$A126,inputs_EquipNo,0))<>"",INDEX(inputs_HeatRecReq,MATCH(Logic!$A126,inputs_EquipNo,0)),"")
A127: 106 | B127: =IF(INDEX(inputs_EquipTag,MATCH(Logic!$A127,inputs_EquipNo,0))<>"",INDEX(inputs_EquipTag,MATCH(Logic!$A127,inputs_EquipNo,0)),"") | C127: =IF(INDEX(inputs_EquipType,MATCH(Logic!$A127,inputs_EquipNo,0))<>"",INDEX(inputs_EquipType,MATCH(Logic!$A127,inputs_EquipNo,0)),"") | D127: =IF(INDEX(inputs_VentEquipQuant,MATCH(Logic!$A127,inputs_EquipNo,0))<>"",INDEX(inputs_VentEquipQuant,MATCH(Logic!$A127,inputs_EquipNo,0)),"") | E127: =IF(INDEX(inputs_OutdoorAirFlow,MATCH(Logic!$A127,inputs_EquipNo,0))<>"",INDEX(inputs_OutdoorAirFlow,MATCH(Logic!$A127,inputs_EquipNo,0)),"") | F127: =IFERROR(IF(ISBLANK(B127),"",D127*E127),"") | G127: =IF(INDEX(inputs_HeatRecReq,MATCH(Logic!$A127,inputs_EquipNo,0))<>"",INDEX(inputs_HeatRecReq,MATCH(Logic!$A127,inputs_EquipNo,0)),"")
... A135: 114 | B135: =IF(INDEX(inputs_EquipTag,MATCH(Logic!$A135,inputs_EquipNo,0))<>"",INDEX(inputs_EquipTag,MATCH(Logic!$A135,inputs_EquipNo,0)),"") | C135: =IF(INDEX(inputs_EquipType,MATCH(Logic!$A135,inputs_EquipNo,0))<>"",INDEX(inputs_EquipType,MATCH(Logic!$A135,inputs_EquipNo,0)),"") | D135: =IF(INDEX(inputs_VentEquipQuant,MATCH(Logic!$A135,inputs_EquipNo,0))<>"",INDEX(inputs_VentEquipQuant,MATCH(Logic!$A135,inputs_EquipNo,0)),"") | E135: =IF(INDEX(inputs_OutdoorAirFlow,MATCH(Logic!$A135,inputs_EquipNo,0))<>"",INDEX(inputs_OutdoorAirFlow,MATCH(Logic!$A135,inputs_EquipNo,0)),"") | F135: =IFERROR(IF(ISBLANK(B135),"",D135*E135),"") | G135: =IF(INDEX(inputs_HeatRecReq,MATCH(Logic!$A135,inputs_EquipNo,0))<>"",INDEX(inputs_HeatRecReq,MATCH(Logic!$A135,inputs_EquipNo,0)),"")
F136: =""
B137: =_xlfn.CONCAT("Total Ventilation Rate ",IF(units="SI","(L/s)","(cfm)")) -> Total Ventilation Rate (cfm) | F137: =SUM(logic_VentFlow) -> 0
B138: =_xlfn.CONCAT("Total Ventilation Rate of Compliant Systems ",IF(units="SI","(L/s)","(cfm)")) -> Total Ventilation Rate of Compliant Systems (cfm) | F138: =SUMIFS(logic_VentFlow,$G$22:$G$136,"Yes") -> 0
B139: % of OA not meeting requirements | F139: =IFERROR(1-SUMIFS(logic_VentFlow,inputs_HeatRecReq,"Yes")/totalVentAirFlow,"")
B140: Does each fan system supplying outdoor have an energy or heat recovery system with a minimum 70% enthalpy recovery ratio or a minimum of 75% sensible heat recovery ratio? | F140: =IF(ventNonCompliantPercentage>=0.15,"No","Yes") -> No
B144: LOGIC 3: LIST PEAK HEATING AND COOLING LOADS BY SYSTEM (Optional)
B146: Click + to the left to add additional rows. Click - to the left to collapse (content will be saved).
B147: Peak Heating By System (Optional)
B148: Heating System | C148: System Type | D148: =_xlfn.CONCAT("Peak Heating Load ",IF(units="IP","(Btu-h)","(W)")) -> Peak Heating Load (W) | E148: Time of the year (mm/dd) | F148: Peak Days | G148: Peak Heating Loads by Day
A151: 1 | B151: =IF(INDEX(inputs_pkhtid,MATCH($A151,inputs_pkhtno,0))<>"",INDEX(inputs_pkhtid,MATCH($A151,inputs_pkhtno,0)),"") | C151: =IF(INDEX(inputs_pkhtst,MATCH($A151,inputs_pkhtno,0))<>"",INDEX(inputs_pkhtst,MATCH($A151,inputs_pkhtno,0)),"") | D151: =IF(INDEX(inputs_pkhtpl,MATCH($A151,inputs_pkhtno,0))<>"",INDEX(inputs_pkhtpl,MATCH($A151,inputs_pkhtno,0)),"") | E151: =IF(INDEX(inputs_pkhtty,MATCH($A151,inputs_pkhtno,0))<>"",INDEX(inputs_pkhtty,MATCH($A151,inputs_pkhtno,0)),"") | F151: {=_xlfn.UNIQUE($E$151:$E$265)} | G151: =SUMIFS($D$151:$D$265,$E$151:$E$265,F151) -> 0
A152: 2 | B152: =IF(INDEX(inputs_pkhtid,MATCH($A152,inputs_pkhtno,0))<>"",INDEX(inputs_pkhtid,MATCH($A152,inputs_pkhtno,0)),"") | C152: =IF(INDEX(inputs_pkhtst,MATCH($A152,inputs_pkhtno,0))<>"",INDEX(inputs_pkhtst,MATCH($A152,inputs_pkhtno,0)),"") | D152: =IF(INDEX(inputs_pkhtpl,MATCH($A152,inputs_pkhtno,0))<>"",INDEX(inputs_pkhtpl,MATCH($A152,inputs_pkhtno,0)),"") | E152: =IF(INDEX(inputs_pkhtty,MATCH($A152,inputs_pkhtno,0))<>"",INDEX(inputs_pkhtty,MATCH($A152,inputs_pkhtno,0)),"") | G152: =SUMIFS($D$151:$D$265,$E$151:$E$265,F152) -> 0
...

Sheet Database
B2: LEED v5 Reduce Peak Thermal Loads Calculator BD+C LEED for Building Design and Construction Database
B4: GENERAL INFORMATION
B6: Option and Path | C6: Options | D6: Select
D7: Option 2.
D8: Option 4. Path 2
D9: Option 4. Path 3
D10: Option 2. + Option 4. Path 2
D11: Option 2. + Option 4. Path 3
D12: Option 2. + Option 4. Path 2 + 3
D13: Option 4. Path 2 + 3
B15: Building Type | C15: Options | D15: Select
D16: Office (Small/Med)
D17: Office (Large)
D18: Retail
D19: Hotel/Motel
D20: Apartment/Dormitory
D21: School/Education
D22: Other
B24: Units | C24: Options | D24: Select
D25: IP
D26: SI
B28: Select Project Climate Zone | C28: Options | D28: Select
D29: 0A
D30: 0B
D31: 1A
D32: 1B
D33: 2A
D34: 2B
D35: 3A
D36: 3B
D37: 3C
D38: 4A
D39: 4B
D40: 4C
... D45: 6B
D46: 7
D47: 8
B49: Ventilation Equipment | C49: Options | D49: Select
D50: AHU
D51: SF
D52: DOAS
D53: FCU
D54: Other
B56: Units | C56: Options | D56: Select
D57: 50 Pascals (0.2 H2O)
D58: 75 Pascals (0.3 H2O)
B60: Heat Recovery | C60: Options | D60: Select
D61: Yes
D62: No
B65: CLIMATE ZONE BUILDING TYPES
B67: Building Type | C67: 0A | D67: 0B | E67: 1A | F67: 1B | G67: 2A | H67: 2B | I67: 3A | J67: 3B | K67: 3C | L67: 4A | M67: 4B | N67: 4C | O67: 5A | P67: 5B | Q67: 5C | R67: 6A | S67: 6B | T67: 7 | U67: 8
B68: Office (Small/Med) | C68: 0.72 | D68: 0.72 | E68: 0.7 | F68: 0.71 | G68: 0.69 | H68: 0.65 | I68: 0.71 | J68: 0.68 | K68: 0.65 | L68: 0.81 | M68: 0.7 | N68: 0.78 | O68: 0.85 | P68: 0.77 | Q68: 0.81 | R68: 0.87 | S68: 0.84 | T68: 0.88 | U68: 0.9
B69: Office (Large) | C69: 0.83 | D69: 0.83 | E69: 0.84 | F69: 0.84 | G69: 0.79 | H69: 0.82 | I69: 0.72 | J69: 0.81 | K69: 0.77 | L69: 0.67 | M69: 0.76 | N69: 0.63 | O69: 0.71 | P69: 0.72 | Q69: 0.63 | R69: 0.73 | S69: 0.71 | T69: 0.71 | U69: 0.71
B70: Retail | C70: 0.6 | D70: 0.57 | E70: 0.5 | F70: 0.55 | G70: 0.46 | H70: 0.46 | I70: 0.43 | J70: 0.51 | K70: 0.4 | L70: 0.45 | M70: 0.57 | N70: 0.68 | O70: 0.46 | P70: 0.68 | Q70: 0.67 | R70: 0.5 | S70: 0.45 | T70: 0.44 | U70: 0.38
B71: Hotel/Motel | C71: 0.62 | D71: 0.62 | E71: 0.63 | F71: 0.63 | G71: 0.62 | H71: 0.68 | I71: 0.61 | J71: 0.71 | K71: 0.73 | L71: 0.45 | M71: 0.59 | N71: 0.52 | O71: 0.38 | P71: 0.47 | Q71: 0.51 | R71: 0.35 | S71: 0.38 | T71: 0.31 | U71: 0.26
B72: Apartment/Dormitory | C72: 0.64 | D72: 0.63 | E72: 0.67 | F72: 0.63 | G72: 0.65 | H72: 0.64 | I72: 0.59 | J72: 0.72 | K72: 0.55 | L72: 0.53 | M72: 0.5 | N72: 0.44 | O72: 0.54 | P72: 0.47 | Q72: 0.38 | R72: 0.55 | S72: 0.5 | T72: 0.51 | U72: 0.47
B73: School/Education | C73: 0.82 | D73: 0.81 | E73: 0.8 | F73: 0.79 | G73: 0.75 | H73: 0.72 | I73: 0.71 | J73: 0.72 | K73: 0.67 | L73: 0.73 | M73: 0.72 | N73: 0.68 | O73: 0.82 | P73: 0.73 | Q73: 0.61 | R73: 0.89 | S73: 0.8 | T73: 0.83 | U73: 0.77
B76: TEST CONDITIONS AIR LEAKAGE
B78: =_xlfn.CONCAT("Building Conditioned Floor Area ", IF(units="SI", "(sq m)", "(sq ft)")) -> Building Conditioned Floor Area (sq ft) | C78: Test Conditions | D78: Maximum Air Leakage
D79: New Construction | E79: Major Renovation | F79: Units
B80: =IF(units="IP",">5000",">465") -> >465 | C80: 50 Pascals (0.2 H2O) | D80: =IF(units="SI",0.65,0.13) -> 0.13 | E80: =IF(units="SI",1,0.2) -> 0.2 | F80: =IF(units="SI","L/s*sq m","cfm/sq ft") -> cfm/sq ft
B81: =IF(units="IP",">5000",">465") -> >465 | C81: 75 Pascals (0.3 H2O) | D81: =IF(units="SI",0.9,0.18) -> 0.18 | E81: =IF(units="SI",1.35,0.27) -> 0.27 | F81: =IF(units="SI","L/s*sq m","cfm/sq ft") -> cfm/sq ft
B82: =IF(units="IP","<5000","<465") -> <465 | C82: 50 Pascals (0.2 H2O) | D82: 1 | E82: 1.5 | F82: ACH
B83: =IF(units="IP","<5000","<465") -> <465 | C83: 75 Pascals (0.3 H2O) | D83: 1.35 | E83: 2 | F83: ACH

Sheet Summary
B2: LEED v5 Reduce Peak Thermal Loads Calculator LEED for Building Design and Construction Summary
C5: Credit Option and Pathway | F5: =IF(logic_optpath<>"",logic_optpath,"")
C7: OPTION 2: VENTILATION ENERGY RECOVERY (1 POINT)
C9: Ventilation Energy Recovery | G9: Associated Points
C10: Minimum 70% enthalpy recovery ratio or Minimum of 75% Sensible Heat Recovery Ratio | G10: 1
C12: Ventilation Energy Recovery Met | G12: =IF(heatRecoveryRequirement="Yes", "Yes", "Not Compliant") -> Not Compliant
C14: AND/OR
C16: OPTION 4: PATH 2. ASHRAE 90.1 TRADE-OFF METHODS (1 - 3 POINTS)
C18: Option 4. Path 2. ASHRAE 90.1 Trade-off Methods - Envelope Loads | G18: Associated Points
C19: < 10% | G19: 0
C20: => 10% | G20: 1
C21: => 20% | G21: 2
C23: ASHRAE 90.1 Envelope Loads Trade-off | G23: =envelopeLoadsReduction -> 0
C25: AND/OR
C27: Option 4. Path 2. ASHRAE 90.1 Trade-off Methods - Ventilation Loads | G27: Associated Points
C28: < 10% | G28: 0
C29: => 10% | G29: 1
C31: ASHRAE 90.1 Ventilation Loads Trade-off | G31: =ventLoadsReduction -> 0
C33: OR
C35: OPTION 4: PATH 3. ENERGY SIMULATION (1 - 3 POINTS)
C37: Energy Simulation Performance Index | G37: Associated Points
C38: > 0.5 | G38: 0
C39: >= 0.5 | G39: 1
C40: >= 0.4 | G40: 2
C41: >= 0.3 | G41: 3
C43: Energy Simulation Performance Index | G43: =performanceIndex -> 0
H46: V01
H47: Copyright © 2025
H48: U.S. Green Building Council
H49: All Rights Reserved
H50: Last Updated: 10/31/2025
