Workbook
Name data_dumip: Database!$E$27:$E$73
Name data_dumipother: Database!$E$69:$E$73
Name data_dumsi: Database!$F$27:$F$73
Name data_dumsiother: Database!$F$69:$F$73
Name data_genaw: Database!$E$16:$E$17
Name data_genct: Database!$E$20:$E$21
Name data_genpt: Database!$E$7:$E$9
Name data_genunits: Database!$E$12:$E$13
Name data_genunitsval: Database!$F$12:$F$13
Name data_genunitsvol: Database!$G$12:$G$13
Name data_pntsnmbdccs: Database!$B$94
Name data_pntsnmbdccsdrp: Database!$D$94
Name data_pntsnmbdcnc: Database!$B$83
Name data_pntsnmbdcncdrp: Database!$D$83
Name data_pntsnmidc: Database!$B$105
Name data_pntsnmidcdrp: Database!$D$105
Name data_ptsdrp: Database!$D$78:$D$81
Name data_ptslkaw: Database!$G$116:$G$148
Name data_ptslkpnts: Database!$F$116:$F$148
Name data_ptslkpr: Database!$E$116:$E$148
Name data_ptslkpt: Database!$B$116:$B$148
Name data_ptspr: Database!$B$78:$B$81
Name data_unittyp: [1]Database!$E$12:$E$13
Name data_unitvol: [1]Database!$F$12:$F$13
Name data_wateruseapp: Database!$C$28:$C$32
Name data_waterusehvac: Database!$C$59:$C$67
Name data_waterusekitch: Database!$C$34:$C$49
Name data_wateruselabmed: Database!$C$51:$C$57
Name data_waterusetypes: Database!$C$27:$C$73
Name data_wurip: Database!$G$27:$G$73
Name data_wuripother: Database!$G$69:$G$73
Name data_wursi: Database!$H$27:$H$73
Name data_wursiother: Database!$H$69:$H$73
Name inputs_appawu: 'Inputs Whole-Project Water Use'!$Q$26:$Q$139
Name inputs_appdumv: 'Inputs Whole-Project Water Use'!$H$26:$H$139
Name inputs_appiid: 'Inputs Whole-Project Water Use'!$B$26:$B$139
Name inputs_appiqty: 'Inputs Whole-Project Water Use'!$C$26:$C$139
Name inputs_appiwut: 'Inputs Whole-Project Water Use'!$D$26:$D$139
Name inputs_appno: 'Inputs Whole-Project Water Use'!$A$29:$A$139
Name inputs_apppiado: 'Inputs Whole-Project Water Use'!$F$26:$F$139
Name inputs_apppicpd: 'Inputs Whole-Project Water Use'!$G$26:$G$139
Name inputs_apptotas: 'Inputs Whole-Project Water Use'!$T$26:$T$139
Name inputs_appwurb: 'Inputs Whole-Project Water Use'!$K$26:$K$139
Name inputs_appwurd: 'Inputs Whole-Project Water Use'!$L$26:$L$139
Name inputs_bdffwub: 'Inputs Whole-Project Water Use'!$D$15
Name inputs_bdffwud: 'Inputs Whole-Project Water Use'!$F$15
Name inputs_bdffwuwa: 'Inputs Whole-Project Water Use'!$E$15
Name inputs_bdoutwub: 'Inputs Whole-Project Water Use'!$D$19
Name inputs_bdoutwud: 'Inputs Whole-Project Water Use'!$F$19
Name inputs_bdoutwuwa: 'Inputs Whole-Project Water Use'!$E$19
Name inputs_hvacno: 'Inputs Whole-Project Water Use'!$A$392:$A$502
Name inputs_kitchiid: 'Inputs Whole-Project Water Use'!$B$147:$B$255
Name inputs_kitchiqty: 'Inputs Whole-Project Water Use'!$C$147:$C$255
Name inputs_kitchium: 'Inputs Whole-Project Water Use'!$H$148:$H$255
Name inputs_kitchiwut: 'Inputs Whole-Project Water Use'!$D$147:$D$255
Name inputs_kitchno: 'Inputs Whole-Project Water Use'!$A$150:$A$260
Name inputs_kitchtotas: 'Inputs Whole-Project Water Use'!$T$147:$T$255
Name inputs_kitchtotb: 'Inputs Whole-Project Water Use'!$O$147:$O$255
Name inputs_kitchtots: 'Inputs Whole-Project Water Use'!$S$147:$S$255
Name inputs_kitchwuau: 'Inputs Whole-Project Water Use'!$J$148:$J$255

Sheet Revision History
A1: Draft Calculator Revision History | H1: TASKS
A3: Date | B3: Party | C3: Tab Edited | D3: Field Edited | E3: Description | F3: Related TASK No. | H3: No. | I3: Date Complete | J3: Tab Edited | K3: Source File
A4: 45881 | B4: WSP | C4: ALL | D4: ALL | E4: Templatized | F4: NA | H4: 1 | J4: Make sure to create named fields (Formulas > Name Manager) and use formulas using named field values (note be sure to delete unused names from the template document)
A5: 45888 | B5: WSP | C5: ALL | D5: ALL | E5: Created calculator. Note formulas only built out in Logic up until Appliance Water. Instructions not developed yet. Ready for preliminary review. Need to confirm: - confirm appliance water use baselines (USGBC?) - see comments in Database CONFIRMED WITH GINA 8/26/25 NEED TO ASK USGBC 1) NEED TO MEET MINIMUMS FROM DIFFERENT CREDITS? BASED ON REFERENCE GUIDE, ANTICIPATE NO, BUT WOULD LIKE TO CONFIRM. 2) BASELINE VALUES DETERMINED BY CREDIT TABLES? BASED ON REFERENCE GUIDE, ANTICIPATE YES, BUT WOULD LIKE TO CONFIRM. 3) HOW TO TREAT EQUIPMENT THAT ONLY HAVE PERFORMANCE VALUES IN THE PREREQ? SHOULD PREREQ VALUES BE USED AS BASELINE? SHOULD UNIT TYPES BE EXCLUDED FROM CALCULATOR? SHOULD OTHER VALUE BE USED AS BASELINE? 4) IF CREDIT TABLES ARE THE BASELINE, CONFIRM IF EQUIPMENT THAT ONLY LISTS ENERGY STAR REQUIREMENTS USE THE MAXIMUM ALLOWED VALUES LISTED IN ENERGY STAR AS BASELINE? - confirm if water use reduction is only a value of appliance capacity or if it is actual volume (currently calc is built out for the later) CONFIRMED WITH GINA ACTUAL VOLUME 8/26/25 - confirm if savings should be represented as a positive or negative number (currently calc is built out for the former) CONFIRMED WITH GINA POSITIVE 8/26/25 NOTE SHOULD BE CONFIRMED ACROSS THE BOARD WITH USGBC - confirm and coordinate structure with other water calculators (fixtures, outdoor) NOTE COORDINATE WITH AMY JYOTI - note formatting not reviewed or updated, many will need to be made bigger for visibility | F5: NA | H5: 2 | J5: Make sure all credit calculation requirements are included
A6: 45898 | B6: WSP | C6: ALL | D6: ALL | E6: Updated formatting, completed formulas, updated database tab for WEc values Ready for preliminary LEED review, note the following - Still need to confirm baseline values for Database from USGBC - Remains unclear to me IF can only have heavy commercial use to use this pathway, and how residential relates to it. Langauge has dishwasher and laundry limits for credit table value usage, but instructions also state that all water sources need to be included, confirm how to address - Recommend reviewer also see if any of these tables can be used to contribute to appliance pathway (Option 3) - Recommend LEED Reviewer think through if it would be helpful to combine this calculator with Fixtures and Outdoor (though note at this time still in progress) - Potential for conditional formatting for laundry volume, but would like to confirm general calculator from LEED Reviewer First | F6: NA | H6: 3 | J6: Make sure formulas work, values correct, validation included where needed (i.e. positive numbers only, etc.)
A7: 45903 | B7: WSP | C7: ALL | D7: ALL | E7: Updated based on WSP internal review comments. | F7: NA | H7: 4 | J7: Make sure labels are correct (including make explicit where inputs are required or optional)
A8: 45905 | B8: WSP | C8: ALL | D8: ALL | E8: Updated based on WSP internal review comments. | F8: NA | H8: 5 | J8: QC Cell Formatting (see internal style guide)
H9: 6 | J9: Add Notes where needed
H10: 7 | J10: Add summary "Point calculation" tab
H11: 8 | J11: Update instructions tab
H12: 9 | J12: Add flags as needed (i.e. for CFCs, IDC BDC >700 GWP)
H13: 10 | J13: Allow Add rows without macros, include instructions (NOTE prior calculator drafts have used Groups, welcome other recommendations)
H14: 11 | J14: Update formatting per USGBC (including If required create named fields; If guidance says use tables, convert to tables)
H15: 12 | J15: Spell Check
H16: 13 | J16: Final Lock Settings and QC
J18: PAT LINDO SCOPING NOTE We need 3 distinct calculators: 1.) “LEED v5 Whole Project Water Use calculator” 2.) “LEED v5 Fixture and Fittings Efficiency calculator” and 3.) “LEED v5 Outdoor Water Use Efficiency calculator” -(remove ‘minimum’ from the #3 title). These can combined into one single tool or as individual tools. Within these calculators we need an input (deduct) line item for alternative water. The deduct will reduce water demand and provide an 'extra' point for the project. | K18: https://wsponlinenam.sharepoint.com/:x:/r/sites/US-BuiltEcology/BE%20Drive/01_Projects/2025/US0046386.5310---LEED%20v5%20Calculators%20and%20Tech%20Dev/11_LEED%20Calculator%20Development/01_LEED%20V5.0%20Calculators%20Scoping%20and%20Methodology/LEED%20v5_%20Calculator%20Scoping%20for%20Review%20USGBC%20Comments.xlsx?d=w012339cd8b03415185c90d63478e1f76&csf=1&web=1&e=wm5D2j
J19: PAT LINDO SCOPING NOTE We need 3 distinct calculators: 1.) “LEED v5 Whole Project Water Use calculator” 2.) “LEED v5 Fixture and Fittings Efficiency calculator” and 3.) “LEED v5 Outdoor Water Use Efficiency calculator” -(remove ‘minimum’ from the #3 title). Under WEp2 A project can choose either a prescriptive path as a standalone or a performance path, which links these calculators together. Then under WEc2 the project can choose option 1 “Whole water use” or option 2 Fixtures & Fittings which adds up the individual fixture flows. All of these of approaches use input values from third party calculators for process water (cooling) and alternative water. Note: These calculators can combined into one single tool or as individual tools. Within these calculators we need an input (deduct) line item for alternative water. The deduct will reduce water demand and provide an 'extra' point for the project. | K19: https://wsponlinenam.sharepoint.com/:x:/r/sites/US-BuiltEcology/BE%20Drive/01_Projects/2025/US0046386.5310---LEED%20v5%20Calculators%20and%20Tech%20Dev/11_LEED%20Calculator%20Development/01_LEED%20V5.0%20Calculators%20Scoping%20and%20Methodology/LEED%20v5_%20Calculator%20Scoping%20for%20Review%20USGBC%20Comments.xlsx?d=w012339cd8b03415185c90d63478e1f76&csf=1&web=1&e=wm5D2j
J20: PAT LINDO SCOPING NOTE The baseline calculations for process water (including cooling towers) is generated by a third party calculator and included in the LEED calculator as a simple “input” (value / number). | K20: https://wsponlinenam.sharepoint.com/:x:/r/sites/US-BuiltEcology/BE%20Drive/01_Projects/2025/US0046386.5310---LEED%20v5%20Calculators%20and%20Tech%20Dev/11_LEED%20Calculator%20Development/01_LEED%20V5.0%20Calculators%20Scoping%20and%20Methodology/LEED%20v5_%20Calculator%20Scoping%20for%20Review%20USGBC%20Comments.xlsx?d=w012339cd8b03415185c90d63478e1f76&csf=1&web=1&e=wm5D2j
J21: PAT LINDO SCOPING NOTE This calculator includes an update with additional savings from irrigation scheduling technologies” per pages 31-34 of EPA TIR. refer to calculator as "outdoor water efficiency" | K21: https://wsponlinenam.sharepoint.com/:x:/r/sites/US-BuiltEcology/BE%20Drive/01_Projects/2025/US0046386.5310---LEED%20v5%20Calculators%20and%20Tech%20Dev/11_LEED%20Calculator%20Development/01_LEED%20V5.0%20Calculators%20Scoping%20and%20Methodology/LEED%20v5_%20Calculator%20Scoping%20for%20Review%20USGBC%20Comments.xlsx?d=w012339cd8b03415185c90d63478e1f76&csf=1&web=1&e=wm5D2j

Sheet Internal Style Guide
B2: Internal Style Guide
B4: TEMP LOCK PASSWORD | E4: LEEDv5
B5: Workbook Structure | D5: Tabs | E5: Inputs Tab: User input AND final summary values only, can have some automatic input cells IF important for user data, can have multiple inputs tabs if needed
E6: Logic Tab: Calculations for values needed for LEED Performance, no user input, will be hidden from users
E7: Database Tab: Constants, values for logic calculations, points, limit to static values no formulas where possible, will be hidden from users
E8: Summary Tab: Points, values needed for LEED performance (see Reference Guide Documentation requirements for what needs to be included)
D9: Formulas | E9: Note calculators must use Formula > Name Manager to name fields and cells that are used for calculations or pulled into other cells.
E10: Recommend developing full calculator structure and initial formulas before naming fields and updating formulas.
D11: Settings | E11: Prior to sharing with users, ensure that the File > Options > Advanced > Enable fill handle and cell "drag-and-drop" is turned OFF
E12: This importantly prevents users from being able to drag unprotected input cells across fields, which could distrupt calculator function
B13: General Sheet Formating | E13: Turn-off view gridlines
E14: Columns to left and right of boarder to be Width of 3.5 (42 pxl)
E15: Rows above and below boarder to be Height of 20 (34 pxl)
E16: Lock all sheets EXCEPT for Inputs for all functions EXCEPT for "Select"
E17: Lock all Inputs sheets for all functions EXCEPT for "Select" AND "Format Columns, "Format Rows" to allow for using additional row functions
B18: Sheet Background Fill | E18: #F7F8F6; fill up to row 300, 600, or 900 as needed; fill up to column Z
B19: Instructions + Summary Background Fill | E19: #FFFFFF
B20: Title Fill | E20: IP | F20: #952713
E21: LT | F21: #B87400
E22: SS | F22: #536426
E23: WE | F23: #006570
E24: EA | F24: #C75127
E25: MR | F25: #7C4901
E26: EQ | F26: #684659
E27: PR | F27: #7E8AA2
B28: Title Format | E28: Use downloadable PNG logo w and maintain aspect ratio in all cases. Logo must never be more than 1 inch (72 pixels) wide.
E29: Suggest standard header height of 90.0 (150 pxl) with an increase to 95.0 (160 pxl) prerequisite and credit combo.
E30: Note naming convention (see below for example):
F31: USGBC Calculator || LEED for Building Operations and Maintenance [14 point font, bold] LEED v5 EAp4: Fundamental Refigerant Management [12 point font, bold] LEED v5 EAc3: Enhanced Refrigerant Management Performance [12 point font, bold] Sheet Name (I.E. Inputs, Logic, Database, Summary) [12 point font, bold]
B32: Cell Outline | E32: Automatic, Default Weight
B33: Standard Row Width | E33: 18.0 (30 pxls)
B34: Text Alignment | D34: Subheadings | E34: Center justified, Vertical Center
D35: Text | E35: Left justified, Vertical Center
D36: Numbers | E36: Right justified, Vertical Center
B37: Number Formatting | D37: 1000 | E37: Qty
E38: GWP of refrigerant
E39: Total GWP
E40: Refrigerant Leakage Emissions Ratio (RLER) - Note Ref Guide includes 1 decimal place in some sample calculations, confirm if calculator should as well.
E41: Sum Refrigerant at Full Charge (Rc)
D42: 1000.1 | E42: Refrigerant at Full Charge (Rc)
E43: Refrigerant added or leaked
E44: Months
D45: 0.011 | E45: % Leaked
E46: % DES
B47: Font | D47: Headings | E47: Arial 11 Bold UPPERCASE
D48: Subheading | E48: Arial 10 Bold
D49: Text | E49: Arial 10
E50: HEADING | F50: FILL HEX #353434, TEXT HEX # F7F8F6
E51: Subheading | F51: FILL FOR SUBHEADING CELLS HEX #B6B7B8 CENTER
E52: Manual input | F52: FILL FOR USER INPUT CELLS HEX #000000
E53: Auto input | F53: FILL FOR AUTOMATIC CELLS HEX #F2F2F2
E54: Calculation | F54: FILL FOR AUTOMATIC CELLS HEX #D9D9D9
E55: Supplemental instructions

Sheet Instructions
B2: LEED v5 Whole Project Water Use Calculator LEED for Building Design and Construction | Interior Design and Construction Instructions
C5: CREDIT INSTRUCTIONS
D7: WEc2: Enhanced Water Efficiency | Option 1. Whole-Project Water Use
D8: ▪ | E8: This calculator serves as a water balance model by calculating the building's total water demand and provides a comparison of a baseline and design case water model.
E9: ▪ | F9: The baseline case water model must reflect the minimum requirements and typical water use for the project type without any additional water-savings measures.
E10: ▪ | F10: The design case water model must use fixtures and fittings, appliances, kitchen equipment, and laboratory and medical equipment as specified within the contract documents. For outdoor water use, determine the actual water used on-site.
D11: ▪ | E11: Model must account for all end uses for the project, including fixtures and fittings, domestic hot water, appliances, commercial kitchen and laundry equipment, laboratory and medical equipment, process water, HVAC systems, and landscape irrigation.
D12: ▪ | E12: Projects must include the fixtures and fittings necessary to meet the occupants’ needs, whether they will be installed as part of the project’s scope of work or not. Include at a minimum all necessary restroom fixtures (toilets, urinals, and lavatories) to meet the project occupants’ needs, and showers when seeking LT Credit Transportation Demand Management. Upload separate calculations for the credit, as applicable.
D13: ▪ | E13: Projects must demonstrate a minimum of 30% reduction from the project’s baseline to earn points. Using alternative water sources earns additional points for the calculated reductions.
D14: ▪ | E14: Teams should always prioritize water efficiency first in the prerequisite to reduce consumption and demand before applying alternative water solutions in the credit. For any seasonally dependent sources, such as rainwater, calculations must reflect annual, seasonal totals to confirm the available quantity of the alternative water source.
E15: ▪ | F15: If the alternative water is used for multiple applications in the project – for example, flush fixtures, irrigation, and/or process water – or is shared by multiple buildings, teams must provide supply and demand calculations to confirm the available quantity of alternative water and demonstrate that a sufficient quantity is available to meet the demands of all uses. Monthly supply and demand calculations are typically provided for seasonally dependent sources of alternative water, such as harvested rainwater, and for projects with seasonal occupancy variations, such as schools.
E16: ▪ | F16: Alternative water sources include on-site reclaimed water, off-site supplied reclaimed wastewater, graywater, rainwater, stormwater, treated seawater, condensate, nuisance water, treated blowdown from process water, reject water from reverse osmosis, and other recycled water sources.
E17: ▪ | F17: Potable water sources include municipally supplied potable water, well water, groundwater, and water from naturally occurring surface bodies of water (such as streams, lakes, or rivers), even if not treated to potable drinking water standards.
C20: INPUT INSTRUCTIONS
E22: User input cell formatting.
E23: Automatic input cell formatting.
E24: Calculation cell formatting.
C26: All input cells are required unless otherwise noted.
C28: 1 | D28: Input general information for the project, including project type and units.
C30: 2 | D30: Input baseline case and design case model values from other calculators.
D31: ▪ | E31: For fixtures and fittings, determine the baseline using a USGBC-approved calculator, as described in WEc2: Enhanced Water Efficiency, Option 2. Fixture and Fittings - Calculated Reduction.
D32: ▪ | E32: For outdoor water use, determine the baseline water consumption by calculating the project’s TIR, as outlined in WEc2: Enhanced Water Efficiency, Option 4. Outdoor Water Use, Path 2. Efficient Irrigation.
E33: Required fields for each category:
E34: ▪ | F34: Water Use Baseline. Must be a positive number. From external calculator.
E35: ▪ | F35: Total Annual Water Use Design (including alternative water). Must be a positive number. From external calculator.
E36: Optional fields for each category:
E37: ▪ | F37: Total Annual Alternative Water Use. Must be a positive number. From external calculator.
C39: 3 | D39: Input appliance baseline case and design case model values.
D40: ▪ | E40: See additional instructions below.
C42: 4 | D42: Input kitchen equipment baseline case and design case model values.
D43: ▪ | E43: See additional instructions below.
C45: 5 | D45: Input lab and medical baseline case and design case model values.
D46: ▪ | E46: See additional instructions below.
C48: 6 | D48: Input HVAC water use baseline case and design case model values.
D49: ▪ | E49: Input all HVAC water consumption, including cooling towers, evaporative condensers, evaporative coolers, boilers, humidification, etc.
D50: ▪ | E50: Water used by these systems must be included in the baseline if applicable for the project’s ASHRAE 90.1 Appendix G baseline system type according to ASHRAE 90.1-2019 or 2022 Table G3.1.1-3.
D51: ▪ | E51: For cooling system water use:
E52: ▪ | F52: The baseline system must be a 100% water-cooled chiller system with axial variable-speed fan cooling towers having a maximum drift of 0.002% of recirculated water volume and three cooling tower cycles.
E53: ▪ | F53: Baseline performance shall be calculated based on proposed case cooling loads for spaces served by systems 7, 8, 11, 12, or 13 in the baseline energy model.
E54: ▪ | F54: Cooling tower water usage calculations may be performed within the energy simulation software or using the cooling tower or evaporative condenser manufacturer's water usage program based on hourly design conditions, building loads and water chemistry.
E55: ▪ | F55: Projects may document a 100% reduction in water use for cooling if at least one of the baseline system(s) designated for the building using ASHRAE 90.1-2019 or 2022 Table G3.1.1-3 includes a cooling tower or evaporative condenser, and the design does not include a cooling tower or evaporative condenser.
D56: ▪ | E56: Projects without cooling towers or evaporative cooling systems may document 100% reduction in water use for cooling if at least one of the baseline system(s) designated for the building per ASHRAE 90.1-2019 or 90.1-2022, Appendix G, Table G3.1.1-3 include a cooling tower or evaporative condenser, and the project eliminates the use of water for cooling in the proposed design.
D57: ▪ | E57: ID+C Projects Only: Include any associated base building water use that is necessary for equipment that serves the tenant space.
C59: 7 | D59: Input other water use baseline case and design case model values.
D60: ▪ | E60: Include all other water consumption associated with the project. Examples may include swimming pools, fountains, water coolers/drinking fountains, manufacturing processes, etc.
D61: ▪ | E61: To define baseline values for equipment, project teams can use U.S. EPA WaterSense, ENERGY STAR, or U.S. Federal DOE/EPAct baselines; or other industry standard baseline. Must submit narrative and documentation separately justifying baseline values if claiming savings.
D62: ▪ | E62: For projects establishing a new baseline technology as the industry standard, submit exceptional calculations and at least one of the following:
E63: ▪ | F63: List of three projects built in the last five years that use the baseline technology.
E64: ▪ | F64: Current utility incentive programs for new construction that establish the baseline.
E65: ▪ | F65: Published studies justifying the baseline technology as standard practice.
D66: ▪ | E66: For projects with proprietary manufacturing processes, demonstrate that the production process is more efficient than the company’s average production efficiency:
E67: ▪ | F67: Identify at least three projects built in the last five years that manufacture the product.
E68: ▪ | F68: Calculate the process’s past average Water Consumption Index (WCI) in units of water per product manufactured to establish the baseline production efficiency.
E69: ▪ | F69: Provide the new process’s estimated WCI, anticipated production level, and an explanation of how these numbers were determined.
E70: ▪ | F70: Calculate the annual production process water cost savings using the baseline WCI, proposed WCI, and anticipated production level.
C72: The following instructions apply to Steps 3, 4, 5, 6, and 7.
D73: Project Equipment and Annual Usage Information
E74: Optional fields for each category:
E75: ▪ | F75: Appliance ID. Descriptor for the equipment. This should match drawings, and/or Current Facilities Requirements and Operations and Maintenance Plan. (Examples: P-01, F-01, or P-X for multiple installations of the same equipment type).
E76: ▪ | F76: Quantity. The quantity of identical equipment. This value must be entered when a group of equipment is entered in a single reporting line.
E77: Required fields for each category:
E78: ▪ | F78: Water Use Type. Dropdown inputs for common equipment types for appliances, kitchen equipment, laboratory and medical equipment, and other water uses.
E79: ▪ | F79: Annual Days of Operation. Input Annual Days of Operation.
E80: ▪ | F80: Cycles per Day. Input Cycles per Day.
F81: Note Annual Days of Operation and Cycles per Day are not required for HVAC Water Uses. Conduct calculations separately using ASHRAE 90.1-2019 or 90.1-2022, Appendix G, Table G3.1.1-3.
D82: Baseline and Design Model Annual Water Use Information
E83: Required fields for each category:
E84: ▪ | F84: Daily Usage Multiplier. Input Value based on Daily Usage Multiplier Unit. Daily Usage Multiplier Unit is automatically populated based on selected Water Use Type for appliances, kitchen equipment, and lab and medical equipment. Daily Usage Multiplier Unit must be manually selected for other water uses.
E85: ▪ | F85: Water Use Rate. Per equipment value. Input baseline and design water use value corresponding with the Water Use Rate Unit for the equipment line item. Water Use Rate Unit is automatically populated based on the Daily Usage Multiplier Unit for appliances, kitchen equipment, lab and medical equipment, and other water uses. Baseline values for appliances, kitchen equipment, laboratory and medical equipment can be determined using WEp2/WEc2 LEED Reference Guide Tables, EPA ENERGY STAR, WaterSense, or U.S. Federal DOE/EPAct standards. A baseline can also be established using an applicable industry standard or local code. Must submit narrative and documentation separately justifying baseline values if claiming savings.
F86: Note Daily Usage Multiplier and Water Use Rate are not required for HVAC water uses. For HVAC water uses, input direct Annual Water Use Baseline and Annual Water Use Design without Alternative Water values from separate calculations using ASHRAE 90.1-2019 or 90.1-2022, Appendix G, Table G3.1.1-3.
D87: Water Consumption
E88: Optional fields for each category:
E89: ▪ | F89: Annual Alternative Water Use. Cannot be greater than Annual Water Use Design without Alternative Water. Input the total value of annual alternative water used for all equipment. If more than one equipment is included in Quantity, include value used for all quantity of equipment.
G92: V01
G93: Copyright © 2025
G94: U.S. Green Building Council
G95: All Rights Reserved
G96: Last Updated: 10/31/2025

Sheet Inputs Whole-Project Water Use
B2: LEED v5 Whole Project Water Use Calculator LEED for Building Design and Construction | Interior Design and Construction Inputs Whole-Project Water Use
B4: STEP 1: GENERAL INFORMATION
B6: Project Type
B8: Unit of Measurement
B11: STEP 2: BASELINE AND DESIGN MODELS FROM OTHER CALCULATORS
B13: Fixtures and Fittings Water Use
B14: Unit | D14: Total Annual Water Use Baseline | E14: Total Annual Alternative Water Use (Optional) | F14: Total Annual Water Use Design (including alternative water) | H14: Total Annual Savings | J14: Total Annual Savings %
B15: =IF(inputs_units<>"",INDEX(data_genunitsval,MATCH(inputs_units,data_genunits,0)),"") | H15: =logic_bdffwuasam -> 0 | J15: =logic_bdffwuasprc -> 0
B17: Outdoor Water Use (BD+C only)
B18: Unit | D18: Total Annual Water Use Baseline | E18: Total Annual Alternative Water Use (Optional) | F18: Total Annual Water Use Design (including alternative water) | H18: Total Annual Savings | J18: Total Annual Savings %
B19: =IF(inputs_units<>"",INDEX(data_genunitsval,MATCH(inputs_units,data_genunits,0)),"") | H19: =logic_bdoutwuasam -> 0 | J19: =logic_bdoutwuasprc -> 0
B22: STEP 3: APPLIANCE WATER USE BASELINE AND DESIGN MODEL
B24: Click + to the left to add additional rows. Click - to the left to collapse (content will be saved).
B25: Project Equipment Information | H25: Baseline and Design Water Use Information | O25: Water Consumption
A26: - | B26: Appliance ID (Optional) | C26: Quantity (Optional) | D26: Water Use Type | F26: Annual Days of Operation | G26: Cycles per Day | H26: Daily Usage Multiplier | K26: Water Use Rate | O26: =CONCATENATE("Annual Water Use Baseline (",(IF(inputs_units<>"",INDEX(data_genunitsvol,MATCH(inputs_units,data_genunits,0)),"unit")),")") -> Annual Water Use Baseline (unit) | P26: =CONCATENATE("Annual Water Use Design w/o Alt. Water (",(IF(inputs_units<>"",INDEX(data_genunitsvol,MATCH(inputs_units,data_genunits,0)),"unit")),")") -> Annual Water Use Design w/o Alt. Water (unit) | Q26: =CONCATENATE("Annual Alternative Water Use (",(IF(inputs_units<>"",INDEX(data_genunitsvol,MATCH(inputs_units,data_genunits,0)),"unit")),")") -> Annual Alternative Water Use (unit) | R26: =CONCATENATE("Annual Water Use Design (",(IF(inputs_units<>"",INDEX(data_genunitsvol,MATCH(inputs_units,data_genunits,0)),"unit")),")") -> Annual Water Use Design (unit) | S26: =CONCATENATE("Annual Water Use Savings (",(IF(inputs_units<>"",INDEX(data_genunitsvol,MATCH(inputs_units,data_genunits,0)),"unit")),")") -> Annual Water Use Savings (unit) | T26: AnnualWater Use Savings (%)
H27: Value | I27: Unit | K27: Equipment Baseline Water Use | L27: Equipment Design Water Use | M27: Unit
Q28: (Optional)
A29: 1 | I29: =INDEX(logic_dumuapp,MATCH($A29,logic_appno,0)) | M29: =INDEX(logic_wuruapp,MATCH($A29,logic_appno,0)) | O29: =INDEX(logic_appawub,MATCH($A29,logic_appno,0)) | P29: =INDEX(logic_appawudwoaw,MATCH($A29,logic_appno,0)) | R29: =INDEX(logic_appawud,MATCH($A29,logic_appno,0)) | S29: =INDEX(logic_appawusa,MATCH($A29,logic_appno,0)) | T29: =INDEX(logic_appawusp,MATCH($A29,logic_appno,0))
A30: 2 | I30: =INDEX(logic_dumuapp,MATCH($A30,logic_appno,0)) | M30: =INDEX(logic_wuruapp,MATCH($A30,logic_appno,0)) | O30: =INDEX(logic_appawub,MATCH($A30,logic_appno,0)) | P30: =INDEX(logic_appawudwoaw,MATCH($A30,logic_appno,0)) | R30: =INDEX(logic_appawud,MATCH($A30,logic_appno,0)) | S30: =INDEX(logic_appawusa,MATCH($A30,logic_appno,0)) | T30: =INDEX(logic_appawusp,MATCH($A30,logic_appno,0))
A31: 3 | I31: =INDEX(logic_dumuapp,MATCH($A31,logic_appno,0)) | M31: =INDEX(logic_wuruapp,MATCH($A31,logic_appno,0)) | O31: =INDEX(logic_appawub,MATCH($A31,logic_appno,0)) | P31: =INDEX(logic_appawudwoaw,MATCH($A31,logic_appno,0)) | R31: =INDEX(logic_appawud,MATCH($A31,logic_appno,0)) | S31: =INDEX(logic_appawusa,MATCH($A31,logic_appno,0)) | T31: =INDEX(logic_appawusp,MATCH($A31,logic_appno,0))
A32: 4 | I32: =INDEX(logic_dumuapp,MATCH($A32,logic_appno,0)) | M32: =INDEX(logic_wuruapp,MATCH($A32,logic_appno,0)) | O32: =INDEX(logic_appawub,MATCH($A32,logic_appno,0)) | P32: =INDEX(logic_appawudwoaw,MATCH($A32,logic_appno,0)) | R32: =INDEX(logic_appawud,MATCH($A32,logic_appno,0)) | S32: =INDEX(logic_appawusa,MATCH($A32,logic_appno,0)) | T32: =INDEX(logic_appawusp,MATCH($A32,logic_appno,0))
A33: 5 | I33: =INDEX(logic_dumuapp,MATCH($A33,logic_appno,0)) | M33: =INDEX(logic_wuruapp,MATCH($A33,logic_appno,0)) | O33: =INDEX(logic_appawub,MATCH($A33,logic_appno,0)) | P33: =INDEX(logic_appawudwoaw,MATCH($A33,logic_appno,0)) | R33: =INDEX(logic_appawud,MATCH($A33,logic_appno,0)) | S33: =INDEX(logic_appawusa,MATCH($A33,logic_appno,0)) | T33: =INDEX(logic_appawusp,MATCH($A33,logic_appno,0))
A34: 6 | I34: =INDEX(logic_dumuapp,MATCH($A34,logic_appno,0)) | M34: =INDEX(logic_wuruapp,MATCH($A34,logic_appno,0)) | O34: =INDEX(logic_appawub,MATCH($A34,logic_appno,0)) | P34: =INDEX(logic_appawudwoaw,MATCH($A34,logic_appno,0)) | R34: =INDEX(logic_appawud,MATCH($A34,logic_appno,0)) | S34: =INDEX(logic_appawusa,MATCH($A34,logic_appno,0)) | T34: =INDEX(logic_appawusp,MATCH($A34,logic_appno,0))
A35: 7 | I35: =INDEX(logic_dumuapp,MATCH($A35,logic_appno,0)) | M35: =INDEX(logic_wuruapp,MATCH($A35,logic_appno,0)) | O35: =INDEX(logic_appawub,MATCH($A35,logic_appno,0)) | P35: =INDEX(logic_appawudwoaw,MATCH($A35,logic_appno,0)) | R35: =INDEX(logic_appawud,MATCH($A35,logic_appno,0)) | S35: =INDEX(logic_appawusa,MATCH($A35,logic_appno,0)) | T35: =INDEX(logic_appawusp,MATCH($A35,logic_appno,0))
A36: 8 | I36: =INDEX(logic_dumuapp,MATCH($A36,logic_appno,0)) | M36: =INDEX(logic_wuruapp,MATCH($A36,logic_appno,0)) | O36: =INDEX(logic_appawub,MATCH($A36,logic_appno,0)) | P36: =INDEX(logic_appawudwoaw,MATCH($A36,logic_appno,0)) | R36: =INDEX(logic_appawud,MATCH($A36,logic_appno,0)) | S36: =INDEX(logic_appawusa,MATCH($A36,logic_appno,0)) | T36: =INDEX(logic_appawusp,MATCH($A36,logic_appno,0))
A37: 9 | I37: =INDEX(logic_dumuapp,MATCH($A37,logic_appno,0)) | M37: =INDEX(logic_wuruapp,MATCH($A37,logic_appno,0)) | O37: =INDEX(logic_appawub,MATCH($A37,logic_appno,0)) | P37: =INDEX(logic_appawudwoaw,MATCH($A37,logic_appno,0)) | R37: =INDEX(logic_appawud,MATCH($A37,logic_appno,0)) | S37: =INDEX(logic_appawusa,MATCH($A37,logic_appno,0)) | T37: =INDEX(logic_appawusp,MATCH($A37,logic_appno,0))
A38: 10 | I38: =INDEX(logic_dumuapp,MATCH($A38,logic_appno,0)) | M38: =INDEX(logic_wuruapp,MATCH($A38,logic_appno,0)) | O38: =INDEX(logic_appawub,MATCH($A38,logic_appno,0)) | P38: =INDEX(logic_appawudwoaw,MATCH($A38,logic_appno,0)) | R38: =INDEX(logic_appawud,MATCH($A38,logic_appno,0)) | S38: =INDEX(logic_appawusa,MATCH($A38,logic_appno,0)) | T38: =INDEX(logic_appawusp,MATCH($A38,logic_appno,0)) | U38: Click + to left for additional rows
A39: 11 | I39: =INDEX(logic_dumuapp,MATCH($A39,logic_appno,0)) | M39: =INDEX(logic_wuruapp,MATCH($A39,logic_appno,0)) | O39: =INDEX(logic_appawub,MATCH($A39,logic_appno,0)) | P39: =INDEX(logic_appawudwoaw,MATCH($A39,logic_appno,0)) | R39: =INDEX(logic_appawud,MATCH($A39,logic_appno,0)) | S39: =INDEX(logic_appawusa,MATCH($A39,logic_appno,0)) | T39: =INDEX(logic_appawusp,MATCH($A39,logic_appno,0))
A40: 12 | I40: =INDEX(logic_dumuapp,MATCH($A40,logic_appno,0)) | M40: =INDEX(logic_wuruapp,MATCH($A40,logic_appno,0)) | O40: =INDEX(logic_appawub,MATCH($A40,logic_appno,0)) | P40: =INDEX(logic_appawudwoaw,MATCH($A40,logic_appno,0)) | R40: =INDEX(logic_appawud,MATCH($A40,logic_appno,0)) | S40: =INDEX(logic_appawusa,MATCH($A40,logic_appno,0)) | T40: =INDEX(logic_appawusp,MATCH($A40,logic_appno,0))
A41: 13 | I41: =INDEX(logic_dumuapp,MATCH($A41,logic_appno,0)) | M41: =INDEX(logic_wuruapp,MATCH($A41,logic_appno,0)) | O41: =INDEX(logic_appawub,MATCH($A41,logic_appno,0)) | P41: =INDEX(logic_appawudwoaw,MATCH($A41,logic_appno,0)) | R41: =INDEX(logic_appawud,MATCH($A41,logic_appno,0)) | S41: =INDEX(logic_appawusa,MATCH($A41,logic_appno,0)) | T41: =INDEX(logic_appawusp,MATCH($A41,logic_appno,0))
A42: 14 | I42: =INDEX(logic_dumuapp,MATCH($A42,logic_appno,0)) | M42: =INDEX(logic_wuruapp,MATCH($A42,logic_appno,0)) | O42: =INDEX(logic_appawub,MATCH($A42,logic_appno,0)) | P42: =INDEX(logic_appawudwoaw,MATCH($A42,logic_appno,0)) | R42: =INDEX(logic_appawud,MATCH($A42,logic_appno,0)) | S42: =INDEX(logic_appawusa,MATCH($A42,logic_appno,0)) | T42: =INDEX(logic_appawusp,MATCH($A42,logic_appno,0))
A43: 15 | I43: =INDEX(logic_dumuapp,MATCH($A43,logic_appno,0)) | M43: =INDEX(logic_wuruapp,MATCH($A43,logic_appno,0)) | O43: =INDEX(logic_appawub,MATCH($A43,logic_appno,0)) | P43: =INDEX(logic_appawudwoaw,MATCH($A43,logic_appno,0)) | R43: =INDEX(logic_appawud,MATCH($A43,logic_appno,0)) | S43: =INDEX(logic_appawusa,MATCH($A43,logic_appno,0)) | T43: =INDEX(logic_appawusp,MATCH($A43,logic_appno,0))
A44: 16 | I44: =INDEX(logic_dumuapp,MATCH($A44,logic_appno,0)) | M44: =INDEX(logic_wuruapp,MATCH($A44,logic_appno,0)) | O44: =INDEX(logic_appawub,MATCH($A44,logic_appno,0)) | P44: =INDEX(logic_appawudwoaw,MATCH($A44,logic_appno,0)) | R44: =INDEX(logic_appawud,MATCH($A44,logic_appno,0)) | S44: =INDEX(logic_appawusa,MATCH($A44,logic_appno,0)) | T44: =INDEX(logic_appawusp,MATCH($A44,logic_appno,0))
A45: 17 | I45: =INDEX(logic_dumuapp,MATCH($A45,logic_appno,0)) | M45: =INDEX(logic_wuruapp,MATCH($A45,logic_appno,0)) | O45: =INDEX(logic_appawub,MATCH($A45,logic_appno,0)) | P45: =INDEX(logic_appawudwoaw,MATCH($A45,logic_appno,0)) | R45: =INDEX(logic_appawud,MATCH($A45,logic_appno,0)) | S45: =INDEX(logic_appawusa,MATCH($A45,logic_appno,0)) | T45: =INDEX(logic_appawusp,MATCH($A45,logic_appno,0))
A46: 18 | I46: =INDEX(logic_dumuapp,MATCH($A46,logic_appno,0)) | M46: =INDEX(logic_wuruapp,MATCH($A46,logic_appno,0)) | O46: =INDEX(logic_appawub,MATCH($A46,logic_appno,0)) | P46: =INDEX(logic_appawudwoaw,MATCH($A46,logic_appno,0)) | R46: =INDEX(logic_appawud,MATCH($A46,logic_appno,0)) | S46: =INDEX(logic_appawusa,MATCH($A46,logic_appno,0)) | T46: =INDEX(logic_appawusp,MATCH($A46,logic_appno,0))
A47: 19 | I47: =INDEX(logic_dumuapp,MATCH($A47,logic_appno,0)) | M47: =INDEX(logic_wuruapp,MATCH($A47,logic_appno,0)) | O47: =INDEX(logic_appawub,MATCH($A47,logic_appno,0)) | P47: =INDEX(logic_appawudwoaw,MATCH($A47,logic_appno,0)) | R47: =INDEX(logic_appawud,MATCH($A47,logic_appno,0)) | S47: =INDEX(logic_appawusa,MATCH($A47,logic_appno,0)) | T47: =INDEX(logic_appawusp,MATCH($A47,logic_appno,0))
A48: 20 | I48: =INDEX(logic_dumuapp,MATCH($A48,logic_appno,0)) | M48: =INDEX(logic_wuruapp,MATCH($A48,logic_appno,0)) | O48: =INDEX(logic_appawub,MATCH($A48,logic_appno,0)) | P48: =INDEX(logic_appawudwoaw,MATCH($A48,logic_appno,0)) | R48: =INDEX(logic_appawud,MATCH($A48,logic_appno,0)) | S48: =INDEX(logic_appawusa,MATCH($A48,logic_appno,0)) | T48: =INDEX(logic_appawusp,MATCH($A48,logic_appno,0))
A49: 21 | I49: =INDEX(logic_dumuapp,MATCH($A49,logic_appno,0)) | M49: =INDEX(logic_wuruapp,MATCH($A49,logic_appno,0)) | O49: =INDEX(logic_appawub,MATCH($A49,logic_appno,0)) | P49: =INDEX(logic_appawudwoaw,MATCH($A49,logic_appno,0)) | R49: =INDEX(logic_appawud,MATCH($A49,logic_appno,0)) | S49: =INDEX(logic_appawusa,MATCH($A49,logic_appno,0)) | T49: =INDEX(logic_appawusp,MATCH($A49,logic_appno,0))
A50: 22 | I50: =INDEX(logic_dumuapp,MATCH($A50,logic_appno,0)) | M50: =INDEX(logic_wuruapp,MATCH($A50,logic_appno,0)) | O50: =INDEX(logic_appawub,MATCH($A50,logic_appno,0)) | P50: =INDEX(logic_appawudwoaw,MATCH($A50,logic_appno,0)) | R50: =INDEX(logic_appawud,MATCH($A50,logic_appno,0)) | S50: =INDEX(logic_appawusa,MATCH($A50,logic_appno,0)) | T50: =INDEX(logic_appawusp,MATCH($A50,logic_appno,0))
... A58: 30 | I58: =INDEX(logic_dumuapp,MATCH($A58,logic_appno,0)) | M58: =INDEX(logic_wuruapp,MATCH($A58,logic_appno,0)) | O58: =INDEX(logic_appawub,MATCH($A58,logic_appno,0)) | P58: =INDEX(logic_appawudwoaw,MATCH($A58,logic_appno,0)) | R58: =INDEX(logic_appawud,MATCH($A58,logic_appno,0)) | S58: =INDEX(logic_appawusa,MATCH($A58,logic_appno,0)) | T58: =INDEX(logic_appawusp,MATCH($A58,logic_appno,0))
A59: 31 | I59: =INDEX(logic_dumuapp,MATCH($A59,logic_appno,0)) | M59: =INDEX(logic_wuruapp,MATCH($A59,logic_appno,0)) | O59: =INDEX(logic_appawub,MATCH($A59,logic_appno,0)) | P59: =INDEX(logic_appawudwoaw,MATCH($A59,logic_appno,0)) | R59: =INDEX(logic_appawud,MATCH($A59,logic_appno,0)) | S59: =INDEX(logic_appawusa,MATCH($A59,logic_appno,0)) | T59: =INDEX(logic_appawusp,MATCH($A59,logic_appno,0)) | U59: Click + to left for additional rows
A60: 32 | I60: =INDEX(logic_dumuapp,MATCH($A60,logic_appno,0)) | M60: =INDEX(logic_wuruapp,MATCH($A60,logic_appno,0)) | O60: =INDEX(logic_appawub,MATCH($A60,logic_appno,0)) | P60: =INDEX(logic_appawudwoaw,MATCH($A60,logic_appno,0)) | R60: =INDEX(logic_appawud,MATCH($A60,logic_appno,0)) | S60: =INDEX(logic_appawusa,MATCH($A60,logic_appno,0)) | T60: =INDEX(logic_appawusp,MATCH($A60,logic_appno,0))
A61: 33 | I61: =INDEX(logic_dumuapp,MATCH($A61,logic_appno,0)) | M61: =INDEX(logic_wuruapp,MATCH($A61,logic_appno,0)) | O61: =INDEX(logic_appawub,MATCH($A61,logic_appno,0)) | P61: =INDEX(logic_appawudwoaw,MATCH($A61,logic_appno,0)) | R61: =INDEX(logic_appawud,MATCH($A61,logic_appno,0)) | S61: =INDEX(logic_appawusa,MATCH($A61,logic_appno,0)) | T61: =INDEX(logic_appawusp,MATCH($A61,logic_appno,0))
A62: 34 | I62: =INDEX(logic_dumuapp,MATCH($A62,logic_appno,0)) | M62: =INDEX(logic_wuruapp,MATCH($A62,logic_appno,0)) | O62: =INDEX(logic_appawub,MATCH($A62,logic_appno,0)) | P62: =INDEX(logic_appawudwoaw,MATCH($A62,logic_appno,0)) | R62: =INDEX(logic_appawud,MATCH($A62,logic_appno,0)) | S62: =INDEX(logic_appawusa,MATCH($A62,logic_appno,0)) | T62: =INDEX(logic_appawusp,MATCH($A62,logic_appno,0))
A63: 35 | I63: =INDEX(logic_dumuapp,MATCH($A63,logic_appno,0)) | M63: =INDEX(logic_wuruapp,MATCH($A63,logic_appno,0)) | O63: =INDEX(logic_appawub,MATCH($A63,logic_appno,0)) | P63: =INDEX(logic_appawudwoaw,MATCH($A63,logic_appno,0)) | R63: =INDEX(logic_appawud,MATCH($A63,logic_appno,0)) | S63: =INDEX(logic_appawusa,MATCH($A63,logic_appno,0)) | T63: =INDEX(logic_appawusp,MATCH($A63,logic_appno,0))
A64: 36 | I64: =INDEX(logic_dumuapp,MATCH($A64,logic_appno,0)) | M64: =INDEX(logic_wuruapp,MATCH($A64,logic_appno,0)) | O64: =INDEX(logic_appawub,MATCH($A64,logic_appno,0)) | P64: =INDEX(logic_appawudwoaw,MATCH($A64,logic_appno,0)) | R64: =INDEX(logic_appawud,MATCH($A64,logic_appno,0)) | S64: =INDEX(logic_appawusa,MATCH($A64,logic_appno,0)) | T64: =INDEX(logic_appawusp,MATCH($A64,logic_appno,0))
A65: 37 | I65: =INDEX(logic_dumuapp,MATCH($A65,logic_appno,0)) | M65: =INDEX(logic_wuruapp,MATCH($A65,logic_appno,0)) | O65: =INDEX(logic_appawub,MATCH($A65,logic_appno,0)) | P65: =INDEX(logic_appawudwoaw,MATCH($A65,logic_appno,0)) | R65: =INDEX(logic_appawud,MATCH($A65,logic_appno,0)) | S65: =INDEX(logic_appawusa,MATCH($A65,logic_appno,0)) | T65: =INDEX(logic_appawusp,MATCH($A65,logic_appno,0))
A66: 38 | I66: =INDEX(logic_dumuapp,MATCH($A66,logic_appno,0)) | M66: =INDEX(logic_wuruapp,MATCH($A66,logic_appno,0)) | O66: =INDEX(logic_appawub,MATCH($A66,logic_appno,0)) | P66: =INDEX(logic_appawudwoaw,MATCH($A66,logic_appno,0)) | R66: =INDEX(logic_appawud,MATCH($A66,logic_appno,0)) | S66: =INDEX(logic_appawusa,MATCH($A66,logic_appno,0)) | T66: =INDEX(logic_appawusp,MATCH($A66,logic_appno,0))
A67: 39 | I67: =INDEX(logic_dumuapp,MATCH($A67,logic_appno,0)) | M67: =INDEX(logic_wuruapp,MATCH($A67,logic_appno,0)) | O67: =INDEX(logic_appawub,MATCH($A67,logic_appno,0)) | P67: =INDEX(logic_appawudwoaw,MATCH($A67,logic_appno,0)) | R67: =INDEX(logic_appawud,MATCH($A67,logic_appno,0)) | S67: =INDEX(logic_appawusa,MATCH($A67,logic_appno,0)) | T67: =INDEX(logic_appawusp,MATCH($A67,logic_appno,0))
A68: 40 | I68: =INDEX(logic_dumuapp,MATCH($A68,logic_appno,0)) | M68: =INDEX(logic_wuruapp,MATCH($A68,logic_appno,0)) | O68: =INDEX(logic_appawub,MATCH($A68,logic_appno,0)) | P68: =INDEX(logic_appawudwoaw,MATCH($A68,logic_appno,0)) | R68: =INDEX(logic_appawud,MATCH($A68,logic_appno,0)) | S68: =INDEX(logic_appawusa,MATCH($A68,logic_appno,0)) | T68: =INDEX(logic_appawusp,MATCH($A68,logic_appno,0))
A69: 41 | I69: =INDEX(logic_dumuapp,MATCH($A69,logic_appno,0)) | M69: =INDEX(logic_wuruapp,MATCH($A69,logic_appno,0)) | O69: =INDEX(logic_appawub,MATCH($A69,logic_appno,0)) | P69: =INDEX(logic_appawudwoaw,MATCH($A69,logic_appno,0)) | R69: =INDEX(logic_appawud,MATCH($A69,logic_appno,0)) | S69: =INDEX(logic_appawusa,MATCH($A69,logic_appno,0)) | T69: =INDEX(logic_appawusp,MATCH($A69,logic_appno,0))
A70: 42 | I70: =INDEX(logic_dumuapp,MATCH($A70,logic_appno,0)) | M70: =INDEX(logic_wuruapp,MATCH($A70,logic_appno,0)) | O70: =INDEX(logic_appawub,MATCH($A70,logic_appno,0)) | P70: =INDEX(logic_appawudwoaw,MATCH($A70,logic_appno,0)) | R70: =INDEX(logic_appawud,MATCH($A70,logic_appno,0)) | S70: =INDEX(logic_appawusa,MATCH($A70,logic_appno,0)) | T70: =INDEX(logic_appawusp,MATCH($A70,logic_appno,0))
A71: 43 | I71: =INDEX(logic_dumuapp,MATCH($A71,logic_appno,0)) | M71: =INDEX(logic_wuruapp,MATCH($A71,logic_appno,0)) | O71: =INDEX(logic_appawub,MATCH($A71,logic_appno,0)) | P71: =INDEX(logic_appawudwoaw,MATCH($A71,logic_appno,0)) | R71: =INDEX(logic_appawud,MATCH($A71,logic_appno,0)) | S71: =INDEX(logic_appawusa,MATCH($A71,logic_appno,0)) | T71: =INDEX(logic_appawusp,MATCH($A71,logic_appno,0))
... A78: 50 | I78: =INDEX(logic_dumuapp,MATCH($A78,logic_appno,0)) | M78: =INDEX(logic_wuruapp,MATCH($A78,logic_appno,0)) | O78: =INDEX(logic_appawub,MATCH($A78,logic_appno,0)) | P78: =INDEX(logic_appawudwoaw,MATCH($A78,logic_appno,0)) | R78: =INDEX(logic_appawud,MATCH($A78,logic_appno,0)) | S78: =INDEX(logic_appawusa,MATCH($A78,logic_appno,0)) | T78: =INDEX(logic_appawusp,MATCH($A78,logic_appno,0))
A79: 51 | I79: =INDEX(logic_dumuapp,MATCH($A79,logic_appno,0)) | M79: =INDEX(logic_wuruapp,MATCH($A79,logic_appno,0)) | O79: =INDEX(logic_appawub,MATCH($A79,logic_appno,0)) | P79: =INDEX(logic_appawudwoaw,MATCH($A79,logic_appno,0)) | R79: =INDEX(logic_appawud,MATCH($A79,logic_appno,0)) | S79: =INDEX(logic_appawusa,MATCH($A79,logic_appno,0)) | T79: =INDEX(logic_appawusp,MATCH($A79,logic_appno,0)) | U79: Click + to left for additional rows
A80: 52 | I80: =INDEX(logic_dumuapp,MATCH($A80,logic_appno,0)) | M80: =INDEX(logic_wuruapp,MATCH($A80,logic_appno,0)) | O80: =INDEX(logic_appawub,MATCH($A80,logic_appno,0)) | P80: =INDEX(logic_appawudwoaw,MATCH($A80,logic_appno,0)) | R80: =INDEX(logic_appawud,MATCH($A80,logic_appno,0)) | S80: =INDEX(logic_appawusa,MATCH($A80,logic_appno,0)) | T80: =INDEX(logic_appawusp,MATCH($A80,logic_appno,0))
A81: 53 | I81: =INDEX(logic_dumuapp,MATCH($A81,logic_appno,0)) | M81: =INDEX(logic_wuruapp,MATCH($A81,logic_appno,0)) | O81: =INDEX(logic_appawub,MATCH($A81,logic_appno,0)) | P81: =INDEX(logic_appawudwoaw,MATCH($A81,logic_appno,0)) | R81: =INDEX(logic_appawud,MATCH($A81,logic_appno,0)) | S81: =INDEX(logic_appawusa,MATCH($A81,logic_appno,0)) | T81: =INDEX(logic_appawusp,MATCH($A81,logic_appno,0))
A82: 54 | I82: =INDEX(logic_dumuapp,MATCH($A82,logic_appno,0)) | M82: =INDEX(logic_wuruapp,MATCH($A82,logic_appno,0)) | O82: =INDEX(logic_appawub,MATCH($A82,logic_appno,0)) | P82: =INDEX(logic_appawudwoaw,MATCH($A82,logic_appno,0)) | R82: =INDEX(logic_appawud,MATCH($A82,logic_appno,0)) | S82: =INDEX(logic_appawusa,MATCH($A82,logic_appno,0)) | T82: =INDEX(logic_appawusp,MATCH($A82,logic_appno,0))
A83: 55 | I83: =INDEX(logic_dumuapp,MATCH($A83,logic_appno,0)) | M83: =INDEX(logic_wuruapp,MATCH($A83,logic_appno,0)) | O83: =INDEX(logic_appawub,MATCH($A83,logic_appno,0)) | P83: =INDEX(logic_appawudwoaw,MATCH($A83,logic_appno,0)) | R83: =INDEX(logic_appawud,MATCH($A83,logic_appno,0)) | S83: =INDEX(logic_appawusa,MATCH($A83,logic_appno,0)) | T83: =INDEX(logic_appawusp,MATCH($A83,logic_appno,0))
A84: 56 | I84: =INDEX(logic_dumuapp,MATCH($A84,logic_appno,0)) | M84: =INDEX(logic_wuruapp,MATCH($A84,logic_appno,0)) | O84: =INDEX(logic_appawub,MATCH($A84,logic_appno,0)) | P84: =INDEX(logic_appawudwoaw,MATCH($A84,logic_appno,0)) | R84: =INDEX(logic_appawud,MATCH($A84,logic_appno,0)) | S84: =INDEX(logic_appawusa,MATCH($A84,logic_appno,0)) | T84: =INDEX(logic_appawusp,MATCH($A84,logic_appno,0))
A85: 57 | I85: =INDEX(logic_dumuapp,MATCH($A85,logic_appno,0)) | M85: =INDEX(logic_wuruapp,MATCH($A85,logic_appno,0)) | O85: =INDEX(logic_appawub,MATCH($A85,logic_appno,0)) | P85: =INDEX(logic_appawudwoaw,MATCH($A85,logic_appno,0)) | R85: =INDEX(logic_appawud,MATCH($A85,logic_appno,0)) | S85: =INDEX(logic_appawusa,MATCH($A85,logic_appno,0)) | T85: =INDEX(logic_appawusp,MATCH($A85,logic_appno,0))
A86: 58 | I86: =INDEX(logic_dumuapp,MATCH($A86,logic_appno,0)) | M86: =INDEX(logic_wuruapp,MATCH($A86,logic_appno,0)) | O86: =INDEX(logic_appawub,MATCH($A86,logic_appno,0)) | P86: =INDEX(logic_appawudwoaw,MATCH($A86,logic_appno,0)) | R86: =INDEX(logic_appawud,MATCH($A86,logic_appno,0)) | S86: =INDEX(logic_appawusa,MATCH($A86,logic_appno,0)) | T86: =INDEX(logic_appawusp,MATCH($A86,logic_appno,0))
A87: 59 | I87: =INDEX(logic_dumuapp,MATCH($A87,logic_appno,0)) | M87: =INDEX(logic_wuruapp,MATCH($A87,logic_appno,0)) | O87: =INDEX(logic_appawub,MATCH($A87,logic_appno,0)) | P87: =INDEX(logic_appawudwoaw,MATCH($A87,logic_appno,0)) | R87: =INDEX(logic_appawud,MATCH($A87,logic_appno,0)) | S87: =INDEX(logic_appawusa,MATCH($A87,logic_appno,0)) | T87: =INDEX(logic_appawusp,MATCH($A87,logic_appno,0))
A88: 60 | I88: =INDEX(logic_dumuapp,MATCH($A88,logic_appno,0)) | M88: =INDEX(logic_wuruapp,MATCH($A88,logic_appno,0)) | O88: =INDEX(logic_appawub,MATCH($A88,logic_appno,0)) | P88: =INDEX(logic_appawudwoaw,MATCH($A88,logic_appno,0)) | R88: =INDEX(logic_appawud,MATCH($A88,logic_appno,0)) | S88: =INDEX(logic_appawusa,MATCH($A88,logic_appno,0)) | T88: =INDEX(logic_appawusp,MATCH($A88,logic_appno,0))
A89: 61 | I89: =INDEX(logic_dumuapp,MATCH($A89,logic_appno,0)) | M89: =INDEX(logic_wuruapp,MATCH($A89,logic_appno,0)) | O89: =INDEX(logic_appawub,MATCH($A89,logic_appno,0)) | P89: =INDEX(logic_appawudwoaw,MATCH($A89,logic_appno,0)) | R89: =INDEX(logic_appawud,MATCH($A89,logic_appno,0)) | S89: =INDEX(logic_appawusa,MATCH($A89,logic_appno,0)) | T89: =INDEX(logic_appawusp,MATCH($A89,logic_appno,0))
A90: 62 | I90: =INDEX(logic_dumuapp,MATCH($A90,logic_appno,0)) | M90: =INDEX(logic_wuruapp,MATCH($A90,logic_appno,0)) | O90: =INDEX(logic_appawub,MATCH($A90,logic_appno,0)) | P90: =INDEX(logic_appawudwoaw,MATCH($A90,logic_appno,0)) | R90: =INDEX(logic_appawud,MATCH($A90,logic_appno,0)) | S90: =INDEX(logic_appawusa,MATCH($A90,logic_appno,0)) | T90: =INDEX(logic_appawusp,MATCH($A90,logic_appno,0))
A91: 63 | I91: =INDEX(logic_dumuapp,MATCH($A91,logic_appno,0)) | M91: =INDEX(logic_wuruapp,MATCH($A91,logic_appno,0)) | O91: =INDEX(logic_appawub,MATCH($A91,logic_appno,0)) | P91: =INDEX(logic_appawudwoaw,MATCH($A91,logic_appno,0)) | R91: =INDEX(logic_appawud,MATCH($A91,logic_appno,0)) | S91: =INDEX(logic_appawusa,MATCH($A91,logic_appno,0)) | T91: =INDEX(logic_appawusp,MATCH($A91,logic_appno,0))
... A98: 70 | I98: =INDEX(logic_dumuapp,MATCH($A98,logic_appno,0)) | M98: =INDEX(logic_wuruapp,MATCH($A98,logic_appno,0)) | O98: =INDEX(logic_appawub,MATCH($A98,logic_appno,0)) | P98: =INDEX(logic_appawudwoaw,MATCH($A98,logic_appno,0)) | R98: =INDEX(logic_appawud,MATCH($A98,logic_appno,0)) | S98: =INDEX(logic_appawusa,MATCH($A98,logic_appno,0)) | T98: =INDEX(logic_appawusp,MATCH($A98,logic_appno,0))
A99: 71 | I99: =INDEX(logic_dumuapp,MATCH($A99,logic_appno,0)) | M99: =INDEX(logic_wuruapp,MATCH($A99,logic_appno,0)) | O99: =INDEX(logic_appawub,MATCH($A99,logic_appno,0)) | P99: =INDEX(logic_appawudwoaw,MATCH($A99,logic_appno,0)) | R99: =INDEX(logic_appawud,MATCH($A99,logic_appno,0)) | S99: =INDEX(logic_appawusa,MATCH($A99,logic_appno,0)) | T99: =INDEX(logic_appawusp,MATCH($A99,logic_appno,0)) | U99: Click + to left for additional rows
A100: 72 | I100: =INDEX(logic_dumuapp,MATCH($A100,logic_appno,0)) | M100: =INDEX(logic_wuruapp,MATCH($A100,logic_appno,0)) | O100: =INDEX(logic_appawub,MATCH($A100,logic_appno,0)) | P100: =INDEX(logic_appawudwoaw,MATCH($A100,logic_appno,0)) | R100: =INDEX(logic_appawud,MATCH($A100,logic_appno,0)) | S100: =INDEX(logic_appawusa,MATCH($A100,logic_appno,0)) | T100: =INDEX(logic_appawusp,MATCH($A100,logic_appno,0))
A101: 73 | I101: =INDEX(logic_dumuapp,MATCH($A101,logic_appno,0)) | M101: =INDEX(logic_wuruapp,MATCH($A101,logic_appno,0)) | O101: =INDEX(logic_appawub,MATCH($A101,logic_appno,0)) | P101: =INDEX(logic_appawudwoaw,MATCH($A101,logic_appno,0)) | R101: =INDEX(logic_appawud,MATCH($A101,logic_appno,0)) | S101: =INDEX(logic_appawusa,MATCH($A101,logic_appno,0)) | T101: =INDEX(logic_appawusp,MATCH($A101,logic_appno,0))
A102: 74 | I102: =INDEX(logic_dumuapp,MATCH($A102,logic_appno,0)) | M102: =INDEX(logic_wuruapp,MATCH($A102,logic_appno,0)) | O102: =INDEX(logic_appawub,MATCH($A102,logic_appno,0)) | P102: =INDEX(logic_appawudwoaw,MATCH($A102,logic_appno,0)) | R102: =INDEX(logic_appawud,MATCH($A102,logic_appno,0)) | S102: =INDEX(logic_appawusa,MATCH($A102,logic_appno,0)) | T102: =INDEX(logic_appawusp,MATCH($A102,logic_appno,0))
A103: 75 | I103: =INDEX(logic_dumuapp,MATCH($A103,logic_appno,0)) | M103: =INDEX(logic_wuruapp,MATCH($A103,logic_appno,0)) | O103: =INDEX(logic_appawub,MATCH($A103,logic_appno,0)) | P103: =INDEX(logic_appawudwoaw,MATCH($A103,logic_appno,0)) | R103: =INDEX(logic_appawud,MATCH($A103,logic_appno,0)) | S103: =INDEX(logic_appawusa,MATCH($A103,logic_appno,0)) | T103: =INDEX(logic_appawusp,MATCH($A103,logic_appno,0))
A104: 76 | I104: =INDEX(logic_dumuapp,MATCH($A104,logic_appno,0)) | M104: =INDEX(logic_wuruapp,MATCH($A104,logic_appno,0)) | O104: =INDEX(logic_appawub,MATCH($A104,logic_appno,0)) | P104: =INDEX(logic_appawudwoaw,MATCH($A104,logic_appno,0)) | R104: =INDEX(logic_appawud,MATCH($A104,logic_appno,0)) | S104: =INDEX(logic_appawusa,MATCH($A104,logic_appno,0)) | T104: =INDEX(logic_appawusp,MATCH($A104,logic_appno,0))
A105: 77 | I105: =INDEX(logic_dumuapp,MATCH($A105,logic_appno,0)) | M105: =INDEX(logic_wuruapp,MATCH($A105,logic_appno,0)) | O105: =INDEX(logic_appawub,MATCH($A105,logic_appno,0)) | P105: =INDEX(logic_appawudwoaw,MATCH($A105,logic_appno,0)) | R105: =INDEX(logic_appawud,MATCH($A105,logic_appno,0)) | S105: =INDEX(logic_appawusa,MATCH($A105,logic_appno,0)) | T105: =INDEX(logic_appawusp,MATCH($A105,logic_appno,0))
A106: 78 | I106: =INDEX(logic_dumuapp,MATCH($A106,logic_appno,0)) | M106: =INDEX(logic_wuruapp,MATCH($A106,logic_appno,0)) | O106: =INDEX(logic_appawub,MATCH($A106,logic_appno,0)) | P106: =INDEX(logic_appawudwoaw,MATCH($A106,logic_appno,0)) | R106: =INDEX(logic_appawud,MATCH($A106,logic_appno,0)) | S106: =INDEX(logic_appawusa,MATCH($A106,logic_appno,0)) | T106: =INDEX(logic_appawusp,MATCH($A106,logic_appno,0))
A107: 79 | I107: =INDEX(logic_dumuapp,MATCH($A107,logic_appno,0)) | M107: =INDEX(logic_wuruapp,MATCH($A107,logic_appno,0)) | O107: =INDEX(logic_appawub,MATCH($A107,logic_appno,0)) | P107: =INDEX(logic_appawudwoaw,MATCH($A107,logic_appno,0)) | R107: =INDEX(logic_appawud,MATCH($A107,logic_appno,0)) | S107: =INDEX(logic_appawusa,MATCH($A107,logic_appno,0)) | T107: =INDEX(logic_appawusp,MATCH($A107,logic_appno,0))
A108: 80 | I108: =INDEX(logic_dumuapp,MATCH($A108,logic_appno,0)) | M108: =INDEX(logic_wuruapp,MATCH($A108,logic_appno,0)) | O108: =INDEX(logic_appawub,MATCH($A108,logic_appno,0)) | P108: =INDEX(logic_appawudwoaw,MATCH($A108,logic_appno,0)) | R108: =INDEX(logic_appawud,MATCH($A108,logic_appno,0)) | S108: =INDEX(logic_appawusa,MATCH($A108,logic_appno,0)) | T108: =INDEX(logic_appawusp,MATCH($A108,logic_appno,0))
A109: 81 | I109: =INDEX(logic_dumuapp,MATCH($A109,logic_appno,0)) | M109: =INDEX(logic_wuruapp,MATCH($A109,logic_appno,0)) | O109: =INDEX(logic_appawub,MATCH($A109,logic_appno,0)) | P109: =INDEX(logic_appawudwoaw,MATCH($A109,logic_appno,0)) | R109: =INDEX(logic_appawud,MATCH($A109,logic_appno,0)) | S109: =INDEX(logic_appawusa,MATCH($A109,logic_appno,0)) | T109: =INDEX(logic_appawusp,MATCH($A109,logic_appno,0))
A110: 82 | I110: =INDEX(logic_dumuapp,MATCH($A110,logic_appno,0)) | M110: =INDEX(logic_wuruapp,MATCH($A110,logic_appno,0)) | O110: =INDEX(logic_appawub,MATCH($A110,logic_appno,0)) | P110: =INDEX(logic_appawudwoaw,MATCH($A110,logic_appno,0)) | R110: =INDEX(logic_appawud,MATCH($A110,logic_appno,0)) | S110: =INDEX(logic_appawusa,MATCH($A110,logic_appno,0)) | T110: =INDEX(logic_appawusp,MATCH($A110,logic_appno,0))
A111: 83 | I111: =INDEX(logic_dumuapp,MATCH($A111,logic_appno,0)) | M111: =INDEX(logic_wuruapp,MATCH($A111,logic_appno,0)) | O111: =INDEX(logic_appawub,MATCH($A111,logic_appno,0)) | P111: =INDEX(logic_appawudwoaw,MATCH($A111,logic_appno,0)) | R111: =INDEX(logic_appawud,MATCH($A111,logic_appno,0)) | S111: =INDEX(logic_appawusa,MATCH($A111,logic_appno,0)) | T111: =INDEX(logic_appawusp,MATCH($A111,logic_appno,0))
... A118: 90 | I118: =INDEX(logic_dumuapp,MATCH($A118,logic_appno,0)) | M118: =INDEX(logic_wuruapp,MATCH($A118,logic_appno,0)) | O118: =INDEX(logic_appawub,MATCH($A118,logic_appno,0)) | P118: =INDEX(logic_appawudwoaw,MATCH($A118,logic_appno,0)) | R118: =INDEX(logic_appawud,MATCH($A118,logic_appno,0)) | S118: =INDEX(logic_appawusa,MATCH($A118,logic_appno,0)) | T118: =INDEX(logic_appawusp,MATCH($A118,logic_appno,0))
A119: 91 | I119: =INDEX(logic_dumuapp,MATCH($A119,logic_appno,0)) | M119: =INDEX(logic_wuruapp,MATCH($A119,logic_appno,0)) | O119: =INDEX(logic_appawub,MATCH($A119,logic_appno,0)) | P119: =INDEX(logic_appawudwoaw,MATCH($A119,logic_appno,0)) | R119: =INDEX(logic_appawud,MATCH($A119,logic_appno,0)) | S119: =INDEX(logic_appawusa,MATCH($A119,logic_appno,0)) | T119: =INDEX(logic_appawusp,MATCH($A119,logic_appno,0)) | U119: Click + to left for additional rows
A120: 92 | I120: =INDEX(logic_dumuapp,MATCH($A120,logic_appno,0)) | M120: =INDEX(logic_wuruapp,MATCH($A120,logic_appno,0)) | O120: =INDEX(logic_appawub,MATCH($A120,logic_appno,0)) | P120: =INDEX(logic_appawudwoaw,MATCH($A120,logic_appno,0)) | R120: =INDEX(logic_appawud,MATCH($A120,logic_appno,0)) | S120: =INDEX(logic_appawusa,MATCH($A120,logic_appno,0)) | T120: =INDEX(logic_appawusp,MATCH($A120,logic_appno,0))
A121: 93 | I121: =INDEX(logic_dumuapp,MATCH($A121,logic_appno,0)) | M121: =INDEX(logic_wuruapp,MATCH($A121,logic_appno,0)) | O121: =INDEX(logic_appawub,MATCH($A121,logic_appno,0)) | P121: =INDEX(logic_appawudwoaw,MATCH($A121,logic_appno,0)) | R121: =INDEX(logic_appawud,MATCH($A121,logic_appno,0)) | S121: =INDEX(logic_appawusa,MATCH($A121,logic_appno,0)) | T121: =INDEX(logic_appawusp,MATCH($A121,logic_appno,0))
A122: 94 | I122: =INDEX(logic_dumuapp,MATCH($A122,logic_appno,0)) | M122: =INDEX(logic_wuruapp,MATCH($A122,logic_appno,0)) | O122: =INDEX(logic_appawub,MATCH($A122,logic_appno,0)) | P122: =INDEX(logic_appawudwoaw,MATCH($A122,logic_appno,0)) | R122: =INDEX(logic_appawud,MATCH($A122,logic_appno,0)) | S122: =INDEX(logic_appawusa,MATCH($A122,logic_appno,0)) | T122: =INDEX(logic_appawusp,MATCH($A122,logic_appno,0))
A123: 95 | I123: =INDEX(logic_dumuapp,MATCH($A123,logic_appno,0)) | M123: =INDEX(logic_wuruapp,MATCH($A123,logic_appno,0)) | O123: =INDEX(logic_appawub,MATCH($A123,logic_appno,0)) | P123: =INDEX(logic_appawudwoaw,MATCH($A123,logic_appno,0)) | R123: =INDEX(logic_appawud,MATCH($A123,logic_appno,0)) | S123: =INDEX(logic_appawusa,MATCH($A123,logic_appno,0)) | T123: =INDEX(logic_appawusp,MATCH($A123,logic_appno,0))
A124: 96 | I124: =INDEX(logic_dumuapp,MATCH($A124,logic_appno,0)) | M124: =INDEX(logic_wuruapp,MATCH($A124,logic_appno,0)) | O124: =INDEX(logic_appawub,MATCH($A124,logic_appno,0)) | P124: =INDEX(logic_appawudwoaw,MATCH($A124,logic_appno,0)) | R124: =INDEX(logic_appawud,MATCH($A124,logic_appno,0)) | S124: =INDEX(logic_appawusa,MATCH($A124,logic_appno,0)) | T124: =INDEX(logic_appawusp,MATCH($A124,logic_appno,0))
A125: 97 | I125: =INDEX(logic_dumuapp,MATCH($A125,logic_appno,0)) | M125: =INDEX(logic_wuruapp,MATCH($A125,logic_appno,0)) | O125: =INDEX(logic_appawub,MATCH($A125,logic_appno,0)) | P125: =INDEX(logic_appawudwoaw,MATCH($A125,logic_appno,0)) | R125: =INDEX(logic_appawud,MATCH($A125,logic_appno,0)) | S125: =INDEX(logic_appawusa,MATCH($A125,logic_appno,0)) | T125: =INDEX(logic_appawusp,MATCH($A125,logic_appno,0))
A126: 98 | I126: =INDEX(logic_dumuapp,MATCH($A126,logic_appno,0)) | M126: =INDEX(logic_wuruapp,MATCH($A126,logic_appno,0)) | O126: =INDEX(logic_appawub,MATCH($A126,logic_appno,0)) | P126: =INDEX(logic_appawudwoaw,MATCH($A126,logic_appno,0)) | R126: =INDEX(logic_appawud,MATCH($A126,logic_appno,0)) | S126: =INDEX(logic_appawusa,MATCH($A126,logic_appno,0)) | T126: =INDEX(logic_appawusp,MATCH($A126,logic_appno,0))
A127: 99 | I127: =INDEX(logic_dumuapp,MATCH($A127,logic_appno,0)) | M127: =INDEX(logic_wuruapp,MATCH($A127,logic_appno,0)) | O127: =INDEX(logic_appawub,MATCH($A127,logic_appno,0)) | P127: =INDEX(logic_appawudwoaw,MATCH($A127,logic_appno,0)) | R127: =INDEX(logic_appawud,MATCH($A127,logic_appno,0)) | S127: =INDEX(logic_appawusa,MATCH($A127,logic_appno,0)) | T127: =INDEX(logic_appawusp,MATCH($A127,logic_appno,0))
A128: 100 | I128: =INDEX(logic_dumuapp,MATCH($A128,logic_appno,0)) | M128: =INDEX(logic_wuruapp,MATCH($A128,logic_appno,0)) | O128: =INDEX(logic_appawub,MATCH($A128,logic_appno,0)) | P128: =INDEX(logic_appawudwoaw,MATCH($A128,logic_appno,0)) | R128: =INDEX(logic_appawud,MATCH($A128,logic_appno,0)) | S128: =INDEX(logic_appawusa,MATCH($A128,logic_appno,0)) | T128: =INDEX(logic_appawusp,MATCH($A128,logic_appno,0))
A129: 101 | I129: =INDEX(logic_dumuapp,MATCH($A129,logic_appno,0)) | M129: =INDEX(logic_wuruapp,MATCH($A129,logic_appno,0)) | O129: =INDEX(logic_appawub,MATCH($A129,logic_appno,0)) | P129: =INDEX(logic_appawudwoaw,MATCH($A129,logic_appno,0)) | R129: =INDEX(logic_appawud,MATCH($A129,logic_appno,0)) | S129: =INDEX(logic_appawusa,MATCH($A129,logic_appno,0)) | T129: =INDEX(logic_appawusp,MATCH($A129,logic_appno,0))
A130: 102 | I130: =INDEX(logic_dumuapp,MATCH($A130,logic_appno,0)) | M130: =INDEX(logic_wuruapp,MATCH($A130,logic_appno,0)) | O130: =INDEX(logic_appawub,MATCH($A130,logic_appno,0)) | P130: =INDEX(logic_appawudwoaw,MATCH($A130,logic_appno,0)) | R130: =INDEX(logic_appawud,MATCH($A130,logic_appno,0)) | S130: =INDEX(logic_appawusa,MATCH($A130,logic_appno,0)) | T130: =INDEX(logic_appawusp,MATCH($A130,logic_appno,0))
A131: 103 | I131: =INDEX(logic_dumuapp,MATCH($A131,logic_appno,0)) | M131: =INDEX(logic_wuruapp,MATCH($A131,logic_appno,0)) | O131: =INDEX(logic_appawub,MATCH($A131,logic_appno,0)) | P131: =INDEX(logic_appawudwoaw,MATCH($A131,logic_appno,0)) | R131: =INDEX(logic_appawud,MATCH($A131,logic_appno,0)) | S131: =INDEX(logic_appawusa,MATCH($A131,logic_appno,0)) | T131: =INDEX(logic_appawusp,MATCH($A131,logic_appno,0))
... A138: 110 | I138: =INDEX(logic_dumuapp,MATCH($A138,logic_appno,0)) | M138: =INDEX(logic_wuruapp,MATCH($A138,logic_appno,0)) | O138: =INDEX(logic_appawub,MATCH($A138,logic_appno,0)) | P138: =INDEX(logic_appawudwoaw,MATCH($A138,logic_appno,0)) | R138: =INDEX(logic_appawud,MATCH($A138,logic_appno,0)) | S138: =INDEX(logic_appawusa,MATCH($A138,logic_appno,0)) | T138: =INDEX(logic_appawusp,MATCH($A138,logic_appno,0))
B140: =CONCATENATE("Total Annual Appliance Water Use | Water Use Savings (", IF(inputs_units<>"", INDEX(data_genunitsval, MATCH(inputs_units, data_genunits, 0)), "unit"), ")") -> Total Annual Appliance Water Use | Water Use Savings (unit) | O140: =logic_sumappawub -> 0 | P140: =logic_sumappawudwoaw -> 0 | Q140: =logic_sumappawuawa -> 0 | R140: =logic_sumappawud -> 0 | S140: =logic_sumappawusa -> 0 | T140: =logic_sumappawusp -> 0
B143: STEP 4: KITCHEN EQUIPMENT WATER USE BASELINE AND DESIGN MODEL
B145: Click + to the left to add additional rows. Click - to the left to collapse (content will be saved).
B146: Project Equipment Information | H146: Baseline and Design Water Use Information | O146: Water Consumption
...

Sheet Logic
B2: LEED v5 Whole Project Water Use Calculator LEED for Building Design and Construction | Interior Design and Construction Logic
B4: LOGIC 1 GENERAL INFORMATION
B6: Project Type | G6: =IF(inputs_prjtyp<>"",inputs_prjtyp,"")
B8: Unit of Measurement | G8: =IF(inputs_units<>"",inputs_units,"")
B11: LOGIC 2 BASELINE AND DESIGN MODELS FROM OTHER CALCULATORS
B13: Fixtures and Fittings Water Use
B14: Unit | D14: Total Annual Water Use Baseline | E14: Total Annual Alternative Water Use (Optional) | F14: Total Annual Water Use Design (including alternative water) | H14: Total Annual Savings | J14: Total Annual Savings %
B15: =IF(logic_units<>"",INDEX(data_genunitsval,MATCH(logic_units,data_genunits,0)),"") | D15: =inputs_bdffwub -> 0 | E15: =inputs_bdffwuwa -> 0 | F15: =inputs_bdffwud -> 0 | H15: =IFERROR(IF(OR($D15<>"",$F15<>""),$D15-($F15),0),0) -> 0 | J15: =IFERROR($H15/$D15,0) -> 0
B17: Outdoor Water Use (BD+C only)
B18: Unit | D18: Total Annual Water Use Baseline | E18: Total Annual Alternative Water Use (Optional) | F18: Total Annual Water Use Design (including alternative water) | H18: Total Annual Savings | J18: Total Annual Savings %
B19: =IF(logic_units<>"",INDEX(data_genunitsval,MATCH(logic_units,data_genunits,0)),"") | D19: =inputs_bdoutwub -> 0 | E19: =inputs_bdoutwuwa -> 0 | F19: =inputs_bdoutwud -> 0 | H19: =IFERROR(IF(OR($D19<>"",$F19<>""),$D19-($F19),0),0) -> 0 | J19: =IFERROR($H19/$D19,0) -> 0
B22: LOGIC 3 APPLIANCE WATER USE BASELINE AND DESIGN MODEL
B24: Click + to the left to add additional rows. Click - to the left to collapse (content will be saved).
B25: Project Equipment Information | H25: Baseline and Design Water Use Information | O25: Water Consumption
A26: - | B26: Appliance ID (Optional) | C26: Quantity (Optional) | D26: Water Use Type | F26: Annual Days of Operation | G26: Cycles per Day | H26: Daily Usage Multiplier | K26: Water Use Rate | O26: =CONCATENATE("Annual Water Use Baseline (",(IF(inputs_units<>"",INDEX(data_genunitsvol,MATCH(inputs_units,data_genunits,0)),"unit")),")") -> Annual Water Use Baseline (unit) | P26: =CONCATENATE("Annual Water Use Design w/o Alt. Water (",(IF(inputs_units<>"",INDEX(data_genunitsvol,MATCH(inputs_units,data_genunits,0)),"unit")),")") -> Annual Water Use Design w/o Alt. Water (unit) | Q26: =CONCATENATE("Annual Alternative Water Use (",(IF(inputs_units<>"",INDEX(data_genunitsvol,MATCH(inputs_units,data_genunits,0)),"unit")),")") -> Annual Alternative Water Use (unit) | R26: =CONCATENATE("Annual Water Use Design (",(IF(inputs_units<>"",INDEX(data_genunitsvol,MATCH(inputs_units,data_genunits,0)),"unit")),")") -> Annual Water Use Design (unit) | S26: =CONCATENATE("Annual Water Use Savings (",(IF(inputs_units<>"",INDEX(data_genunitsvol,MATCH(inputs_units,data_genunits,0)),"unit")),")") -> Annual Water Use Savings (unit) | T26: AnnualWater Use Savings (%)
H27: Value | I27: Unit | K27: Equipment Baseline Water Use | L27: Equipment Design Water Use | M27: Unit
Q28: (Optional)
A29: 1 | B29: =(IF('Inputs Whole-Project Water Use'!B29<>"",'Inputs Whole-Project Water Use'!B29,"")) | C29: =IF(AND(D29<>"",'Inputs Whole-Project Water Use'!C29=""),1,IF('Inputs Whole-Project Water Use'!C29<>"",'Inputs Whole-Project Water Use'!C29,"")) | D29: =IF('Inputs Whole-Project Water Use'!D29<>"",'Inputs Whole-Project Water Use'!D29,"") | F29: =IF('Inputs Whole-Project Water Use'!F29<>"",'Inputs Whole-Project Water Use'!F29,"") | G29: =IF('Inputs Whole-Project Water Use'!G29<>"",'Inputs Whole-Project Water Use'!G29,"") | H29: =IF('Inputs Whole-Project Water Use'!H29<>"",'Inputs Whole-Project Water Use'!H29,"") | I29: =IFERROR(IF(logic_units<>"SI Units",INDEX(data_dumip,MATCH($D29,data_waterusetypes,0)),INDEX(data_dumsi,MATCH($D29,data_waterusetypes,0))),"") | K29: =IF('Inputs Whole-Project Water Use'!K29<>"",'Inputs Whole-Project Water Use'!K29,"") | L29: =IF('Inputs Whole-Project Water Use'!L29<>"",'Inputs Whole-Project Water Use'!L29,"") | M29: =IFERROR(IF(logic_units<>"SI Units",INDEX(data_wurip,MATCH($D29,data_waterusetypes,0)),INDEX(data_wursi,MATCH($D29,data_waterusetypes,0))),"") | O29: =IFERROR(IF(OR($F29<>"",$G29<>"",$H29<>"",K29<>""),$C29*$F29*$G29*$H29*K29,""),"") | P29: =IFERROR(IF(OR($F29<>"",$G29<>"",$H29<>"",L29<>""),$C29*$F29*$G29*$H29*L29,""),"") | Q29: =IF(AND(D29<>"",'Inputs Whole-Project Water Use'!Q29=""),0,IF('Inputs Whole-Project Water Use'!Q29<>"",'Inputs Whole-Project Water Use'!Q29,"")) | R29: =IFERROR(IF(P29<>"",(P29-Q29),""),"") | S29: =IFERROR(IF(OR(O29<>"",P29<>""),O29-R29,""),"") | T29: =IFERROR(S29/O29,"")
A30: 2 | B30: =(IF('Inputs Whole-Project Water Use'!B30<>"",'Inputs Whole-Project Water Use'!B30,"")) | C30: =IF(AND(D30<>"",'Inputs Whole-Project Water Use'!C30=""),1,IF('Inputs Whole-Project Water Use'!C30<>"",'Inputs Whole-Project Water Use'!C30,"")) | D30: =IF('Inputs Whole-Project Water Use'!D30<>"",'Inputs Whole-Project Water Use'!D30,"") | F30: =IF('Inputs Whole-Project Water Use'!F30<>"",'Inputs Whole-Project Water Use'!F30,"") | G30: =IF('Inputs Whole-Project Water Use'!G30<>"",'Inputs Whole-Project Water Use'!G30,"") | H30: =IF('Inputs Whole-Project Water Use'!H30<>"",'Inputs Whole-Project Water Use'!H30,"") | I30: =IFERROR(IF(logic_units<>"SI Units",INDEX(data_dumip,MATCH($D30,data_waterusetypes,0)),INDEX(data_dumsi,MATCH($D30,data_waterusetypes,0))),"") | K30: =IF('Inputs Whole-Project Water Use'!K30<>"",'Inputs Whole-Project Water Use'!K30,"") | L30: =IF('Inputs Whole-Project Water Use'!L30<>"",'Inputs Whole-Project Water Use'!L30,"") | M30: =IFERROR(IF(logic_units<>"SI Units",INDEX(data_wurip,MATCH($D30,data_waterusetypes,0)),INDEX(data_wursi,MATCH($D30,data_waterusetypes,0))),"") | O30: =IFERROR(IF(OR($F30<>"",$G30<>"",$H30<>"",K30<>""),$C30*$F30*$G30*$H30*K30,""),"") | P30: =IFERROR(IF(OR($F30<>"",$G30<>"",$H30<>"",L30<>""),$C30*$F30*$G30*$H30*L30,""),"") | Q30: =IF(AND(D30<>"",'Inputs Whole-Project Water Use'!Q30=""),0,IF('Inputs Whole-Project Water Use'!Q30<>"",'Inputs Whole-Project Water Use'!Q30,"")) | R30: =IFERROR(IF(P30<>"",(P30-Q30),""),"") | S30: =IFERROR(IF(OR(O30<>"",P30<>""),O30-R30,""),"") | T30: =IFERROR(S30/O30,"")
A31: 3 | B31: =(IF('Inputs Whole-Project Water Use'!B31<>"",'Inputs Whole-Project Water Use'!B31,"")) | C31: =IF(AND(D31<>"",'Inputs Whole-Project Water Use'!C31=""),1,IF('Inputs Whole-Project Water Use'!C31<>"",'Inputs Whole-Project Water Use'!C31,"")) | D31: =IF('Inputs Whole-Project Water Use'!D31<>"",'Inputs Whole-Project Water Use'!D31,"") | F31: =IF('Inputs Whole-Project Water Use'!F31<>"",'Inputs Whole-Project Water Use'!F31,"") | G31: =IF('Inputs Whole-Project Water Use'!G31<>"",'Inputs Whole-Project Water Use'!G31,"") | H31: =IF('Inputs Whole-Project Water Use'!H31<>"",'Inputs Whole-Project Water Use'!H31,"") | I31: =IFERROR(IF(logic_units<>"SI Units",INDEX(data_dumip,MATCH($D31,data_waterusetypes,0)),INDEX(data_dumsi,MATCH($D31,data_waterusetypes,0))),"") | K31: =IF('Inputs Whole-Project Water Use'!K31<>"",'Inputs Whole-Project Water Use'!K31,"") | L31: =IF('Inputs Whole-Project Water Use'!L31<>"",'Inputs Whole-Project Water Use'!L31,"") | M31: =IFERROR(IF(logic_units<>"SI Units",INDEX(data_wurip,MATCH($D31,data_waterusetypes,0)),INDEX(data_wursi,MATCH($D31,data_waterusetypes,0))),"") | O31: =IFERROR(IF(OR($F31<>"",$G31<>"",$H31<>"",K31<>""),$C31*$F31*$G31*$H31*K31,""),"") | P31: =IFERROR(IF(OR($F31<>"",$G31<>"",$H31<>"",L31<>""),$C31*$F31*$G31*$H31*L31,""),"") | Q31: =IF(AND(D31<>"",'Inputs Whole-Project Water Use'!Q31=""),0,IF('Inputs Whole-Project Water Use'!Q31<>"",'Inputs Whole-Project Water Use'!Q31,"")) | R31: =IFERROR(IF(P31<>"",(P31-Q31),""),"") | S31: =IFERROR(IF(OR(O31<>"",P31<>""),O31-R31,""),"") | T31: =IFERROR(S31/O31,"")
A32: 4 | B32: =(IF('Inputs Whole-Project Water Use'!B32<>"",'Inputs Whole-Project Water Use'!B32,"")) | C32: =IF(AND(D32<>"",'Inputs Whole-Project Water Use'!C32=""),1,IF('Inputs Whole-Project Water Use'!C32<>"",'Inputs Whole-Project Water Use'!C32,"")) | D32: =IF('Inputs Whole-Project Water Use'!D32<>"",'Inputs Whole-Project Water Use'!D32,"") | F32: =IF('Inputs Whole-Project Water Use'!F32<>"",'Inputs Whole-Project Water Use'!F32,"") | G32: =IF('Inputs Whole-Project Water Use'!G32<>"",'Inputs Whole-Project Water Use'!G32,"") | H32: =IF('Inputs Whole-Project Water Use'!H32<>"",'Inputs Whole-Project Water Use'!H32,"") | I32: =IFERROR(IF(logic_units<>"SI Units",INDEX(data_dumip,MATCH($D32,data_waterusetypes,0)),INDEX(data_dumsi,MATCH($D32,data_waterusetypes,0))),"") | K32: =IF('Inputs Whole-Project Water Use'!K32<>"",'Inputs Whole-Project Water Use'!K32,"") | L32: =IF('Inputs Whole-Project Water Use'!L32<>"",'Inputs Whole-Project Water Use'!L32,"") | M32: =IFERROR(IF(logic_units<>"SI Units",INDEX(data_wurip,MATCH($D32,data_waterusetypes,0)),INDEX(data_wursi,MATCH($D32,data_waterusetypes,0))),"") | O32: =IFERROR(IF(OR($F32<>"",$G32<>"",$H32<>"",K32<>""),$C32*$F32*$G32*$H32*K32,""),"") | P32: =IFERROR(IF(OR($F32<>"",$G32<>"",$H32<>"",L32<>""),$C32*$F32*$G32*$H32*L32,""),"") | Q32: =IF(AND(D32<>"",'Inputs Whole-Project Water Use'!Q32=""),0,IF('Inputs Whole-Project Water Use'!Q32<>"",'Inputs Whole-Project Water Use'!Q32,"")) | R32: =IFERROR(IF(P32<>"",(P32-Q32),""),"") | S32: =IFERROR(IF(OR(O32<>"",P32<>""),O32-R32,""),"") | T32: =IFERROR(S32/O32,"")
A33: 5 | B33: =(IF('Inputs Whole-Project Water Use'!B33<>"",'Inputs Whole-Project Water Use'!B33,"")) | C33: =IF(AND(D33<>"",'Inputs Whole-Project Water Use'!C33=""),1,IF('Inputs Whole-Project Water Use'!C33<>"",'Inputs Whole-Project Water Use'!C33,"")) | D33: =IF('Inputs Whole-Project Water Use'!D33<>"",'Inputs Whole-Project Water Use'!D33,"") | F33: =IF('Inputs Whole-Project Water Use'!F33<>"",'Inputs Whole-Project Water Use'!F33,"") | G33: =IF('Inputs Whole-Project Water Use'!G33<>"",'Inputs Whole-Project Water Use'!G33,"") | H33: =IF('Inputs Whole-Project Water Use'!H33<>"",'Inputs Whole-Project Water Use'!H33,"") | I33: =IFERROR(IF(logic_units<>"SI Units",INDEX(data_dumip,MATCH($D33,data_waterusetypes,0)),INDEX(data_dumsi,MATCH($D33,data_waterusetypes,0))),"") | K33: =IF('Inputs Whole-Project Water Use'!K33<>"",'Inputs Whole-Project Water Use'!K33,"") | L33: =IF('Inputs Whole-Project Water Use'!L33<>"",'Inputs Whole-Project Water Use'!L33,"") | M33: =IFERROR(IF(logic_units<>"SI Units",INDEX(data_wurip,MATCH($D33,data_waterusetypes,0)),INDEX(data_wursi,MATCH($D33,data_waterusetypes,0))),"") | O33: =IFERROR(IF(OR($F33<>"",$G33<>"",$H33<>"",K33<>""),$C33*$F33*$G33*$H33*K33,""),"") | P33: =IFERROR(IF(OR($F33<>"",$G33<>"",$H33<>"",L33<>""),$C33*$F33*$G33*$H33*L33,""),"") | Q33: =IF(AND(D33<>"",'Inputs Whole-Project Water Use'!Q33=""),0,IF('Inputs Whole-Project Water Use'!Q33<>"",'Inputs Whole-Project Water Use'!Q33,"")) | R33: =IFERROR(IF(P33<>"",(P33-Q33),""),"") | S33: =IFERROR(IF(OR(O33<>"",P33<>""),O33-R33,""),"") | T33: =IFERROR(S33/O33,"")
A34: 6 | B34: =(IF('Inputs Whole-Project Water Use'!B34<>"",'Inputs Whole-Project Water Use'!B34,"")) | C34: =IF(AND(D34<>"",'Inputs Whole-Project Water Use'!C34=""),1,IF('Inputs Whole-Project Water Use'!C34<>"",'Inputs Whole-Project Water Use'!C34,"")) | D34: =IF('Inputs Whole-Project Water Use'!D34<>"",'Inputs Whole-Project Water Use'!D34,"") | F34: =IF('Inputs Whole-Project Water Use'!F34<>"",'Inputs Whole-Project Water Use'!F34,"") | G34: =IF('Inputs Whole-Project Water Use'!G34<>"",'Inputs Whole-Project Water Use'!G34,"") | H34: =IF('Inputs Whole-Project Water Use'!H34<>"",'Inputs Whole-Project Water Use'!H34,"") | I34: =IFERROR(IF(logic_units<>"SI Units",INDEX(data_dumip,MATCH($D34,data_waterusetypes,0)),INDEX(data_dumsi,MATCH($D34,data_waterusetypes,0))),"") | K34: =IF('Inputs Whole-Project Water Use'!K34<>"",'Inputs Whole-Project Water Use'!K34,"") | L34: =IF('Inputs Whole-Project Water Use'!L34<>"",'Inputs Whole-Project Water Use'!L34,"") | M34: =IFERROR(IF(logic_units<>"SI Units",INDEX(data_wurip,MATCH($D34,data_waterusetypes,0)),INDEX(data_wursi,MATCH($D34,data_waterusetypes,0))),"") | O34: =IFERROR(IF(OR($F34<>"",$G34<>"",$H34<>"",K34<>""),$C34*$F34*$G34*$H34*K34,""),"") | P34: =IFERROR(IF(OR($F34<>"",$G34<>"",$H34<>"",L34<>""),$C34*$F34*$G34*$H34*L34,""),"") | Q34: =IF(AND(D34<>"",'Inputs Whole-Project Water Use'!Q34=""),0,IF('Inputs Whole-Project Water Use'!Q34<>"",'Inputs Whole-Project Water Use'!Q34,"")) | R34: =IFERROR(IF(P34<>"",(P34-Q34),""),"") | S34: =IFERROR(IF(OR(O34<>"",P34<>""),O34-R34,""),"") | T34: =IFERROR(S34/O34,"")
A35: 7 | B35: =(IF('Inputs Whole-Project Water Use'!B35<>"",'Inputs Whole-Project Water Use'!B35,"")) | C35: =IF(AND(D35<>"",'Inputs Whole-Project Water Use'!C35=""),1,IF('Inputs Whole-Project Water Use'!C35<>"",'Inputs Whole-Project Water Use'!C35,"")) | D35: =IF('Inputs Whole-Project Water Use'!D35<>"",'Inputs Whole-Project Water Use'!D35,"") | F35: =IF('Inputs Whole-Project Water Use'!F35<>"",'Inputs Whole-Project Water Use'!F35,"") | G35: =IF('Inputs Whole-Project Water Use'!G35<>"",'Inputs Whole-Project Water Use'!G35,"") | H35: =IF('Inputs Whole-Project Water Use'!H35<>"",'Inputs Whole-Project Water Use'!H35,"") | I35: =IFERROR(IF(logic_units<>"SI Units",INDEX(data_dumip,MATCH($D35,data_waterusetypes,0)),INDEX(data_dumsi,MATCH($D35,data_waterusetypes,0))),"") | K35: =IF('Inputs Whole-Project Water Use'!K35<>"",'Inputs Whole-Project Water Use'!K35,"") | L35: =IF('Inputs Whole-Project Water Use'!L35<>"",'Inputs Whole-Project Water Use'!L35,"") | M35: =IFERROR(IF(logic_units<>"SI Units",INDEX(data_wurip,MATCH($D35,data_waterusetypes,0)),INDEX(data_wursi,MATCH($D35,data_waterusetypes,0))),"") | O35: =IFERROR(IF(OR($F35<>"",$G35<>"",$H35<>"",K35<>""),$C35*$F35*$G35*$H35*K35,""),"") | P35: =IFERROR(IF(OR($F35<>"",$G35<>"",$H35<>"",L35<>""),$C35*$F35*$G35*$H35*L35,""),"") | Q35: =IF(AND(D35<>"",'Inputs Whole-Project Water Use'!Q35=""),0,IF('Inputs Whole-Project Water Use'!Q35<>"",'Inputs Whole-Project Water Use'!Q35,"")) | R35: =IFERROR(IF(P35<>"",(P35-Q35),""),"") | S35: =IFERROR(IF(OR(O35<>"",P35<>""),O35-R35,""),"") | T35: =IFERROR(S35/O35,"")
A36: 8 | B36: =(IF('Inputs Whole-Project Water Use'!B36<>"",'Inputs Whole-Project Water Use'!B36,"")) | C36: =IF(AND(D36<>"",'Inputs Whole-Project Water Use'!C36=""),1,IF('Inputs Whole-Project Water Use'!C36<>"",'Inputs Whole-Project Water Use'!C36,"")) | D36: =IF('Inputs Whole-Project Water Use'!D36<>"",'Inputs Whole-Project Water Use'!D36,"") | F36: =IF('Inputs Whole-Project Water Use'!F36<>"",'Inputs Whole-Project Water Use'!F36,"") | G36: =IF('Inputs Whole-Project Water Use'!G36<>"",'Inputs Whole-Project Water Use'!G36,"") | H36: =IF('Inputs Whole-Project Water Use'!H36<>"",'Inputs Whole-Project Water Use'!H36,"") | I36: =IFERROR(IF(logic_units<>"SI Units",INDEX(data_dumip,MATCH($D36,data_waterusetypes,0)),INDEX(data_dumsi,MATCH($D36,data_waterusetypes,0))),"") | K36: =IF('Inputs Whole-Project Water Use'!K36<>"",'Inputs Whole-Project Water Use'!K36,"") | L36: =IF('Inputs Whole-Project Water Use'!L36<>"",'Inputs Whole-Project Water Use'!L36,"") | M36: =IFERROR(IF(logic_units<>"SI Units",INDEX(data_wurip,MATCH($D36,data_waterusetypes,0)),INDEX(data_wursi,MATCH($D36,data_waterusetypes,0))),"") | O36: =IFERROR(IF(OR($F36<>"",$G36<>"",$H36<>"",K36<>""),$C36*$F36*$G36*$H36*K36,""),"") | P36: =IFERROR(IF(OR($F36<>"",$G36<>"",$H36<>"",L36<>""),$C36*$F36*$G36*$H36*L36,""),"") | Q36: =IF(AND(D36<>"",'Inputs Whole-Project Water Use'!Q36=""),0,IF('Inputs Whole-Project Water Use'!Q36<>"",'Inputs Whole-Project Water Use'!Q36,"")) | R36: =IFERROR(IF(P36<>"",(P36-Q36),""),"") | S36: =IFERROR(IF(OR(O36<>"",P36<>""),O36-R36,""),"") | T36: =IFERROR(S36/O36,"")
A37: 9 | B37: =(IF('Inputs Whole-Project Water Use'!B37<>"",'Inputs Whole-Project Water Use'!B37,"")) | C37: =IF(AND(D37<>"",'Inputs Whole-Project Water Use'!C37=""),1,IF('Inputs Whole-Project Water Use'!C37<>"",'Inputs Whole-Project Water Use'!C37,"")) | D37: =IF('Inputs Whole-Project Water Use'!D37<>"",'Inputs Whole-Project Water Use'!D37,"") | F37: =IF('Inputs Whole-Project Water Use'!F37<>"",'Inputs Whole-Project Water Use'!F37,"") | G37: =IF('Inputs Whole-Project Water Use'!G37<>"",'Inputs Whole-Project Water Use'!G37,"") | H37: =IF('Inputs Whole-Project Water Use'!H37<>"",'Inputs Whole-Project Water Use'!H37,"") | I37: =IFERROR(IF(logic_units<>"SI Units",INDEX(data_dumip,MATCH($D37,data_waterusetypes,0)),INDEX(data_dumsi,MATCH($D37,data_waterusetypes,0))),"") | K37: =IF('Inputs Whole-Project Water Use'!K37<>"",'Inputs Whole-Project Water Use'!K37,"") | L37: =IF('Inputs Whole-Project Water Use'!L37<>"",'Inputs Whole-Project Water Use'!L37,"") | M37: =IFERROR(IF(logic_units<>"SI Units",INDEX(data_wurip,MATCH($D37,data_waterusetypes,0)),INDEX(data_wursi,MATCH($D37,data_waterusetypes,0))),"") | O37: =IFERROR(IF(OR($F37<>"",$G37<>"",$H37<>"",K37<>""),$C37*$F37*$G37*$H37*K37,""),"") | P37: =IFERROR(IF(OR($F37<>"",$G37<>"",$H37<>"",L37<>""),$C37*$F37*$G37*$H37*L37,""),"") | Q37: =IF(AND(D37<>"",'Inputs Whole-Project Water Use'!Q37=""),0,IF('Inputs Whole-Project Water Use'!Q37<>"",'Inputs Whole-Project Water Use'!Q37,"")) | R37: =IFERROR(IF(P37<>"",(P37-Q37),""),"") | S37: =IFERROR(IF(OR(O37<>"",P37<>""),O37-R37,""),"") | T37: =IFERROR(S37/O37,"")
A38: 10 | B38: =(IF('Inputs Whole-Project Water Use'!B38<>"",'Inputs Whole-Project Water Use'!B38,"")) | C38: =IF(AND(D38<>"",'Inputs Whole-Project Water Use'!C38=""),1,IF('Inputs Whole-Project Water Use'!C38<>"",'Inputs Whole-Project Water Use'!C38,"")) | D38: =IF('Inputs Whole-Project Water Use'!D38<>"",'Inputs Whole-Project Water Use'!D38,"") | F38: =IF('Inputs Whole-Project Water Use'!F38<>"",'Inputs Whole-Project Water Use'!F38,"") | G38: =IF('Inputs Whole-Project Water Use'!G38<>"",'Inputs Whole-Project Water Use'!G38,"") | H38: =IF('Inputs Whole-Project Water Use'!H38<>"",'Inputs Whole-Project Water Use'!H38,"") | I38: =IFERROR(IF(logic_units<>"SI Units",INDEX(data_dumip,MATCH($D38,data_waterusetypes,0)),INDEX(data_dumsi,MATCH($D38,data_waterusetypes,0))),"") | K38: =IF('Inputs Whole-Project Water Use'!K38<>"",'Inputs Whole-Project Water Use'!K38,"") | L38: =IF('Inputs Whole-Project Water Use'!L38<>"",'Inputs Whole-Project Water Use'!L38,"") | M38: =IFERROR(IF(logic_units<>"SI Units",INDEX(data_wurip,MATCH($D38,data_waterusetypes,0)),INDEX(data_wursi,MATCH($D38,data_waterusetypes,0))),"") | O38: =IFERROR(IF(OR($F38<>"",$G38<>"",$H38<>"",K38<>""),$C38*$F38*$G38*$H38*K38,""),"") | P38: =IFERROR(IF(OR($F38<>"",$G38<>"",$H38<>"",L38<>""),$C38*$F38*$G38*$H38*L38,""),"") | Q38: =IF(AND(D38<>"",'Inputs Whole-Project Water Use'!Q38=""),0,IF('Inputs Whole-Project Water Use'!Q38<>"",'Inputs Whole-Project Water Use'!Q38,"")) | R38: =IFERROR(IF(P38<>"",(P38-Q38),""),"") | S38: =IFERROR(IF(OR(O38<>"",P38<>""),O38-R38,""),"") | T38: =IFERROR(S38/O38,"") | U38: Click + to left for additional rows
A39: 11 | B39: =(IF('Inputs Whole-Project Water Use'!B39<>"",'Inputs Whole-Project Water Use'!B39,"")) | C39: =IF(AND(D39<>"",'Inputs Whole-Project Water Use'!C39=""),1,IF('Inputs Whole-Project Water Use'!C39<>"",'Inputs Whole-Project Water Use'!C39,"")) | D39: =IF('Inputs Whole-Project Water Use'!D39<>"",'Inputs Whole-Project Water Use'!D39,"") | F39: =IF('Inputs Whole-Project Water Use'!F39<>"",'Inputs Whole-Project Water Use'!F39,"") | G39: =IF('Inputs Whole-Project Water Use'!G39<>"",'Inputs Whole-Project Water Use'!G39,"") | H39: =IF('Inputs Whole-Project Water Use'!H39<>"",'Inputs Whole-Project Water Use'!H39,"") | I39: =IFERROR(IF(logic_units<>"SI Units",INDEX(data_dumip,MATCH($D39,data_waterusetypes,0)),INDEX(data_dumsi,MATCH($D39,data_waterusetypes,0))),"") | K39: =IF('Inputs Whole-Project Water Use'!K39<>"",'Inputs Whole-Project Water Use'!K39,"") | L39: =IF('Inputs Whole-Project Water Use'!L39<>"",'Inputs Whole-Project Water Use'!L39,"") | M39: =IFERROR(IF(logic_units<>"SI Units",INDEX(data_wurip,MATCH($D39,data_waterusetypes,0)),INDEX(data_wursi,MATCH($D39,data_waterusetypes,0))),"") | O39: =IFERROR(IF(OR($F39<>"",$G39<>"",$H39<>"",K39<>""),$C39*$F39*$G39*$H39*K39,""),"") | P39: =IFERROR(IF(OR($F39<>"",$G39<>"",$H39<>"",L39<>""),$C39*$F39*$G39*$H39*L39,""),"") | Q39: =IF(AND(D39<>"",'Inputs Whole-Project Water Use'!Q39=""),0,IF('Inputs Whole-Project Water Use'!Q39<>"",'Inputs Whole-Project Water Use'!Q39,"")) | R39: =IFERROR(IF(P39<>"",(P39-Q39),""),"") | S39: =IFERROR(IF(OR(O39<>"",P39<>""),O39-R39,""),"") | T39: =IFERROR(S39/O39,"")
A40: 12 | B40: =(IF('Inputs Whole-Project Water Use'!B40<>"",'Inputs Whole-Project Water Use'!B40,"")) | C40: =IF(AND(D40<>"",'Inputs Whole-Project Water Use'!C40=""),1,IF('Inputs Whole-Project Water Use'!C40<>"",'Inputs Whole-Project Water Use'!C40,"")) | D40: =IF('Inputs Whole-Project Water Use'!D40<>"",'Inputs Whole-Project Water Use'!D40,"") | F40: =IF('Inputs Whole-Project Water Use'!F40<>"",'Inputs Whole-Project Water Use'!F40,"") | G40: =IF('Inputs Whole-Project Water Use'!G40<>"",'Inputs Whole-Project Water Use'!G40,"") | H40: =IF('Inputs Whole-Project Water Use'!H40<>"",'Inputs Whole-Project Water Use'!H40,"") | I40: =IFERROR(IF(logic_units<>"SI Units",INDEX(data_dumip,MATCH($D40,data_waterusetypes,0)),INDEX(data_dumsi,MATCH($D40,data_waterusetypes,0))),"") | K40: =IF('Inputs Whole-Project Water Use'!K40<>"",'Inputs Whole-Project Water Use'!K40,"") | L40: =IF('Inputs Whole-Project Water Use'!L40<>"",'Inputs Whole-Project Water Use'!L40,"") | M40: =IFERROR(IF(logic_units<>"SI Units",INDEX(data_wurip,MATCH($D40,data_waterusetypes,0)),INDEX(data_wursi,MATCH($D40,data_waterusetypes,0))),"") | O40: =IFERROR(IF(OR($F40<>"",$G40<>"",$H40<>"",K40<>""),$C40*$F40*$G40*$H40*K40,""),"") | P40: =IFERROR(IF(OR($F40<>"",$G40<>"",$H40<>"",L40<>""),$C40*$F40*$G40*$H40*L40,""),"") | Q40: =IF(AND(D40<>"",'Inputs Whole-Project Water Use'!Q40=""),0,IF('Inputs Whole-Project Water Use'!Q40<>"",'Inputs Whole-Project Water Use'!Q40,"")) | R40: =IFERROR(IF(P40<>"",(P40-Q40),""),"") | S40: =IFERROR(IF(OR(O40<>"",P40<>""),O40-R40,""),"") | T40: =IFERROR(S40/O40,"")
A41: 13 | B41: =(IF('Inputs Whole-Project Water Use'!B41<>"",'Inputs Whole-Project Water Use'!B41,"")) | C41: =IF(AND(D41<>"",'Inputs Whole-Project Water Use'!C41=""),1,IF('Inputs Whole-Project Water Use'!C41<>"",'Inputs Whole-Project Water Use'!C41,"")) | D41: =IF('Inputs Whole-Project Water Use'!D41<>"",'Inputs Whole-Project Water Use'!D41,"") | F41: =IF('Inputs Whole-Project Water Use'!F41<>"",'Inputs Whole-Project Water Use'!F41,"") | G41: =IF('Inputs Whole-Project Water Use'!G41<>"",'Inputs Whole-Project Water Use'!G41,"") | H41: =IF('Inputs Whole-Project Water Use'!H41<>"",'Inputs Whole-Project Water Use'!H41,"") | I41: =IFERROR(IF(logic_units<>"SI Units",INDEX(data_dumip,MATCH($D41,data_waterusetypes,0)),INDEX(data_dumsi,MATCH($D41,data_waterusetypes,0))),"") | K41: =IF('Inputs Whole-Project Water Use'!K41<>"",'Inputs Whole-Project Water Use'!K41,"") | L41: =IF('Inputs Whole-Project Water Use'!L41<>"",'Inputs Whole-Project Water Use'!L41,"") | M41: =IFERROR(IF(logic_units<>"SI Units",INDEX(data_wurip,MATCH($D41,data_waterusetypes,0)),INDEX(data_wursi,MATCH($D41,data_waterusetypes,0))),"") | O41: =IFERROR(IF(OR($F41<>"",$G41<>"",$H41<>"",K41<>""),$C41*$F41*$G41*$H41*K41,""),"") | P41: =IFERROR(IF(OR($F41<>"",$G41<>"",$H41<>"",L41<>""),$C41*$F41*$G41*$H41*L41,""),"") | Q41: =IF(AND(D41<>"",'Inputs Whole-Project Water Use'!Q41=""),0,IF('Inputs Whole-Project Water Use'!Q41<>"",'Inputs Whole-Project Water Use'!Q41,"")) | R41: =IFERROR(IF(P41<>"",(P41-Q41),""),"") | S41: =IFERROR(IF(OR(O41<>"",P41<>""),O41-R41,""),"") | T41: =IFERROR(S41/O41,"")
A42: 14 | B42: =(IF('Inputs Whole-Project Water Use'!B42<>"",'Inputs Whole-Project Water Use'!B42,"")) | C42: =IF(AND(D42<>"",'Inputs Whole-Project Water Use'!C42=""),1,IF('Inputs Whole-Project Water Use'!C42<>"",'Inputs Whole-Project Water Use'!C42,"")) | D42: =IF('Inputs Whole-Project Water Use'!D42<>"",'Inputs Whole-Project Water Use'!D42,"") | F42: =IF('Inputs Whole-Project Water Use'!F42<>"",'Inputs Whole-Project Water Use'!F42,"") | G42: =IF('Inputs Whole-Project Water Use'!G42<>"",'Inputs Whole-Project Water Use'!G42,"") | H42: =IF('Inputs Whole-Project Water Use'!H42<>"",'Inputs Whole-Project Water Use'!H42,"") | I42: =IFERROR(IF(logic_units<>"SI Units",INDEX(data_dumip,MATCH($D42,data_waterusetypes,0)),INDEX(data_dumsi,MATCH($D42,data_waterusetypes,0))),"") | K42: =IF('Inputs Whole-Project Water Use'!K42<>"",'Inputs Whole-Project Water Use'!K42,"") | L42: =IF('Inputs Whole-Project Water Use'!L42<>"",'Inputs Whole-Project Water Use'!L42,"") | M42: =IFERROR(IF(logic_units<>"SI Units",INDEX(data_wurip,MATCH($D42,data_waterusetypes,0)),INDEX(data_wursi,MATCH($D42,data_waterusetypes,0))),"") | O42: =IFERROR(IF(OR($F42<>"",$G42<>"",$H42<>"",K42<>""),$C42*$F42*$G42*$H42*K42,""),"") | P42: =IFERROR(IF(OR($F42<>"",$G42<>"",$H42<>"",L42<>""),$C42*$F42*$G42*$H42*L42,""),"") | Q42: =IF(AND(D42<>"",'Inputs Whole-Project Water Use'!Q42=""),0,IF('Inputs Whole-Project Water Use'!Q42<>"",'Inputs Whole-Project Water Use'!Q42,"")) | R42: =IFERROR(IF(P42<>"",(P42-Q42),""),"") | S42: =IFERROR(IF(OR(O42<>"",P42<>""),O42-R42,""),"") | T42: =IFERROR(S42/O42,"")
A43: 15 | B43: =(IF('Inputs Whole-Project Water Use'!B43<>"",'Inputs Whole-Project Water Use'!B43,"")) | C43: =IF(AND(D43<>"",'Inputs Whole-Project Water Use'!C43=""),1,IF('Inputs Whole-Project Water Use'!C43<>"",'Inputs Whole-Project Water Use'!C43,"")) | D43: =IF('Inputs Whole-Project Water Use'!D43<>"",'Inputs Whole-Project Water Use'!D43,"") | F43: =IF('Inputs Whole-Project Water Use'!F43<>"",'Inputs Whole-Project Water Use'!F43,"") | G43: =IF('Inputs Whole-Project Water Use'!G43<>"",'Inputs Whole-Project Water Use'!G43,"") | H43: =IF('Inputs Whole-Project Water Use'!H43<>"",'Inputs Whole-Project Water Use'!H43,"") | I43: =IFERROR(IF(logic_units<>"SI Units",INDEX(data_dumip,MATCH($D43,data_waterusetypes,0)),INDEX(data_dumsi,MATCH($D43,data_waterusetypes,0))),"") | K43: =IF('Inputs Whole-Project Water Use'!K43<>"",'Inputs Whole-Project Water Use'!K43,"") | L43: =IF('Inputs Whole-Project Water Use'!L43<>"",'Inputs Whole-Project Water Use'!L43,"") | M43: =IFERROR(IF(logic_units<>"SI Units",INDEX(data_wurip,MATCH($D43,data_waterusetypes,0)),INDEX(data_wursi,MATCH($D43,data_waterusetypes,0))),"") | O43: =IFERROR(IF(OR($F43<>"",$G43<>"",$H43<>"",K43<>""),$C43*$F43*$G43*$H43*K43,""),"") | P43: =IFERROR(IF(OR($F43<>"",$G43<>"",$H43<>"",L43<>""),$C43*$F43*$G43*$H43*L43,""),"") | Q43: =IF(AND(D43<>"",'Inputs Whole-Project Water Use'!Q43=""),0,IF('Inputs Whole-Project Water Use'!Q43<>"",'Inputs Whole-Project Water Use'!Q43,"")) | R43: =IFERROR(IF(P43<>"",(P43-Q43),""),"") | S43: =IFERROR(IF(OR(O43<>"",P43<>""),O43-R43,""),"") | T43: =IFERROR(S43/O43,"")
A44: 16 | B44: =(IF('Inputs Whole-Project Water Use'!B44<>"",'Inputs Whole-Project Water Use'!B44,"")) | C44: =IF(AND(D44<>"",'Inputs Whole-Project Water Use'!C44=""),1,IF('Inputs Whole-Project Water Use'!C44<>"",'Inputs Whole-Project Water Use'!C44,"")) | D44: =IF('Inputs Whole-Project Water Use'!D44<>"",'Inputs Whole-Project Water Use'!D44,"") | F44: =IF('Inputs Whole-Project Water Use'!F44<>"",'Inputs Whole-Project Water Use'!F44,"") | G44: =IF('Inputs Whole-Project Water Use'!G44<>"",'Inputs Whole-Project Water Use'!G44,"") | H44: =IF('Inputs Whole-Project Water Use'!H44<>"",'Inputs Whole-Project Water Use'!H44,"") | I44: =IFERROR(IF(logic_units<>"SI Units",INDEX(data_dumip,MATCH($D44,data_waterusetypes,0)),INDEX(data_dumsi,MATCH($D44,data_waterusetypes,0))),"") | K44: =IF('Inputs Whole-Project Water Use'!K44<>"",'Inputs Whole-Project Water Use'!K44,"") | L44: =IF('Inputs Whole-Project Water Use'!L44<>"",'Inputs Whole-Project Water Use'!L44,"") | M44: =IFERROR(IF(logic_units<>"SI Units",INDEX(data_wurip,MATCH($D44,data_waterusetypes,0)),INDEX(data_wursi,MATCH($D44,data_waterusetypes,0))),"") | O44: =IFERROR(IF(OR($F44<>"",$G44<>"",$H44<>"",K44<>""),$C44*$F44*$G44*$H44*K44,""),"") | P44: =IFERROR(IF(OR($F44<>"",$G44<>"",$H44<>"",L44<>""),$C44*$F44*$G44*$H44*L44,""),"") | Q44: =IF(AND(D44<>"",'Inputs Whole-Project Water Use'!Q44=""),0,IF('Inputs Whole-Project Water Use'!Q44<>"",'Inputs Whole-Project Water Use'!Q44,"")) | R44: =IFERROR(IF(P44<>"",(P44-Q44),""),"") | S44: =IFERROR(IF(OR(O44<>"",P44<>""),O44-R44,""),"") | T44: =IFERROR(S44/O44,"")
A45: 17 | B45: =(IF('Inputs Whole-Project Water Use'!B45<>"",'Inputs Whole-Project Water Use'!B45,"")) | C45: =IF(AND(D45<>"",'Inputs Whole-Project Water Use'!C45=""),1,IF('Inputs Whole-Project Water Use'!C45<>"",'Inputs Whole-Project Water Use'!C45,"")) | D45: =IF('Inputs Whole-Project Water Use'!D45<>"",'Inputs Whole-Project Water Use'!D45,"") | F45: =IF('Inputs Whole-Project Water Use'!F45<>"",'Inputs Whole-Project Water Use'!F45,"") | G45: =IF('Inputs Whole-Project Water Use'!G45<>"",'Inputs Whole-Project Water Use'!G45,"") | H45: =IF('Inputs Whole-Project Water Use'!H45<>"",'Inputs Whole-Project Water Use'!H45,"") | I45: =IFERROR(IF(logic_units<>"SI Units",INDEX(data_dumip,MATCH($D45,data_waterusetypes,0)),INDEX(data_dumsi,MATCH($D45,data_waterusetypes,0))),"") | K45: =IF('Inputs Whole-Project Water Use'!K45<>"",'Inputs Whole-Project Water Use'!K45,"") | L45: =IF('Inputs Whole-Project Water Use'!L45<>"",'Inputs Whole-Project Water Use'!L45,"") | M45: =IFERROR(IF(logic_units<>"SI Units",INDEX(data_wurip,MATCH($D45,data_waterusetypes,0)),INDEX(data_wursi,MATCH($D45,data_waterusetypes,0))),"") | O45: =IFERROR(IF(OR($F45<>"",$G45<>"",$H45<>"",K45<>""),$C45*$F45*$G45*$H45*K45,""),"") | P45: =IFERROR(IF(OR($F45<>"",$G45<>"",$H45<>"",L45<>""),$C45*$F45*$G45*$H45*L45,""),"") | Q45: =IF(AND(D45<>"",'Inputs Whole-Project Water Use'!Q45=""),0,IF('Inputs Whole-Project Water Use'!Q45<>"",'Inputs Whole-Project Water Use'!Q45,"")) | R45: =IFERROR(IF(P45<>"",(P45-Q45),""),"") | S45: =IFERROR(IF(OR(O45<>"",P45<>""),O45-R45,""),"") | T45: =IFERROR(S45/O45,"")
A46: 18 | B46: =(IF('Inputs Whole-Project Water Use'!B46<>"",'Inputs Whole-Project Water Use'!B46,"")) | C46: =IF(AND(D46<>"",'Inputs Whole-Project Water Use'!C46=""),1,IF('Inputs Whole-Project Water Use'!C46<>"",'Inputs Whole-Project Water Use'!C46,"")) | D46: =IF('Inputs Whole-Project Water Use'!D46<>"",'Inputs Whole-Project Water Use'!D46,"") | F46: =IF('Inputs Whole-Project Water Use'!F46<>"",'Inputs Whole-Project Water Use'!F46,"") | G46: =IF('Inputs Whole-Project Water Use'!G46<>"",'Inputs Whole-Project Water Use'!G46,"") | H46: =IF('Inputs Whole-Project Water Use'!H46<>"",'Inputs Whole-Project Water Use'!H46,"") | I46: =IFERROR(IF(logic_units<>"SI Units",INDEX(data_dumip,MATCH($D46,data_waterusetypes,0)),INDEX(data_dumsi,MATCH($D46,data_waterusetypes,0))),"") | K46: =IF('Inputs Whole-Project Water Use'!K46<>"",'Inputs Whole-Project Water Use'!K46,"") | L46: =IF('Inputs Whole-Project Water Use'!L46<>"",'Inputs Whole-Project Water Use'!L46,"") | M46: =IFERROR(IF(logic_units<>"SI Units",INDEX(data_wurip,MATCH($D46,data_waterusetypes,0)),INDEX(data_wursi,MATCH($D46,data_waterusetypes,0))),"") | O46: =IFERROR(IF(OR($F46<>"",$G46<>"",$H46<>"",K46<>""),$C46*$F46*$G46*$H46*K46,""),"") | P46: =IFERROR(IF(OR($F46<>"",$G46<>"",$H46<>"",L46<>""),$C46*$F46*$G46*$H46*L46,""),"") | Q46: =IF(AND(D46<>"",'Inputs Whole-Project Water Use'!Q46=""),0,IF('Inputs Whole-Project Water Use'!Q46<>"",'Inputs Whole-Project Water Use'!Q46,"")) | R46: =IFERROR(IF(P46<>"",(P46-Q46),""),"") | S46: =IFERROR(IF(OR(O46<>"",P46<>""),O46-R46,""),"") | T46: =IFERROR(S46/O46,"")
A47: 19 | B47: =(IF('Inputs Whole-Project Water Use'!B47<>"",'Inputs Whole-Project Water Use'!B47,"")) | C47: =IF(AND(D47<>"",'Inputs Whole-Project Water Use'!C47=""),1,IF('Inputs Whole-Project Water Use'!C47<>"",'Inputs Whole-Project Water Use'!C47,"")) | D47: =IF('Inputs Whole-Project Water Use'!D47<>"",'Inputs Whole-Project Water Use'!D47,"") | F47: =IF('Inputs Whole-Project Water Use'!F47<>"",'Inputs Whole-Project Water Use'!F47,"") | G47: =IF('Inputs Whole-Project Water Use'!G47<>"",'Inputs Whole-Project Water Use'!G47,"") | H47: =IF('Inputs Whole-Project Water Use'!H47<>"",'Inputs Whole-Project Water Use'!H47,"") | I47: =IFERROR(IF(logic_units<>"SI Units",INDEX(data_dumip,MATCH($D47,data_waterusetypes,0)),INDEX(data_dumsi,MATCH($D47,data_waterusetypes,0))),"") | K47: =IF('Inputs Whole-Project Water Use'!K47<>"",'Inputs Whole-Project Water Use'!K47,"") | L47: =IF('Inputs Whole-Project Water Use'!L47<>"",'Inputs Whole-Project Water Use'!L47,"") | M47: =IFERROR(IF(logic_units<>"SI Units",INDEX(data_wurip,MATCH($D47,data_waterusetypes,0)),INDEX(data_wursi,MATCH($D47,data_waterusetypes,0))),"") | O47: =IFERROR(IF(OR($F47<>"",$G47<>"",$H47<>"",K47<>""),$C47*$F47*$G47*$H47*K47,""),"") | P47: =IFERROR(IF(OR($F47<>"",$G47<>"",$H47<>"",L47<>""),$C47*$F47*$G47*$H47*L47,""),"") | Q47: =IF(AND(D47<>"",'Inputs Whole-Project Water Use'!Q47=""),0,IF('Inputs Whole-Project Water Use'!Q47<>"",'Inputs Whole-Project Water Use'!Q47,"")) | R47: =IFERROR(IF(P47<>"",(P47-Q47),""),"") | S47: =IFERROR(IF(OR(O47<>"",P47<>""),O47-R47,""),"") | T47: =IFERROR(S47/O47,"")
A48: 20 | B48: =(IF('Inputs Whole-Project Water Use'!B48<>"",'Inputs Whole-Project Water Use'!B48,"")) | C48: =IF(AND(D48<>"",'Inputs Whole-Project Water Use'!C48=""),1,IF('Inputs Whole-Project Water Use'!C48<>"",'Inputs Whole-Project Water Use'!C48,"")) | D48: =IF('Inputs Whole-Project Water Use'!D48<>"",'Inputs Whole-Project Water Use'!D48,"") | F48: =IF('Inputs Whole-Project Water Use'!F48<>"",'Inputs Whole-Project Water Use'!F48,"") | G48: =IF('Inputs Whole-Project Water Use'!G48<>"",'Inputs Whole-Project Water Use'!G48,"") | H48: =IF('Inputs Whole-Project Water Use'!H48<>"",'Inputs Whole-Project Water Use'!H48,"") | I48: =IFERROR(IF(logic_units<>"SI Units",INDEX(data_dumip,MATCH($D48,data_waterusetypes,0)),INDEX(data_dumsi,MATCH($D48,data_waterusetypes,0))),"") | K48: =IF('Inputs Whole-Project Water Use'!K48<>"",'Inputs Whole-Project Water Use'!K48,"") | L48: =IF('Inputs Whole-Project Water Use'!L48<>"",'Inputs Whole-Project Water Use'!L48,"") | M48: =IFERROR(IF(logic_units<>"SI Units",INDEX(data_wurip,MATCH($D48,data_waterusetypes,0)),INDEX(data_wursi,MATCH($D48,data_waterusetypes,0))),"") | O48: =IFERROR(IF(OR($F48<>"",$G48<>"",$H48<>"",K48<>""),$C48*$F48*$G48*$H48*K48,""),"") | P48: =IFERROR(IF(OR($F48<>"",$G48<>"",$H48<>"",L48<>""),$C48*$F48*$G48*$H48*L48,""),"") | Q48: =IF(AND(D48<>"",'Inputs Whole-Project Water Use'!Q48=""),0,IF('Inputs Whole-Project Water Use'!Q48<>"",'Inputs Whole-Project Water Use'!Q48,"")) | R48: =IFERROR(IF(P48<>"",(P48-Q48),""),"") | S48: =IFERROR(IF(OR(O48<>"",P48<>""),O48-R48,""),"") | T48: =IFERROR(S48/O48,"")
A49: 21 | B49: =(IF('Inputs Whole-Project Water Use'!B49<>"",'Inputs Whole-Project Water Use'!B49,"")) | C49: =IF(AND(D49<>"",'Inputs Whole-Project Water Use'!C49=""),1,IF('Inputs Whole-Project Water Use'!C49<>"",'Inputs Whole-Project Water Use'!C49,"")) | D49: =IF('Inputs Whole-Project Water Use'!D49<>"",'Inputs Whole-Project Water Use'!D49,"") | F49: =IF('Inputs Whole-Project Water Use'!F49<>"",'Inputs Whole-Project Water Use'!F49,"") | G49: =IF('Inputs Whole-Project Water Use'!G49<>"",'Inputs Whole-Project Water Use'!G49,"") | H49: =IF('Inputs Whole-Project Water Use'!H49<>"",'Inputs Whole-Project Water Use'!H49,"") | I49: =IFERROR(IF(logic_units<>"SI Units",INDEX(data_dumip,MATCH($D49,data_waterusetypes,0)),INDEX(data_dumsi,MATCH($D49,data_waterusetypes,0))),"") | K49: =IF('Inputs Whole-Project Water Use'!K49<>"",'Inputs Whole-Project Water Use'!K49,"") | L49: =IF('Inputs Whole-Project Water Use'!L49<>"",'Inputs Whole-Project Water Use'!L49,"") | M49: =IFERROR(IF(logic_units<>"SI Units",INDEX(data_wurip,MATCH($D49,data_waterusetypes,0)),INDEX(data_wursi,MATCH($D49,data_waterusetypes,0))),"") | O49: =IFERROR(IF(OR($F49<>"",$G49<>"",$H49<>"",K49<>""),$C49*$F49*$G49*$H49*K49,""),"") | P49: =IFERROR(IF(OR($F49<>"",$G49<>"",$H49<>"",L49<>""),$C49*$F49*$G49*$H49*L49,""),"") | Q49: =IF(AND(D49<>"",'Inputs Whole-Project Water Use'!Q49=""),0,IF('Inputs Whole-Project Water Use'!Q49<>"",'Inputs Whole-Project Water Use'!Q49,"")) | R49: =IFERROR(IF(P49<>"",(P49-Q49),""),"") | S49: =IFERROR(IF(OR(O49<>"",P49<>""),O49-R49,""),"") | T49: =IFERROR(S49/O49,"")
A50: 22 | B50: =(IF('Inputs Whole-Project Water Use'!B50<>"",'Inputs Whole-Project Water Use'!B50,"")) | C50: =IF(AND(D50<>"",'Inputs Whole-Project Water Use'!C50=""),1,IF('Inputs Whole-Project Water Use'!C50<>"",'Inputs Whole-Project Water Use'!C50,"")) | D50: =IF('Inputs Whole-Project Water Use'!D50<>"",'Inputs Whole-Project Water Use'!D50,"") | F50: =IF('Inputs Whole-Project Water Use'!F50<>"",'Inputs Whole-Project Water Use'!F50,"") | G50: =IF('Inputs Whole-Project Water Use'!G50<>"",'Inputs Whole-Project Water Use'!G50,"") | H50: =IF('Inputs Whole-Project Water Use'!H50<>"",'Inputs Whole-Project Water Use'!H50,"") | I50: =IFERROR(IF(logic_units<>"SI Units",INDEX(data_dumip,MATCH($D50,data_waterusetypes,0)),INDEX(data_dumsi,MATCH($D50,data_waterusetypes,0))),"") | K50: =IF('Inputs Whole-Project Water Use'!K50<>"",'Inputs Whole-Project Water Use'!K50,"") | L50: =IF('Inputs Whole-Project Water Use'!L50<>"",'Inputs Whole-Project Water Use'!L50,"") | M50: =IFERROR(IF(logic_units<>"SI Units",INDEX(data_wurip,MATCH($D50,data_waterusetypes,0)),INDEX(data_wursi,MATCH($D50,data_waterusetypes,0))),"") | O50: =IFERROR(IF(OR($F50<>"",$G50<>"",$H50<>"",K50<>""),$C50*$F50*$G50*$H50*K50,""),"") | P50: =IFERROR(IF(OR($F50<>"",$G50<>"",$H50<>"",L50<>""),$C50*$F50*$G50*$H50*L50,""),"") | Q50: =IF(AND(D50<>"",'Inputs Whole-Project Water Use'!Q50=""),0,IF('Inputs Whole-Project Water Use'!Q50<>"",'Inputs Whole-Project Water Use'!Q50,"")) | R50: =IFERROR(IF(P50<>"",(P50-Q50),""),"") | S50: =IFERROR(IF(OR(O50<>"",P50<>""),O50-R50,""),"") | T50: =IFERROR(S50/O50,"")
... A58: 30 | B58: =(IF('Inputs Whole-Project Water Use'!B58<>"",'Inputs Whole-Project Water Use'!B58,"")) | C58: =IF(AND(D58<>"",'Inputs Whole-Project Water Use'!C58=""),1,IF('Inputs Whole-Project Water Use'!C58<>"",'Inputs Whole-Project Water Use'!C58,"")) | D58: =IF('Inputs Whole-Project Water Use'!D58<>"",'Inputs Whole-Project Water Use'!D58,"") | F58: =IF('Inputs Whole-Project Water Use'!F58<>"",'Inputs Whole-Project Water Use'!F58,"") | G58: =IF('Inputs Whole-Project Water Use'!G58<>"",'Inputs Whole-Project Water Use'!G58,"") | H58: =IF('Inputs Whole-Project Water Use'!H58<>"",'Inputs Whole-Project Water Use'!H58,"") | I58: =IFERROR(IF(logic_units<>"SI Units",INDEX(data_dumip,MATCH($D58,data_waterusetypes,0)),INDEX(data_dumsi,MATCH($D58,data_waterusetypes,0))),"") | K58: =IF('Inputs Whole-Project Water Use'!K58<>"",'Inputs Whole-Project Water Use'!K58,"") | L58: =IF('Inputs Whole-Project Water Use'!L58<>"",'Inputs Whole-Project Water Use'!L58,"") | M58: =IFERROR(IF(logic_units<>"SI Units",INDEX(data_wurip,MATCH($D58,data_waterusetypes,0)),INDEX(data_wursi,MATCH($D58,data_waterusetypes,0))),"") | O58: =IFERROR(IF(OR($F58<>"",$G58<>"",$H58<>"",K58<>""),$C58*$F58*$G58*$H58*K58,""),"") | P58: =IFERROR(IF(OR($F58<>"",$G58<>"",$H58<>"",L58<>""),$C58*$F58*$G58*$H58*L58,""),"") | Q58: =IF(AND(D58<>"",'Inputs Whole-Project Water Use'!Q58=""),0,IF('Inputs Whole-Project Water Use'!Q58<>"",'Inputs Whole-Project Water Use'!Q58,"")) | R58: =IFERROR(IF(P58<>"",(P58-Q58),""),"") | S58: =IFERROR(IF(OR(O58<>"",P58<>""),O58-R58,""),"") | T58: =IFERROR(S58/O58,"")
A59: 31 | B59: =(IF('Inputs Whole-Project Water Use'!B59<>"",'Inputs Whole-Project Water Use'!B59,"")) | C59: =IF(AND(D59<>"",'Inputs Whole-Project Water Use'!C59=""),1,IF('Inputs Whole-Project Water Use'!C59<>"",'Inputs Whole-Project Water Use'!C59,"")) | D59: =IF('Inputs Whole-Project Water Use'!D59<>"",'Inputs Whole-Project Water Use'!D59,"") | F59: =IF('Inputs Whole-Project Water Use'!F59<>"",'Inputs Whole-Project Water Use'!F59,"") | G59: =IF('Inputs Whole-Project Water Use'!G59<>"",'Inputs Whole-Project Water Use'!G59,"") | H59: =IF('Inputs Whole-Project Water Use'!H59<>"",'Inputs Whole-Project Water Use'!H59,"") | I59: =IFERROR(IF(logic_units<>"SI Units",INDEX(data_dumip,MATCH($D59,data_waterusetypes,0)),INDEX(data_dumsi,MATCH($D59,data_waterusetypes,0))),"") | K59: =IF('Inputs Whole-Project Water Use'!K59<>"",'Inputs Whole-Project Water Use'!K59,"") | L59: =IF('Inputs Whole-Project Water Use'!L59<>"",'Inputs Whole-Project Water Use'!L59,"") | M59: =IFERROR(IF(logic_units<>"SI Units",INDEX(data_wurip,MATCH($D59,data_waterusetypes,0)),INDEX(data_wursi,MATCH($D59,data_waterusetypes,0))),"") | O59: =IFERROR(IF(OR($F59<>"",$G59<>"",$H59<>"",K59<>""),$C59*$F59*$G59*$H59*K59,""),"") | P59: =IFERROR(IF(OR($F59<>"",$G59<>"",$H59<>"",L59<>""),$C59*$F59*$G59*$H59*L59,""),"") | Q59: =IF(AND(D59<>"",'Inputs Whole-Project Water Use'!Q59=""),0,IF('Inputs Whole-Project Water Use'!Q59<>"",'Inputs Whole-Project Water Use'!Q59,"")) | R59: =IFERROR(IF(P59<>"",(P59-Q59),""),"") | S59: =IFERROR(IF(OR(O59<>"",P59<>""),O59-R59,""),"") | T59: =IFERROR(S59/O59,"") | U59: Click + to left for additional rows
A60: 32 | B60: =(IF('Inputs Whole-Project Water Use'!B60<>"",'Inputs Whole-Project Water Use'!B60,"")) | C60: =IF(AND(D60<>"",'Inputs Whole-Project Water Use'!C60=""),1,IF('Inputs Whole-Project Water Use'!C60<>"",'Inputs Whole-Project Water Use'!C60,"")) | D60: =IF('Inputs Whole-Project Water Use'!D60<>"",'Inputs Whole-Project Water Use'!D60,"") | F60: =IF('Inputs Whole-Project Water Use'!F60<>"",'Inputs Whole-Project Water Use'!F60,"") | G60: =IF('Inputs Whole-Project Water Use'!G60<>"",'Inputs Whole-Project Water Use'!G60,"") | H60: =IF('Inputs Whole-Project Water Use'!H60<>"",'Inputs Whole-Project Water Use'!H60,"") | I60: =IFERROR(IF(logic_units<>"SI Units",INDEX(data_dumip,MATCH($D60,data_waterusetypes,0)),INDEX(data_dumsi,MATCH($D60,data_waterusetypes,0))),"") | K60: =IF('Inputs Whole-Project Water Use'!K60<>"",'Inputs Whole-Project Water Use'!K60,"") | L60: =IF('Inputs Whole-Project Water Use'!L60<>"",'Inputs Whole-Project Water Use'!L60,"") | M60: =IFERROR(IF(logic_units<>"SI Units",INDEX(data_wurip,MATCH($D60,data_waterusetypes,0)),INDEX(data_wursi,MATCH($D60,data_waterusetypes,0))),"") | O60: =IFERROR(IF(OR($F60<>"",$G60<>"",$H60<>"",K60<>""),$C60*$F60*$G60*$H60*K60,""),"") | P60: =IFERROR(IF(OR($F60<>"",$G60<>"",$H60<>"",L60<>""),$C60*$F60*$G60*$H60*L60,""),"") | Q60: =IF(AND(D60<>"",'Inputs Whole-Project Water Use'!Q60=""),0,IF('Inputs Whole-Project Water Use'!Q60<>"",'Inputs Whole-Project Water Use'!Q60,"")) | R60: =IFERROR(IF(P60<>"",(P60-Q60),""),"") | S60: =IFERROR(IF(OR(O60<>"",P60<>""),O60-R60,""),"") | T60: =IFERROR(S60/O60,"")
A61: 33 | B61: =(IF('Inputs Whole-Project Water Use'!B61<>"",'Inputs Whole-Project Water Use'!B61,"")) | C61: =IF(AND(D61<>"",'Inputs Whole-Project Water Use'!C61=""),1,IF('Inputs Whole-Project Water Use'!C61<>"",'Inputs Whole-Project Water Use'!C61,"")) | D61: =IF('Inputs Whole-Project Water Use'!D61<>"",'Inputs Whole-Project Water Use'!D61,"") | F61: =IF('Inputs Whole-Project Water Use'!F61<>"",'Inputs Whole-Project Water Use'!F61,"") | G61: =IF('Inputs Whole-Project Water Use'!G61<>"",'Inputs Whole-Project Water Use'!G61,"") | H61: =IF('Inputs Whole-Project Water Use'!H61<>"",'Inputs Whole-Project Water Use'!H61,"") | I61: =IFERROR(IF(logic_units<>"SI Units",INDEX(data_dumip,MATCH($D61,data_waterusetypes,0)),INDEX(data_dumsi,MATCH($D61,data_waterusetypes,0))),"") | K61: =IF('Inputs Whole-Project Water Use'!K61<>"",'Inputs Whole-Project Water Use'!K61,"") | L61: =IF('Inputs Whole-Project Water Use'!L61<>"",'Inputs Whole-Project Water Use'!L61,"") | M61: =IFERROR(IF(logic_units<>"SI Units",INDEX(data_wurip,MATCH($D61,data_waterusetypes,0)),INDEX(data_wursi,MATCH($D61,data_waterusetypes,0))),"") | O61: =IFERROR(IF(OR($F61<>"",$G61<>"",$H61<>"",K61<>""),$C61*$F61*$G61*$H61*K61,""),"") | P61: =IFERROR(IF(OR($F61<>"",$G61<>"",$H61<>"",L61<>""),$C61*$F61*$G61*$H61*L61,""),"") | Q61: =IF(AND(D61<>"",'Inputs Whole-Project Water Use'!Q61=""),0,IF('Inputs Whole-Project Water Use'!Q61<>"",'Inputs Whole-Project Water Use'!Q61,"")) | R61: =IFERROR(IF(P61<>"",(P61-Q61),""),"") | S61: =IFERROR(IF(OR(O61<>"",P61<>""),O61-R61,""),"") | T61: =IFERROR(S61/O61,"")
A62: 34 | B62: =(IF('Inputs Whole-Project Water Use'!B62<>"",'Inputs Whole-Project Water Use'!B62,"")) | C62: =IF(AND(D62<>"",'Inputs Whole-Project Water Use'!C62=""),1,IF('Inputs Whole-Project Water Use'!C62<>"",'Inputs Whole-Project Water Use'!C62,"")) | D62: =IF('Inputs Whole-Project Water Use'!D62<>"",'Inputs Whole-Project Water Use'!D62,"") | F62: =IF('Inputs Whole-Project Water Use'!F62<>"",'Inputs Whole-Project Water Use'!F62,"") | G62: =IF('Inputs Whole-Project Water Use'!G62<>"",'Inputs Whole-Project Water Use'!G62,"") | H62: =IF('Inputs Whole-Project Water Use'!H62<>"",'Inputs Whole-Project Water Use'!H62,"") | I62: =IFERROR(IF(logic_units<>"SI Units",INDEX(data_dumip,MATCH($D62,data_waterusetypes,0)),INDEX(data_dumsi,MATCH($D62,data_waterusetypes,0))),"") | K62: =IF('Inputs Whole-Project Water Use'!K62<>"",'Inputs Whole-Project Water Use'!K62,"") | L62: =IF('Inputs Whole-Project Water Use'!L62<>"",'Inputs Whole-Project Water Use'!L62,"") | M62: =IFERROR(IF(logic_units<>"SI Units",INDEX(data_wurip,MATCH($D62,data_waterusetypes,0)),INDEX(data_wursi,MATCH($D62,data_waterusetypes,0))),"") | O62: =IFERROR(IF(OR($F62<>"",$G62<>"",$H62<>"",K62<>""),$C62*$F62*$G62*$H62*K62,""),"") | P62: =IFERROR(IF(OR($F62<>"",$G62<>"",$H62<>"",L62<>""),$C62*$F62*$G62*$H62*L62,""),"") | Q62: =IF(AND(D62<>"",'Inputs Whole-Project Water Use'!Q62=""),0,IF('Inputs Whole-Project Water Use'!Q62<>"",'Inputs Whole-Project Water Use'!Q62,"")) | R62: =IFERROR(IF(P62<>"",(P62-Q62),""),"") | S62: =IFERROR(IF(OR(O62<>"",P62<>""),O62-R62,""),"") | T62: =IFERROR(S62/O62,"")
A63: 35 | B63: =(IF('Inputs Whole-Project Water Use'!B63<>"",'Inputs Whole-Project Water Use'!B63,"")) | C63: =IF(AND(D63<>"",'Inputs Whole-Project Water Use'!C63=""),1,IF('Inputs Whole-Project Water Use'!C63<>"",'Inputs Whole-Project Water Use'!C63,"")) | D63: =IF('Inputs Whole-Project Water Use'!D63<>"",'Inputs Whole-Project Water Use'!D63,"") | F63: =IF('Inputs Whole-Project Water Use'!F63<>"",'Inputs Whole-Project Water Use'!F63,"") | G63: =IF('Inputs Whole-Project Water Use'!G63<>"",'Inputs Whole-Project Water Use'!G63,"") | H63: =IF('Inputs Whole-Project Water Use'!H63<>"",'Inputs Whole-Project Water Use'!H63,"") | I63: =IFERROR(IF(logic_units<>"SI Units",INDEX(data_dumip,MATCH($D63,data_waterusetypes,0)),INDEX(data_dumsi,MATCH($D63,data_waterusetypes,0))),"") | K63: =IF('Inputs Whole-Project Water Use'!K63<>"",'Inputs Whole-Project Water Use'!K63,"") | L63: =IF('Inputs Whole-Project Water Use'!L63<>"",'Inputs Whole-Project Water Use'!L63,"") | M63: =IFERROR(IF(logic_units<>"SI Units",INDEX(data_wurip,MATCH($D63,data_waterusetypes,0)),INDEX(data_wursi,MATCH($D63,data_waterusetypes,0))),"") | O63: =IFERROR(IF(OR($F63<>"",$G63<>"",$H63<>"",K63<>""),$C63*$F63*$G63*$H63*K63,""),"") | P63: =IFERROR(IF(OR($F63<>"",$G63<>"",$H63<>"",L63<>""),$C63*$F63*$G63*$H63*L63,""),"") | Q63: =IF(AND(D63<>"",'Inputs Whole-Project Water Use'!Q63=""),0,IF('Inputs Whole-Project Water Use'!Q63<>"",'Inputs Whole-Project Water Use'!Q63,"")) | R63: =IFERROR(IF(P63<>"",(P63-Q63),""),"") | S63: =IFERROR(IF(OR(O63<>"",P63<>""),O63-R63,""),"") | T63: =IFERROR(S63/O63,"")
A64: 36 | B64: =(IF('Inputs Whole-Project Water Use'!B64<>"",'Inputs Whole-Project Water Use'!B64,"")) | C64: =IF(AND(D64<>"",'Inputs Whole-Project Water Use'!C64=""),1,IF('Inputs Whole-Project Water Use'!C64<>"",'Inputs Whole-Project Water Use'!C64,"")) | D64: =IF('Inputs Whole-Project Water Use'!D64<>"",'Inputs Whole-Project Water Use'!D64,"") | F64: =IF('Inputs Whole-Project Water Use'!F64<>"",'Inputs Whole-Project Water Use'!F64,"") | G64: =IF('Inputs Whole-Project Water Use'!G64<>"",'Inputs Whole-Project Water Use'!G64,"") | H64: =IF('Inputs Whole-Project Water Use'!H64<>"",'Inputs Whole-Project Water Use'!H64,"") | I64: =IFERROR(IF(logic_units<>"SI Units",INDEX(data_dumip,MATCH($D64,data_waterusetypes,0)),INDEX(data_dumsi,MATCH($D64,data_waterusetypes,0))),"") | K64: =IF('Inputs Whole-Project Water Use'!K64<>"",'Inputs Whole-Project Water Use'!K64,"") | L64: =IF('Inputs Whole-Project Water Use'!L64<>"",'Inputs Whole-Project Water Use'!L64,"") | M64: =IFERROR(IF(logic_units<>"SI Units",INDEX(data_wurip,MATCH($D64,data_waterusetypes,0)),INDEX(data_wursi,MATCH($D64,data_waterusetypes,0))),"") | O64: =IFERROR(IF(OR($F64<>"",$G64<>"",$H64<>"",K64<>""),$C64*$F64*$G64*$H64*K64,""),"") | P64: =IFERROR(IF(OR($F64<>"",$G64<>"",$H64<>"",L64<>""),$C64*$F64*$G64*$H64*L64,""),"") | Q64: =IF(AND(D64<>"",'Inputs Whole-Project Water Use'!Q64=""),0,IF('Inputs Whole-Project Water Use'!Q64<>"",'Inputs Whole-Project Water Use'!Q64,"")) | R64: =IFERROR(IF(P64<>"",(P64-Q64),""),"") | S64: =IFERROR(IF(OR(O64<>"",P64<>""),O64-R64,""),"") | T64: =IFERROR(S64/O64,"")
A65: 37 | B65: =(IF('Inputs Whole-Project Water Use'!B65<>"",'Inputs Whole-Project Water Use'!B65,"")) | C65: =IF(AND(D65<>"",'Inputs Whole-Project Water Use'!C65=""),1,IF('Inputs Whole-Project Water Use'!C65<>"",'Inputs Whole-Project Water Use'!C65,"")) | D65: =IF('Inputs Whole-Project Water Use'!D65<>"",'Inputs Whole-Project Water Use'!D65,"") | F65: =IF('Inputs Whole-Project Water Use'!F65<>"",'Inputs Whole-Project Water Use'!F65,"") | G65: =IF('Inputs Whole-Project Water Use'!G65<>"",'Inputs Whole-Project Water Use'!G65,"") | H65: =IF('Inputs Whole-Project Water Use'!H65<>"",'Inputs Whole-Project Water Use'!H65,"") | I65: =IFERROR(IF(logic_units<>"SI Units",INDEX(data_dumip,MATCH($D65,data_waterusetypes,0)),INDEX(data_dumsi,MATCH($D65,data_waterusetypes,0))),"") | K65: =IF('Inputs Whole-Project Water Use'!K65<>"",'Inputs Whole-Project Water Use'!K65,"") | L65: =IF('Inputs Whole-Project Water Use'!L65<>"",'Inputs Whole-Project Water Use'!L65,"") | M65: =IFERROR(IF(logic_units<>"SI Units",INDEX(data_wurip,MATCH($D65,data_waterusetypes,0)),INDEX(data_wursi,MATCH($D65,data_waterusetypes,0))),"") | O65: =IFERROR(IF(OR($F65<>"",$G65<>"",$H65<>"",K65<>""),$C65*$F65*$G65*$H65*K65,""),"") | P65: =IFERROR(IF(OR($F65<>"",$G65<>"",$H65<>"",L65<>""),$C65*$F65*$G65*$H65*L65,""),"") | Q65: =IF(AND(D65<>"",'Inputs Whole-Project Water Use'!Q65=""),0,IF('Inputs Whole-Project Water Use'!Q65<>"",'Inputs Whole-Project Water Use'!Q65,"")) | R65: =IFERROR(IF(P65<>"",(P65-Q65),""),"") | S65: =IFERROR(IF(OR(O65<>"",P65<>""),O65-R65,""),"") | T65: =IFERROR(S65/O65,"")
A66: 38 | B66: =(IF('Inputs Whole-Project Water Use'!B66<>"",'Inputs Whole-Project Water Use'!B66,"")) | C66: =IF(AND(D66<>"",'Inputs Whole-Project Water Use'!C66=""),1,IF('Inputs Whole-Project Water Use'!C66<>"",'Inputs Whole-Project Water Use'!C66,"")) | D66: =IF('Inputs Whole-Project Water Use'!D66<>"",'Inputs Whole-Project Water Use'!D66,"") | F66: =IF('Inputs Whole-Project Water Use'!F66<>"",'Inputs Whole-Project Water Use'!F66,"") | G66: =IF('Inputs Whole-Project Water Use'!G66<>"",'Inputs Whole-Project Water Use'!G66,"") | H66: =IF('Inputs Whole-Project Water Use'!H66<>"",'Inputs Whole-Project Water Use'!H66,"") | I66: =IFERROR(IF(logic_units<>"SI Units",INDEX(data_dumip,MATCH($D66,data_waterusetypes,0)),INDEX(data_dumsi,MATCH($D66,data_waterusetypes,0))),"") | K66: =IF('Inputs Whole-Project Water Use'!K66<>"",'Inputs Whole-Project Water Use'!K66,"") | L66: =IF('Inputs Whole-Project Water Use'!L66<>"",'Inputs Whole-Project Water Use'!L66,"") | M66: =IFERROR(IF(logic_units<>"SI Units",INDEX(data_wurip,MATCH($D66,data_waterusetypes,0)),INDEX(data_wursi,MATCH($D66,data_waterusetypes,0))),"") | O66: =IFERROR(IF(OR($F66<>"",$G66<>"",$H66<>"",K66<>""),$C66*$F66*$G66*$H66*K66,""),"") | P66: =IFERROR(IF(OR($F66<>"",$G66<>"",$H66<>"",L66<>""),$C66*$F66*$G66*$H66*L66,""),"") | Q66: =IF(AND(D66<>"",'Inputs Whole-Project Water Use'!Q66=""),0,IF('Inputs Whole-Project Water Use'!Q66<>"",'Inputs Whole-Project Water Use'!Q66,"")) | R66: =IFERROR(IF(P66<>"",(P66-Q66),""),"") | S66: =IFERROR(IF(OR(O66<>"",P66<>""),O66-R66,""),"") | T66: =IFERROR(S66/O66,"")
A67: 39 | B67: =(IF('Inputs Whole-Project Water Use'!B67<>"",'Inputs Whole-Project Water Use'!B67,"")) | C67: =IF(AND(D67<>"",'Inputs Whole-Project Water Use'!C67=""),1,IF('Inputs Whole-Project Water Use'!C67<>"",'Inputs Whole-Project Water Use'!C67,"")) | D67: =IF('Inputs Whole-Project Water Use'!D67<>"",'Inputs Whole-Project Water Use'!D67,"") | F67: =IF('Inputs Whole-Project Water Use'!F67<>"",'Inputs Whole-Project Water Use'!F67,"") | G67: =IF('Inputs Whole-Project Water Use'!G67<>"",'Inputs Whole-Project Water Use'!G67,"") | H67: =IF('Inputs Whole-Project Water Use'!H67<>"",'Inputs Whole-Project Water Use'!H67,"") | I67: =IFERROR(IF(logic_units<>"SI Units",INDEX(data_dumip,MATCH($D67,data_waterusetypes,0)),INDEX(data_dumsi,MATCH($D67,data_waterusetypes,0))),"") | K67: =IF('Inputs Whole-Project Water Use'!K67<>"",'Inputs Whole-Project Water Use'!K67,"") | L67: =IF('Inputs Whole-Project Water Use'!L67<>"",'Inputs Whole-Project Water Use'!L67,"") | M67: =IFERROR(IF(logic_units<>"SI Units",INDEX(data_wurip,MATCH($D67,data_waterusetypes,0)),INDEX(data_wursi,MATCH($D67,data_waterusetypes,0))),"") | O67: =IFERROR(IF(OR($F67<>"",$G67<>"",$H67<>"",K67<>""),$C67*$F67*$G67*$H67*K67,""),"") | P67: =IFERROR(IF(OR($F67<>"",$G67<>"",$H67<>"",L67<>""),$C67*$F67*$G67*$H67*L67,""),"") | Q67: =IF(AND(D67<>"",'Inputs Whole-Project Water Use'!Q67=""),0,IF('Inputs Whole-Project Water Use'!Q67<>"",'Inputs Whole-Project Water Use'!Q67,"")) | R67: =IFERROR(IF(P67<>"",(P67-Q67),""),"") | S67: =IFERROR(IF(OR(O67<>"",P67<>""),O67-R67,""),"") | T67: =IFERROR(S67/O67,"")
A68: 40 | B68: =(IF('Inputs Whole-Project Water Use'!B68<>"",'Inputs Whole-Project Water Use'!B68,"")) | C68: =IF(AND(D68<>"",'Inputs Whole-Project Water Use'!C68=""),1,IF('Inputs Whole-Project Water Use'!C68<>"",'Inputs Whole-Project Water Use'!C68,"")) | D68: =IF('Inputs Whole-Project Water Use'!D68<>"",'Inputs Whole-Project Water Use'!D68,"") | F68: =IF('Inputs Whole-Project Water Use'!F68<>"",'Inputs Whole-Project Water Use'!F68,"") | G68: =IF('Inputs Whole-Project Water Use'!G68<>"",'Inputs Whole-Project Water Use'!G68,"") | H68: =IF('Inputs Whole-Project Water Use'!H68<>"",'Inputs Whole-Project Water Use'!H68,"") | I68: =IFERROR(IF(logic_units<>"SI Units",INDEX(data_dumip,MATCH($D68,data_waterusetypes,0)),INDEX(data_dumsi,MATCH($D68,data_waterusetypes,0))),"") | K68: =IF('Inputs Whole-Project Water Use'!K68<>"",'Inputs Whole-Project Water Use'!K68,"") | L68: =IF('Inputs Whole-Project Water Use'!L68<>"",'Inputs Whole-Project Water Use'!L68,"") | M68: =IFERROR(IF(logic_units<>"SI Units",INDEX(data_wurip,MATCH($D68,data_waterusetypes,0)),INDEX(data_wursi,MATCH($D68,data_waterusetypes,0))),"") | O68: =IFERROR(IF(OR($F68<>"",$G68<>"",$H68<>"",K68<>""),$C68*$F68*$G68*$H68*K68,""),"") | P68: =IFERROR(IF(OR($F68<>"",$G68<>"",$H68<>"",L68<>""),$C68*$F68*$G68*$H68*L68,""),"") | Q68: =IF(AND(D68<>"",'Inputs Whole-Project Water Use'!Q68=""),0,IF('Inputs Whole-Project Water Use'!Q68<>"",'Inputs Whole-Project Water Use'!Q68,"")) | R68: =IFERROR(IF(P68<>"",(P68-Q68),""),"") | S68: =IFERROR(IF(OR(O68<>"",P68<>""),O68-R68,""),"") | T68: =IFERROR(S68/O68,"")
A69: 41 | B69: =(IF('Inputs Whole-Project Water Use'!B69<>"",'Inputs Whole-Project Water Use'!B69,"")) | C69: =IF(AND(D69<>"",'Inputs Whole-Project Water Use'!C69=""),1,IF('Inputs Whole-Project Water Use'!C69<>"",'Inputs Whole-Project Water Use'!C69,"")) | D69: =IF('Inputs Whole-Project Water Use'!D69<>"",'Inputs Whole-Project Water Use'!D69,"") | F69: =IF('Inputs Whole-Project Water Use'!F69<>"",'Inputs Whole-Project Water Use'!F69,"") | G69: =IF('Inputs Whole-Project Water Use'!G69<>"",'Inputs Whole-Project Water Use'!G69,"") | H69: =IF('Inputs Whole-Project Water Use'!H69<>"",'Inputs Whole-Project Water Use'!H69,"") | I69: =IFERROR(IF(logic_units<>"SI Units",INDEX(data_dumip,MATCH($D69,data_waterusetypes,0)),INDEX(data_dumsi,MATCH($D69,data_waterusetypes,0))),"") | K69: =IF('Inputs Whole-Project Water Use'!K69<>"",'Inputs Whole-Project Water Use'!K69,"") | L69: =IF('Inputs Whole-Project Water Use'!L69<>"",'Inputs Whole-Project Water Use'!L69,"") | M69: =IFERROR(IF(logic_units<>"SI Units",INDEX(data_wurip,MATCH($D69,data_waterusetypes,0)),INDEX(data_wursi,MATCH($D69,data_waterusetypes,0))),"") | O69: =IFERROR(IF(OR($F69<>"",$G69<>"",$H69<>"",K69<>""),$C69*$F69*$G69*$H69*K69,""),"") | P69: =IFERROR(IF(OR($F69<>"",$G69<>"",$H69<>"",L69<>""),$C69*$F69*$G69*$H69*L69,""),"") | Q69: =IF(AND(D69<>"",'Inputs Whole-Project Water Use'!Q69=""),0,IF('Inputs Whole-Project Water Use'!Q69<>"",'Inputs Whole-Project Water Use'!Q69,"")) | R69: =IFERROR(IF(P69<>"",(P69-Q69),""),"") | S69: =IFERROR(IF(OR(O69<>"",P69<>""),O69-R69,""),"") | T69: =IFERROR(S69/O69,"")
A70: 42 | B70: =(IF('Inputs Whole-Project Water Use'!B70<>"",'Inputs Whole-Project Water Use'!B70,"")) | C70: =IF(AND(D70<>"",'Inputs Whole-Project Water Use'!C70=""),1,IF('Inputs Whole-Project Water Use'!C70<>"",'Inputs Whole-Project Water Use'!C70,"")) | D70: =IF('Inputs Whole-Project Water Use'!D70<>"",'Inputs Whole-Project Water Use'!D70,"") | F70: =IF('Inputs Whole-Project Water Use'!F70<>"",'Inputs Whole-Project Water Use'!F70,"") | G70: =IF('Inputs Whole-Project Water Use'!G70<>"",'Inputs Whole-Project Water Use'!G70,"") | H70: =IF('Inputs Whole-Project Water Use'!H70<>"",'Inputs Whole-Project Water Use'!H70,"") | I70: =IFERROR(IF(logic_units<>"SI Units",INDEX(data_dumip,MATCH($D70,data_waterusetypes,0)),INDEX(data_dumsi,MATCH($D70,data_waterusetypes,0))),"") | K70: =IF('Inputs Whole-Project Water Use'!K70<>"",'Inputs Whole-Project Water Use'!K70,"") | L70: =IF('Inputs Whole-Project Water Use'!L70<>"",'Inputs Whole-Project Water Use'!L70,"") | M70: =IFERROR(IF(logic_units<>"SI Units",INDEX(data_wurip,MATCH($D70,data_waterusetypes,0)),INDEX(data_wursi,MATCH($D70,data_waterusetypes,0))),"") | O70: =IFERROR(IF(OR($F70<>"",$G70<>"",$H70<>"",K70<>""),$C70*$F70*$G70*$H70*K70,""),"") | P70: =IFERROR(IF(OR($F70<>"",$G70<>"",$H70<>"",L70<>""),$C70*$F70*$G70*$H70*L70,""),"") | Q70: =IF(AND(D70<>"",'Inputs Whole-Project Water Use'!Q70=""),0,IF('Inputs Whole-Project Water Use'!Q70<>"",'Inputs Whole-Project Water Use'!Q70,"")) | R70: =IFERROR(IF(P70<>"",(P70-Q70),""),"") | S70: =IFERROR(IF(OR(O70<>"",P70<>""),O70-R70,""),"") | T70: =IFERROR(S70/O70,"")
A71: 43 | B71: =(IF('Inputs Whole-Project Water Use'!B71<>"",'Inputs Whole-Project Water Use'!B71,"")) | C71: =IF(AND(D71<>"",'Inputs Whole-Project Water Use'!C71=""),1,IF('Inputs Whole-Project Water Use'!C71<>"",'Inputs Whole-Project Water Use'!C71,"")) | D71: =IF('Inputs Whole-Project Water Use'!D71<>"",'Inputs Whole-Project Water Use'!D71,"") | F71: =IF('Inputs Whole-Project Water Use'!F71<>"",'Inputs Whole-Project Water Use'!F71,"") | G71: =IF('Inputs Whole-Project Water Use'!G71<>"",'Inputs Whole-Project Water Use'!G71,"") | H71: =IF('Inputs Whole-Project Water Use'!H71<>"",'Inputs Whole-Project Water Use'!H71,"") | I71: =IFERROR(IF(logic_units<>"SI Units",INDEX(data_dumip,MATCH($D71,data_waterusetypes,0)),INDEX(data_dumsi,MATCH($D71,data_waterusetypes,0))),"") | K71: =IF('Inputs Whole-Project Water Use'!K71<>"",'Inputs Whole-Project Water Use'!K71,"") | L71: =IF('Inputs Whole-Project Water Use'!L71<>"",'Inputs Whole-Project Water Use'!L71,"") | M71: =IFERROR(IF(logic_units<>"SI Units",INDEX(data_wurip,MATCH($D71,data_waterusetypes,0)),INDEX(data_wursi,MATCH($D71,data_waterusetypes,0))),"") | O71: =IFERROR(IF(OR($F71<>"",$G71<>"",$H71<>"",K71<>""),$C71*$F71*$G71*$H71*K71,""),"") | P71: =IFERROR(IF(OR($F71<>"",$G71<>"",$H71<>"",L71<>""),$C71*$F71*$G71*$H71*L71,""),"") | Q71: =IF(AND(D71<>"",'Inputs Whole-Project Water Use'!Q71=""),0,IF('Inputs Whole-Project Water Use'!Q71<>"",'Inputs Whole-Project Water Use'!Q71,"")) | R71: =IFERROR(IF(P71<>"",(P71-Q71),""),"") | S71: =IFERROR(IF(OR(O71<>"",P71<>""),O71-R71,""),"") | T71: =IFERROR(S71/O71,"")
... A78: 50 | B78: =(IF('Inputs Whole-Project Water Use'!B78<>"",'Inputs Whole-Project Water Use'!B78,"")) | C78: =IF(AND(D78<>"",'Inputs Whole-Project Water Use'!C78=""),1,IF('Inputs Whole-Project Water Use'!C78<>"",'Inputs Whole-Project Water Use'!C78,"")) | D78: =IF('Inputs Whole-Project Water Use'!D78<>"",'Inputs Whole-Project Water Use'!D78,"") | F78: =IF('Inputs Whole-Project Water Use'!F78<>"",'Inputs Whole-Project Water Use'!F78,"") | G78: =IF('Inputs Whole-Project Water Use'!G78<>"",'Inputs Whole-Project Water Use'!G78,"") | H78: =IF('Inputs Whole-Project Water Use'!H78<>"",'Inputs Whole-Project Water Use'!H78,"") | I78: =IFERROR(IF(logic_units<>"SI Units",INDEX(data_dumip,MATCH($D78,data_waterusetypes,0)),INDEX(data_dumsi,MATCH($D78,data_waterusetypes,0))),"") | K78: =IF('Inputs Whole-Project Water Use'!K78<>"",'Inputs Whole-Project Water Use'!K78,"") | L78: =IF('Inputs Whole-Project Water Use'!L78<>"",'Inputs Whole-Project Water Use'!L78,"") | M78: =IFERROR(IF(logic_units<>"SI Units",INDEX(data_wurip,MATCH($D78,data_waterusetypes,0)),INDEX(data_wursi,MATCH($D78,data_waterusetypes,0))),"") | O78: =IFERROR(IF(OR($F78<>"",$G78<>"",$H78<>"",K78<>""),$C78*$F78*$G78*$H78*K78,""),"") | P78: =IFERROR(IF(OR($F78<>"",$G78<>"",$H78<>"",L78<>""),$C78*$F78*$G78*$H78*L78,""),"") | Q78: =IF(AND(D78<>"",'Inputs Whole-Project Water Use'!Q78=""),0,IF('Inputs Whole-Project Water Use'!Q78<>"",'Inputs Whole-Project Water Use'!Q78,"")) | R78: =IFERROR(IF(P78<>"",(P78-Q78),""),"") | S78: =IFERROR(IF(OR(O78<>"",P78<>""),O78-R78,""),"") | T78: =IFERROR(S78/O78,"")
A79: 51 | B79: =(IF('Inputs Whole-Project Water Use'!B79<>"",'Inputs Whole-Project Water Use'!B79,"")) | C79: =IF(AND(D79<>"",'Inputs Whole-Project Water Use'!C79=""),1,IF('Inputs Whole-Project Water Use'!C79<>"",'Inputs Whole-Project Water Use'!C79,"")) | D79: =IF('Inputs Whole-Project Water Use'!D79<>"",'Inputs Whole-Project Water Use'!D79,"") | F79: =IF('Inputs Whole-Project Water Use'!F79<>"",'Inputs Whole-Project Water Use'!F79,"") | G79: =IF('Inputs Whole-Project Water Use'!G79<>"",'Inputs Whole-Project Water Use'!G79,"") | H79: =IF('Inputs Whole-Project Water Use'!H79<>"",'Inputs Whole-Project Water Use'!H79,"") | I79: =IFERROR(IF(logic_units<>"SI Units",INDEX(data_dumip,MATCH($D79,data_waterusetypes,0)),INDEX(data_dumsi,MATCH($D79,data_waterusetypes,0))),"") | K79: =IF('Inputs Whole-Project Water Use'!K79<>"",'Inputs Whole-Project Water Use'!K79,"") | L79: =IF('Inputs Whole-Project Water Use'!L79<>"",'Inputs Whole-Project Water Use'!L79,"") | M79: =IFERROR(IF(logic_units<>"SI Units",INDEX(data_wurip,MATCH($D79,data_waterusetypes,0)),INDEX(data_wursi,MATCH($D79,data_waterusetypes,0))),"") | O79: =IFERROR(IF(OR($F79<>"",$G79<>"",$H79<>"",K79<>""),$C79*$F79*$G79*$H79*K79,""),"") | P79: =IFERROR(IF(OR($F79<>"",$G79<>"",$H79<>"",L79<>""),$C79*$F79*$G79*$H79*L79,""),"") | Q79: =IF(AND(D79<>"",'Inputs Whole-Project Water Use'!Q79=""),0,IF('Inputs Whole-Project Water Use'!Q79<>"",'Inputs Whole-Project Water Use'!Q79,"")) | R79: =IFERROR(IF(P79<>"",(P79-Q79),""),"") | S79: =IFERROR(IF(OR(O79<>"",P79<>""),O79-R79,""),"") | T79: =IFERROR(S79/O79,"") | U79: Click + to left for additional rows
A80: 52 | B80: =(IF('Inputs Whole-Project Water Use'!B80<>"",'Inputs Whole-Project Water Use'!B80,"")) | C80: =IF(AND(D80<>"",'Inputs Whole-Project Water Use'!C80=""),1,IF('Inputs Whole-Project Water Use'!C80<>"",'Inputs Whole-Project Water Use'!C80,"")) | D80: =IF('Inputs Whole-Project Water Use'!D80<>"",'Inputs Whole-Project Water Use'!D80,"") | F80: =IF('Inputs Whole-Project Water Use'!F80<>"",'Inputs Whole-Project Water Use'!F80,"") | G80: =IF('Inputs Whole-Project Water Use'!G80<>"",'Inputs Whole-Project Water Use'!G80,"") | H80: =IF('Inputs Whole-Project Water Use'!H80<>"",'Inputs Whole-Project Water Use'!H80,"") | I80: =IFERROR(IF(logic_units<>"SI Units",INDEX(data_dumip,MATCH($D80,data_waterusetypes,0)),INDEX(data_dumsi,MATCH($D80,data_waterusetypes,0))),"") | K80: =IF('Inputs Whole-Project Water Use'!K80<>"",'Inputs Whole-Project Water Use'!K80,"") | L80: =IF('Inputs Whole-Project Water Use'!L80<>"",'Inputs Whole-Project Water Use'!L80,"") | M80: =IFERROR(IF(logic_units<>"SI Units",INDEX(data_wurip,MATCH($D80,data_waterusetypes,0)),INDEX(data_wursi,MATCH($D80,data_waterusetypes,0))),"") | O80: =IFERROR(IF(OR($F80<>"",$G80<>"",$H80<>"",K80<>""),$C80*$F80*$G80*$H80*K80,""),"") | P80: =IFERROR(IF(OR($F80<>"",$G80<>"",$H80<>"",L80<>""),$C80*$F80*$G80*$H80*L80,""),"") | Q80: =IF(AND(D80<>"",'Inputs Whole-Project Water Use'!Q80=""),0,IF('Inputs Whole-Project Water Use'!Q80<>"",'Inputs Whole-Project Water Use'!Q80,"")) | R80: =IFERROR(IF(P80<>"",(P80-Q80),""),"") | S80: =IFERROR(IF(OR(O80<>"",P80<>""),O80-R80,""),"") | T80: =IFERROR(S80/O80,"")
A81: 53 | B81: =(IF('Inputs Whole-Project Water Use'!B81<>"",'Inputs Whole-Project Water Use'!B81,"")) | C81: =IF(AND(D81<>"",'Inputs Whole-Project Water Use'!C81=""),1,IF('Inputs Whole-Project Water Use'!C81<>"",'Inputs Whole-Project Water Use'!C81,"")) | D81: =IF('Inputs Whole-Project Water Use'!D81<>"",'Inputs Whole-Project Water Use'!D81,"") | F81: =IF('Inputs Whole-Project Water Use'!F81<>"",'Inputs Whole-Project Water Use'!F81,"") | G81: =IF('Inputs Whole-Project Water Use'!G81<>"",'Inputs Whole-Project Water Use'!G81,"") | H81: =IF('Inputs Whole-Project Water Use'!H81<>"",'Inputs Whole-Project Water Use'!H81,"") | I81: =IFERROR(IF(logic_units<>"SI Units",INDEX(data_dumip,MATCH($D81,data_waterusetypes,0)),INDEX(data_dumsi,MATCH($D81,data_waterusetypes,0))),"") | K81: =IF('Inputs Whole-Project Water Use'!K81<>"",'Inputs Whole-Project Water Use'!K81,"") | L81: =IF('Inputs Whole-Project Water Use'!L81<>"",'Inputs Whole-Project Water Use'!L81,"") | M81: =IFERROR(IF(logic_units<>"SI Units",INDEX(data_wurip,MATCH($D81,data_waterusetypes,0)),INDEX(data_wursi,MATCH($D81,data_waterusetypes,0))),"") | O81: =IFERROR(IF(OR($F81<>"",$G81<>"",$H81<>"",K81<>""),$C81*$F81*$G81*$H81*K81,""),"") | P81: =IFERROR(IF(OR($F81<>"",$G81<>"",$H81<>"",L81<>""),$C81*$F81*$G81*$H81*L81,""),"") | Q81: =IF(AND(D81<>"",'Inputs Whole-Project Water Use'!Q81=""),0,IF('Inputs Whole-Project Water Use'!Q81<>"",'Inputs Whole-Project Water Use'!Q81,"")) | R81: =IFERROR(IF(P81<>"",(P81-Q81),""),"") | S81: =IFERROR(IF(OR(O81<>"",P81<>""),O81-R81,""),"") | T81: =IFERROR(S81/O81,"")
A82: 54 | B82: =(IF('Inputs Whole-Project Water Use'!B82<>"",'Inputs Whole-Project Water Use'!B82,"")) | C82: =IF(AND(D82<>"",'Inputs Whole-Project Water Use'!C82=""),1,IF('Inputs Whole-Project Water Use'!C82<>"",'Inputs Whole-Project Water Use'!C82,"")) | D82: =IF('Inputs Whole-Project Water Use'!D82<>"",'Inputs Whole-Project Water Use'!D82,"") | F82: =IF('Inputs Whole-Project Water Use'!F82<>"",'Inputs Whole-Project Water Use'!F82,"") | G82: =IF('Inputs Whole-Project Water Use'!G82<>"",'Inputs Whole-Project Water Use'!G82,"") | H82: =IF('Inputs Whole-Project Water Use'!H82<>"",'Inputs Whole-Project Water Use'!H82,"") | I82: =IFERROR(IF(logic_units<>"SI Units",INDEX(data_dumip,MATCH($D82,data_waterusetypes,0)),INDEX(data_dumsi,MATCH($D82,data_waterusetypes,0))),"") | K82: =IF('Inputs Whole-Project Water Use'!K82<>"",'Inputs Whole-Project Water Use'!K82,"") | L82: =IF('Inputs Whole-Project Water Use'!L82<>"",'Inputs Whole-Project Water Use'!L82,"") | M82: =IFERROR(IF(logic_units<>"SI Units",INDEX(data_wurip,MATCH($D82,data_waterusetypes,0)),INDEX(data_wursi,MATCH($D82,data_waterusetypes,0))),"") | O82: =IFERROR(IF(OR($F82<>"",$G82<>"",$H82<>"",K82<>""),$C82*$F82*$G82*$H82*K82,""),"") | P82: =IFERROR(IF(OR($F82<>"",$G82<>"",$H82<>"",L82<>""),$C82*$F82*$G82*$H82*L82,""),"") | Q82: =IF(AND(D82<>"",'Inputs Whole-Project Water Use'!Q82=""),0,IF('Inputs Whole-Project Water Use'!Q82<>"",'Inputs Whole-Project Water Use'!Q82,"")) | R82: =IFERROR(IF(P82<>"",(P82-Q82),""),"") | S82: =IFERROR(IF(OR(O82<>"",P82<>""),O82-R82,""),"") | T82: =IFERROR(S82/O82,"")
A83: 55 | B83: =(IF('Inputs Whole-Project Water Use'!B83<>"",'Inputs Whole-Project Water Use'!B83,"")) | C83: =IF(AND(D83<>"",'Inputs Whole-Project Water Use'!C83=""),1,IF('Inputs Whole-Project Water Use'!C83<>"",'Inputs Whole-Project Water Use'!C83,"")) | D83: =IF('Inputs Whole-Project Water Use'!D83<>"",'Inputs Whole-Project Water Use'!D83,"") | F83: =IF('Inputs Whole-Project Water Use'!F83<>"",'Inputs Whole-Project Water Use'!F83,"") | G83: =IF('Inputs Whole-Project Water Use'!G83<>"",'Inputs Whole-Project Water Use'!G83,"") | H83: =IF('Inputs Whole-Project Water Use'!H83<>"",'Inputs Whole-Project Water Use'!H83,"") | I83: =IFERROR(IF(logic_units<>"SI Units",INDEX(data_dumip,MATCH($D83,data_waterusetypes,0)),INDEX(data_dumsi,MATCH($D83,data_waterusetypes,0))),"") | K83: =IF('Inputs Whole-Project Water Use'!K83<>"",'Inputs Whole-Project Water Use'!K83,"") | L83: =IF('Inputs Whole-Project Water Use'!L83<>"",'Inputs Whole-Project Water Use'!L83,"") | M83: =IFERROR(IF(logic_units<>"SI Units",INDEX(data_wurip,MATCH($D83,data_waterusetypes,0)),INDEX(data_wursi,MATCH($D83,data_waterusetypes,0))),"") | O83: =IFERROR(IF(OR($F83<>"",$G83<>"",$H83<>"",K83<>""),$C83*$F83*$G83*$H83*K83,""),"") | P83: =IFERROR(IF(OR($F83<>"",$G83<>"",$H83<>"",L83<>""),$C83*$F83*$G83*$H83*L83,""),"") | Q83: =IF(AND(D83<>"",'Inputs Whole-Project Water Use'!Q83=""),0,IF('Inputs Whole-Project Water Use'!Q83<>"",'Inputs Whole-Project Water Use'!Q83,"")) | R83: =IFERROR(IF(P83<>"",(P83-Q83),""),"") | S83: =IFERROR(IF(OR(O83<>"",P83<>""),O83-R83,""),"") | T83: =IFERROR(S83/O83,"")
A84: 56 | B84: =(IF('Inputs Whole-Project Water Use'!B84<>"",'Inputs Whole-Project Water Use'!B84,"")) | C84: =IF(AND(D84<>"",'Inputs Whole-Project Water Use'!C84=""),1,IF('Inputs Whole-Project Water Use'!C84<>"",'Inputs Whole-Project Water Use'!C84,"")) | D84: =IF('Inputs Whole-Project Water Use'!D84<>"",'Inputs Whole-Project Water Use'!D84,"") | F84: =IF('Inputs Whole-Project Water Use'!F84<>"",'Inputs Whole-Project Water Use'!F84,"") | G84: =IF('Inputs Whole-Project Water Use'!G84<>"",'Inputs Whole-Project Water Use'!G84,"") | H84: =IF('Inputs Whole-Project Water Use'!H84<>"",'Inputs Whole-Project Water Use'!H84,"") | I84: =IFERROR(IF(logic_units<>"SI Units",INDEX(data_dumip,MATCH($D84,data_waterusetypes,0)),INDEX(data_dumsi,MATCH($D84,data_waterusetypes,0))),"") | K84: =IF('Inputs Whole-Project Water Use'!K84<>"",'Inputs Whole-Project Water Use'!K84,"") | L84: =IF('Inputs Whole-Project Water Use'!L84<>"",'Inputs Whole-Project Water Use'!L84,"") | M84: =IFERROR(IF(logic_units<>"SI Units",INDEX(data_wurip,MATCH($D84,data_waterusetypes,0)),INDEX(data_wursi,MATCH($D84,data_waterusetypes,0))),"") | O84: =IFERROR(IF(OR($F84<>"",$G84<>"",$H84<>"",K84<>""),$C84*$F84*$G84*$H84*K84,""),"") | P84: =IFERROR(IF(OR($F84<>"",$G84<>"",$H84<>"",L84<>""),$C84*$F84*$G84*$H84*L84,""),"") | Q84: =IF(AND(D84<>"",'Inputs Whole-Project Water Use'!Q84=""),0,IF('Inputs Whole-Project Water Use'!Q84<>"",'Inputs Whole-Project Water Use'!Q84,"")) | R84: =IFERROR(IF(P84<>"",(P84-Q84),""),"") | S84: =IFERROR(IF(OR(O84<>"",P84<>""),O84-R84,""),"") | T84: =IFERROR(S84/O84,"")
A85: 57 | B85: =(IF('Inputs Whole-Project Water Use'!B85<>"",'Inputs Whole-Project Water Use'!B85,"")) | C85: =IF(AND(D85<>"",'Inputs Whole-Project Water Use'!C85=""),1,IF('Inputs Whole-Project Water Use'!C85<>"",'Inputs Whole-Project Water Use'!C85,"")) | D85: =IF('Inputs Whole-Project Water Use'!D85<>"",'Inputs Whole-Project Water Use'!D85,"") | F85: =IF('Inputs Whole-Project Water Use'!F85<>"",'Inputs Whole-Project Water Use'!F85,"") | G85: =IF('Inputs Whole-Project Water Use'!G85<>"",'Inputs Whole-Project Water Use'!G85,"") | H85: =IF('Inputs Whole-Project Water Use'!H85<>"",'Inputs Whole-Project Water Use'!H85,"") | I85: =IFERROR(IF(logic_units<>"SI Units",INDEX(data_dumip,MATCH($D85,data_waterusetypes,0)),INDEX(data_dumsi,MATCH($D85,data_waterusetypes,0))),"") | K85: =IF('Inputs Whole-Project Water Use'!K85<>"",'Inputs Whole-Project Water Use'!K85,"") | L85: =IF('Inputs Whole-Project Water Use'!L85<>"",'Inputs Whole-Project Water Use'!L85,"") | M85: =IFERROR(IF(logic_units<>"SI Units",INDEX(data_wurip,MATCH($D85,data_waterusetypes,0)),INDEX(data_wursi,MATCH($D85,data_waterusetypes,0))),"") | O85: =IFERROR(IF(OR($F85<>"",$G85<>"",$H85<>"",K85<>""),$C85*$F85*$G85*$H85*K85,""),"") | P85: =IFERROR(IF(OR($F85<>"",$G85<>"",$H85<>"",L85<>""),$C85*$F85*$G85*$H85*L85,""),"") | Q85: =IF(AND(D85<>"",'Inputs Whole-Project Water Use'!Q85=""),0,IF('Inputs Whole-Project Water Use'!Q85<>"",'Inputs Whole-Project Water Use'!Q85,"")) | R85: =IFERROR(IF(P85<>"",(P85-Q85),""),"") | S85: =IFERROR(IF(OR(O85<>"",P85<>""),O85-R85,""),"") | T85: =IFERROR(S85/O85,"")
A86: 58 | B86: =(IF('Inputs Whole-Project Water Use'!B86<>"",'Inputs Whole-Project Water Use'!B86,"")) | C86: =IF(AND(D86<>"",'Inputs Whole-Project Water Use'!C86=""),1,IF('Inputs Whole-Project Water Use'!C86<>"",'Inputs Whole-Project Water Use'!C86,"")) | D86: =IF('Inputs Whole-Project Water Use'!D86<>"",'Inputs Whole-Project Water Use'!D86,"") | F86: =IF('Inputs Whole-Project Water Use'!F86<>"",'Inputs Whole-Project Water Use'!F86,"") | G86: =IF('Inputs Whole-Project Water Use'!G86<>"",'Inputs Whole-Project Water Use'!G86,"") | H86: =IF('Inputs Whole-Project Water Use'!H86<>"",'Inputs Whole-Project Water Use'!H86,"") | I86: =IFERROR(IF(logic_units<>"SI Units",INDEX(data_dumip,MATCH($D86,data_waterusetypes,0)),INDEX(data_dumsi,MATCH($D86,data_waterusetypes,0))),"") | K86: =IF('Inputs Whole-Project Water Use'!K86<>"",'Inputs Whole-Project Water Use'!K86,"") | L86: =IF('Inputs Whole-Project Water Use'!L86<>"",'Inputs Whole-Project Water Use'!L86,"") | M86: =IFERROR(IF(logic_units<>"SI Units",INDEX(data_wurip,MATCH($D86,data_waterusetypes,0)),INDEX(data_wursi,MATCH($D86,data_waterusetypes,0))),"") | O86: =IFERROR(IF(OR($F86<>"",$G86<>"",$H86<>"",K86<>""),$C86*$F86*$G86*$H86*K86,""),"") | P86: =IFERROR(IF(OR($F86<>"",$G86<>"",$H86<>"",L86<>""),$C86*$F86*$G86*$H86*L86,""),"") | Q86: =IF(AND(D86<>"",'Inputs Whole-Project Water Use'!Q86=""),0,IF('Inputs Whole-Project Water Use'!Q86<>"",'Inputs Whole-Project Water Use'!Q86,"")) | R86: =IFERROR(IF(P86<>"",(P86-Q86),""),"") | S86: =IFERROR(IF(OR(O86<>"",P86<>""),O86-R86,""),"") | T86: =IFERROR(S86/O86,"")
A87: 59 | B87: =(IF('Inputs Whole-Project Water Use'!B87<>"",'Inputs Whole-Project Water Use'!B87,"")) | C87: =IF(AND(D87<>"",'Inputs Whole-Project Water Use'!C87=""),1,IF('Inputs Whole-Project Water Use'!C87<>"",'Inputs Whole-Project Water Use'!C87,"")) | D87: =IF('Inputs Whole-Project Water Use'!D87<>"",'Inputs Whole-Project Water Use'!D87,"") | F87: =IF('Inputs Whole-Project Water Use'!F87<>"",'Inputs Whole-Project Water Use'!F87,"") | G87: =IF('Inputs Whole-Project Water Use'!G87<>"",'Inputs Whole-Project Water Use'!G87,"") | H87: =IF('Inputs Whole-Project Water Use'!H87<>"",'Inputs Whole-Project Water Use'!H87,"") | I87: =IFERROR(IF(logic_units<>"SI Units",INDEX(data_dumip,MATCH($D87,data_waterusetypes,0)),INDEX(data_dumsi,MATCH($D87,data_waterusetypes,0))),"") | K87: =IF('Inputs Whole-Project Water Use'!K87<>"",'Inputs Whole-Project Water Use'!K87,"") | L87: =IF('Inputs Whole-Project Water Use'!L87<>"",'Inputs Whole-Project Water Use'!L87,"") | M87: =IFERROR(IF(logic_units<>"SI Units",INDEX(data_wurip,MATCH($D87,data_waterusetypes,0)),INDEX(data_wursi,MATCH($D87,data_waterusetypes,0))),"") | O87: =IFERROR(IF(OR($F87<>"",$G87<>"",$H87<>"",K87<>""),$C87*$F87*$G87*$H87*K87,""),"") | P87: =IFERROR(IF(OR($F87<>"",$G87<>"",$H87<>"",L87<>""),$C87*$F87*$G87*$H87*L87,""),"") | Q87: =IF(AND(D87<>"",'Inputs Whole-Project Water Use'!Q87=""),0,IF('Inputs Whole-Project Water Use'!Q87<>"",'Inputs Whole-Project Water Use'!Q87,"")) | R87: =IFERROR(IF(P87<>"",(P87-Q87),""),"") | S87: =IFERROR(IF(OR(O87<>"",P87<>""),O87-R87,""),"") | T87: =IFERROR(S87/O87,"")
A88: 60 | B88: =(IF('Inputs Whole-Project Water Use'!B88<>"",'Inputs Whole-Project Water Use'!B88,"")) | C88: =IF(AND(D88<>"",'Inputs Whole-Project Water Use'!C88=""),1,IF('Inputs Whole-Project Water Use'!C88<>"",'Inputs Whole-Project Water Use'!C88,"")) | D88: =IF('Inputs Whole-Project Water Use'!D88<>"",'Inputs Whole-Project Water Use'!D88,"") | F88: =IF('Inputs Whole-Project Water Use'!F88<>"",'Inputs Whole-Project Water Use'!F88,"") | G88: =IF('Inputs Whole-Project Water Use'!G88<>"",'Inputs Whole-Project Water Use'!G88,"") | H88: =IF('Inputs Whole-Project Water Use'!H88<>"",'Inputs Whole-Project Water Use'!H88,"") | I88: =IFERROR(IF(logic_units<>"SI Units",INDEX(data_dumip,MATCH($D88,data_waterusetypes,0)),INDEX(data_dumsi,MATCH($D88,data_waterusetypes,0))),"") | K88: =IF('Inputs Whole-Project Water Use'!K88<>"",'Inputs Whole-Project Water Use'!K88,"") | L88: =IF('Inputs Whole-Project Water Use'!L88<>"",'Inputs Whole-Project Water Use'!L88,"") | M88: =IFERROR(IF(logic_units<>"SI Units",INDEX(data_wurip,MATCH($D88,data_waterusetypes,0)),INDEX(data_wursi,MATCH($D88,data_waterusetypes,0))),"") | O88: =IFERROR(IF(OR($F88<>"",$G88<>"",$H88<>"",K88<>""),$C88*$F88*$G88*$H88*K88,""),"") | P88: =IFERROR(IF(OR($F88<>"",$G88<>"",$H88<>"",L88<>""),$C88*$F88*$G88*$H88*L88,""),"") | Q88: =IF(AND(D88<>"",'Inputs Whole-Project Water Use'!Q88=""),0,IF('Inputs Whole-Project Water Use'!Q88<>"",'Inputs Whole-Project Water Use'!Q88,"")) | R88: =IFERROR(IF(P88<>"",(P88-Q88),""),"") | S88: =IFERROR(IF(OR(O88<>"",P88<>""),O88-R88,""),"") | T88: =IFERROR(S88/O88,"")
A89: 61 | B89: =(IF('Inputs Whole-Project Water Use'!B89<>"",'Inputs Whole-Project Water Use'!B89,"")) | C89: =IF(AND(D89<>"",'Inputs Whole-Project Water Use'!C89=""),1,IF('Inputs Whole-Project Water Use'!C89<>"",'Inputs Whole-Project Water Use'!C89,"")) | D89: =IF('Inputs Whole-Project Water Use'!D89<>"",'Inputs Whole-Project Water Use'!D89,"") | F89: =IF('Inputs Whole-Project Water Use'!F89<>"",'Inputs Whole-Project Water Use'!F89,"") | G89: =IF('Inputs Whole-Project Water Use'!G89<>"",'Inputs Whole-Project Water Use'!G89,"") | H89: =IF('Inputs Whole-Project Water Use'!H89<>"",'Inputs Whole-Project Water Use'!H89,"") | I89: =IFERROR(IF(logic_units<>"SI Units",INDEX(data_dumip,MATCH($D89,data_waterusetypes,0)),INDEX(data_dumsi,MATCH($D89,data_waterusetypes,0))),"") | K89: =IF('Inputs Whole-Project Water Use'!K89<>"",'Inputs Whole-Project Water Use'!K89,"") | L89: =IF('Inputs Whole-Project Water Use'!L89<>"",'Inputs Whole-Project Water Use'!L89,"") | M89: =IFERROR(IF(logic_units<>"SI Units",INDEX(data_wurip,MATCH($D89,data_waterusetypes,0)),INDEX(data_wursi,MATCH($D89,data_waterusetypes,0))),"") | O89: =IFERROR(IF(OR($F89<>"",$G89<>"",$H89<>"",K89<>""),$C89*$F89*$G89*$H89*K89,""),"") | P89: =IFERROR(IF(OR($F89<>"",$G89<>"",$H89<>"",L89<>""),$C89*$F89*$G89*$H89*L89,""),"") | Q89: =IF(AND(D89<>"",'Inputs Whole-Project Water Use'!Q89=""),0,IF('Inputs Whole-Project Water Use'!Q89<>"",'Inputs Whole-Project Water Use'!Q89,"")) | R89: =IFERROR(IF(P89<>"",(P89-Q89),""),"") | S89: =IFERROR(IF(OR(O89<>"",P89<>""),O89-R89,""),"") | T89: =IFERROR(S89/O89,"")
A90: 62 | B90: =(IF('Inputs Whole-Project Water Use'!B90<>"",'Inputs Whole-Project Water Use'!B90,"")) | C90: =IF(AND(D90<>"",'Inputs Whole-Project Water Use'!C90=""),1,IF('Inputs Whole-Project Water Use'!C90<>"",'Inputs Whole-Project Water Use'!C90,"")) | D90: =IF('Inputs Whole-Project Water Use'!D90<>"",'Inputs Whole-Project Water Use'!D90,"") | F90: =IF('Inputs Whole-Project Water Use'!F90<>"",'Inputs Whole-Project Water Use'!F90,"") | G90: =IF('Inputs Whole-Project Water Use'!G90<>"",'Inputs Whole-Project Water Use'!G90,"") | H90: =IF('Inputs Whole-Project Water Use'!H90<>"",'Inputs Whole-Project Water Use'!H90,"") | I90: =IFERROR(IF(logic_units<>"SI Units",INDEX(data_dumip,MATCH($D90,data_waterusetypes,0)),INDEX(data_dumsi,MATCH($D90,data_waterusetypes,0))),"") | K90: =IF('Inputs Whole-Project Water Use'!K90<>"",'Inputs Whole-Project Water Use'!K90,"") | L90: =IF('Inputs Whole-Project Water Use'!L90<>"",'Inputs Whole-Project Water Use'!L90,"") | M90: =IFERROR(IF(logic_units<>"SI Units",INDEX(data_wurip,MATCH($D90,data_waterusetypes,0)),INDEX(data_wursi,MATCH($D90,data_waterusetypes,0))),"") | O90: =IFERROR(IF(OR($F90<>"",$G90<>"",$H90<>"",K90<>""),$C90*$F90*$G90*$H90*K90,""),"") | P90: =IFERROR(IF(OR($F90<>"",$G90<>"",$H90<>"",L90<>""),$C90*$F90*$G90*$H90*L90,""),"") | Q90: =IF(AND(D90<>"",'Inputs Whole-Project Water Use'!Q90=""),0,IF('Inputs Whole-Project Water Use'!Q90<>"",'Inputs Whole-Project Water Use'!Q90,"")) | R90: =IFERROR(IF(P90<>"",(P90-Q90),""),"") | S90: =IFERROR(IF(OR(O90<>"",P90<>""),O90-R90,""),"") | T90: =IFERROR(S90/O90,"")
A91: 63 | B91: =(IF('Inputs Whole-Project Water Use'!B91<>"",'Inputs Whole-Project Water Use'!B91,"")) | C91: =IF(AND(D91<>"",'Inputs Whole-Project Water Use'!C91=""),1,IF('Inputs Whole-Project Water Use'!C91<>"",'Inputs Whole-Project Water Use'!C91,"")) | D91: =IF('Inputs Whole-Project Water Use'!D91<>"",'Inputs Whole-Project Water Use'!D91,"") | F91: =IF('Inputs Whole-Project Water Use'!F91<>"",'Inputs Whole-Project Water Use'!F91,"") | G91: =IF('Inputs Whole-Project Water Use'!G91<>"",'Inputs Whole-Project Water Use'!G91,"") | H91: =IF('Inputs Whole-Project Water Use'!H91<>"",'Inputs Whole-Project Water Use'!H91,"") | I91: =IFERROR(IF(logic_units<>"SI Units",INDEX(data_dumip,MATCH($D91,data_waterusetypes,0)),INDEX(data_dumsi,MATCH($D91,data_waterusetypes,0))),"") | K91: =IF('Inputs Whole-Project Water Use'!K91<>"",'Inputs Whole-Project Water Use'!K91,"") | L91: =IF('Inputs Whole-Project Water Use'!L91<>"",'Inputs Whole-Project Water Use'!L91,"") | M91: =IFERROR(IF(logic_units<>"SI Units",INDEX(data_wurip,MATCH($D91,data_waterusetypes,0)),INDEX(data_wursi,MATCH($D91,data_waterusetypes,0))),"") | O91: =IFERROR(IF(OR($F91<>"",$G91<>"",$H91<>"",K91<>""),$C91*$F91*$G91*$H91*K91,""),"") | P91: =IFERROR(IF(OR($F91<>"",$G91<>"",$H91<>"",L91<>""),$C91*$F91*$G91*$H91*L91,""),"") | Q91: =IF(AND(D91<>"",'Inputs Whole-Project Water Use'!Q91=""),0,IF('Inputs Whole-Project Water Use'!Q91<>"",'Inputs Whole-Project Water Use'!Q91,"")) | R91: =IFERROR(IF(P91<>"",(P91-Q91),""),"") | S91: =IFERROR(IF(OR(O91<>"",P91<>""),O91-R91,""),"") | T91: =IFERROR(S91/O91,"")
... A98: 70 | B98: =(IF('Inputs Whole-Project Water Use'!B98<>"",'Inputs Whole-Project Water Use'!B98,"")) | C98: =IF(AND(D98<>"",'Inputs Whole-Project Water Use'!C98=""),1,IF('Inputs Whole-Project Water Use'!C98<>"",'Inputs Whole-Project Water Use'!C98,"")) | D98: =IF('Inputs Whole-Project Water Use'!D98<>"",'Inputs Whole-Project Water Use'!D98,"") | F98: =IF('Inputs Whole-Project Water Use'!F98<>"",'Inputs Whole-Project Water Use'!F98,"") | G98: =IF('Inputs Whole-Project Water Use'!G98<>"",'Inputs Whole-Project Water Use'!G98,"") | H98: =IF('Inputs Whole-Project Water Use'!H98<>"",'Inputs Whole-Project Water Use'!H98,"") | I98: =IFERROR(IF(logic_units<>"SI Units",INDEX(data_dumip,MATCH($D98,data_waterusetypes,0)),INDEX(data_dumsi,MATCH($D98,data_waterusetypes,0))),"") | K98: =IF('Inputs Whole-Project Water Use'!K98<>"",'Inputs Whole-Project Water Use'!K98,"") | L98: =IF('Inputs Whole-Project Water Use'!L98<>"",'Inputs Whole-Project Water Use'!L98,"") | M98: =IFERROR(IF(logic_units<>"SI Units",INDEX(data_wurip,MATCH($D98,data_waterusetypes,0)),INDEX(data_wursi,MATCH($D98,data_waterusetypes,0))),"") | O98: =IFERROR(IF(OR($F98<>"",$G98<>"",$H98<>"",K98<>""),$C98*$F98*$G98*$H98*K98,""),"") | P98: =IFERROR(IF(OR($F98<>"",$G98<>"",$H98<>"",L98<>""),$C98*$F98*$G98*$H98*L98,""),"") | Q98: =IF(AND(D98<>"",'Inputs Whole-Project Water Use'!Q98=""),0,IF('Inputs Whole-Project Water Use'!Q98<>"",'Inputs Whole-Project Water Use'!Q98,"")) | R98: =IFERROR(IF(P98<>"",(P98-Q98),""),"") | S98: =IFERROR(IF(OR(O98<>"",P98<>""),O98-R98,""),"") | T98: =IFERROR(S98/O98,"")
A99: 71 | B99: =(IF('Inputs Whole-Project Water Use'!B99<>"",'Inputs Whole-Project Water Use'!B99,"")) | C99: =IF(AND(D99<>"",'Inputs Whole-Project Water Use'!C99=""),1,IF('Inputs Whole-Project Water Use'!C99<>"",'Inputs Whole-Project Water Use'!C99,"")) | D99: =IF('Inputs Whole-Project Water Use'!D99<>"",'Inputs Whole-Project Water Use'!D99,"") | F99: =IF('Inputs Whole-Project Water Use'!F99<>"",'Inputs Whole-Project Water Use'!F99,"") | G99: =IF('Inputs Whole-Project Water Use'!G99<>"",'Inputs Whole-Project Water Use'!G99,"") | H99: =IF('Inputs Whole-Project Water Use'!H99<>"",'Inputs Whole-Project Water Use'!H99,"") | I99: =IFERROR(IF(logic_units<>"SI Units",INDEX(data_dumip,MATCH($D99,data_waterusetypes,0)),INDEX(data_dumsi,MATCH($D99,data_waterusetypes,0))),"") | K99: =IF('Inputs Whole-Project Water Use'!K99<>"",'Inputs Whole-Project Water Use'!K99,"") | L99: =IF('Inputs Whole-Project Water Use'!L99<>"",'Inputs Whole-Project Water Use'!L99,"") | M99: =IFERROR(IF(logic_units<>"SI Units",INDEX(data_wurip,MATCH($D99,data_waterusetypes,0)),INDEX(data_wursi,MATCH($D99,data_waterusetypes,0))),"") | O99: =IFERROR(IF(OR($F99<>"",$G99<>"",$H99<>"",K99<>""),$C99*$F99*$G99*$H99*K99,""),"") | P99: =IFERROR(IF(OR($F99<>"",$G99<>"",$H99<>"",L99<>""),$C99*$F99*$G99*$H99*L99,""),"") | Q99: =IF(AND(D99<>"",'Inputs Whole-Project Water Use'!Q99=""),0,IF('Inputs Whole-Project Water Use'!Q99<>"",'Inputs Whole-Project Water Use'!Q99,"")) | R99: =IFERROR(IF(P99<>"",(P99-Q99),""),"") | S99: =IFERROR(IF(OR(O99<>"",P99<>""),O99-R99,""),"") | T99: =IFERROR(S99/O99,"") | U99: Click + to left for additional rows
A100: 72 | B100: =(IF('Inputs Whole-Project Water Use'!B100<>"",'Inputs Whole-Project Water Use'!B100,"")) | C100: =IF(AND(D100<>"",'Inputs Whole-Project Water Use'!C100=""),1,IF('Inputs Whole-Project Water Use'!C100<>"",'Inputs Whole-Project Water Use'!C100,"")) | D100: =IF('Inputs Whole-Project Water Use'!D100<>"",'Inputs Whole-Project Water Use'!D100,"") | F100: =IF('Inputs Whole-Project Water Use'!F100<>"",'Inputs Whole-Project Water Use'!F100,"") | G100: =IF('Inputs Whole-Project Water Use'!G100<>"",'Inputs Whole-Project Water Use'!G100,"") | H100: =IF('Inputs Whole-Project Water Use'!H100<>"",'Inputs Whole-Project Water Use'!H100,"") | I100: =IFERROR(IF(logic_units<>"SI Units",INDEX(data_dumip,MATCH($D100,data_waterusetypes,0)),INDEX(data_dumsi,MATCH($D100,data_waterusetypes,0))),"") | K100: =IF('Inputs Whole-Project Water Use'!K100<>"",'Inputs Whole-Project Water Use'!K100,"") | L100: =IF('Inputs Whole-Project Water Use'!L100<>"",'Inputs Whole-Project Water Use'!L100,"") | M100: =IFERROR(IF(logic_units<>"SI Units",INDEX(data_wurip,MATCH($D100,data_waterusetypes,0)),INDEX(data_wursi,MATCH($D100,data_waterusetypes,0))),"") | O100: =IFERROR(IF(OR($F100<>"",$G100<>"",$H100<>"",K100<>""),$C100*$F100*$G100*$H100*K100,""),"") | P100: =IFERROR(IF(OR($F100<>"",$G100<>"",$H100<>"",L100<>""),$C100*$F100*$G100*$H100*L100,""),"") | Q100: =IF(AND(D100<>"",'Inputs Whole-Project Water Use'!Q100=""),0,IF('Inputs Whole-Project Water Use'!Q100<>"",'Inputs Whole-Project Water Use'!Q100,"")) | R100: =IFERROR(IF(P100<>"",(P100-Q100),""),"") | S100: =IFERROR(IF(OR(O100<>"",P100<>""),O100-R100,""),"") | T100: =IFERROR(S100/O100,"")
A101: 73 | B101: =(IF('Inputs Whole-Project Water Use'!B101<>"",'Inputs Whole-Project Water Use'!B101,"")) | C101: =IF(AND(D101<>"",'Inputs Whole-Project Water Use'!C101=""),1,IF('Inputs Whole-Project Water Use'!C101<>"",'Inputs Whole-Project Water Use'!C101,"")) | D101: =IF('Inputs Whole-Project Water Use'!D101<>"",'Inputs Whole-Project Water Use'!D101,"") | F101: =IF('Inputs Whole-Project Water Use'!F101<>"",'Inputs Whole-Project Water Use'!F101,"") | G101: =IF('Inputs Whole-Project Water Use'!G101<>"",'Inputs Whole-Project Water Use'!G101,"") | H101: =IF('Inputs Whole-Project Water Use'!H101<>"",'Inputs Whole-Project Water Use'!H101,"") | I101: =IFERROR(IF(logic_units<>"SI Units",INDEX(data_dumip,MATCH($D101,data_waterusetypes,0)),INDEX(data_dumsi,MATCH($D101,data_waterusetypes,0))),"") | K101: =IF('Inputs Whole-Project Water Use'!K101<>"",'Inputs Whole-Project Water Use'!K101,"") | L101: =IF('Inputs Whole-Project Water Use'!L101<>"",'Inputs Whole-Project Water Use'!L101,"") | M101: =IFERROR(IF(logic_units<>"SI Units",INDEX(data_wurip,MATCH($D101,data_waterusetypes,0)),INDEX(data_wursi,MATCH($D101,data_waterusetypes,0))),"") | O101: =IFERROR(IF(OR($F101<>"",$G101<>"",$H101<>"",K101<>""),$C101*$F101*$G101*$H101*K101,""),"") | P101: =IFERROR(IF(OR($F101<>"",$G101<>"",$H101<>"",L101<>""),$C101*$F101*$G101*$H101*L101,""),"") | Q101: =IF(AND(D101<>"",'Inputs Whole-Project Water Use'!Q101=""),0,IF('Inputs Whole-Project Water Use'!Q101<>"",'Inputs Whole-Project Water Use'!Q101,"")) | R101: =IFERROR(IF(P101<>"",(P101-Q101),""),"") | S101: =IFERROR(IF(OR(O101<>"",P101<>""),O101-R101,""),"") | T101: =IFERROR(S101/O101,"")
A102: 74 | B102: =(IF('Inputs Whole-Project Water Use'!B102<>"",'Inputs Whole-Project Water Use'!B102,"")) | C102: =IF(AND(D102<>"",'Inputs Whole-Project Water Use'!C102=""),1,IF('Inputs Whole-Project Water Use'!C102<>"",'Inputs Whole-Project Water Use'!C102,"")) | D102: =IF('Inputs Whole-Project Water Use'!D102<>"",'Inputs Whole-Project Water Use'!D102,"") | F102: =IF('Inputs Whole-Project Water Use'!F102<>"",'Inputs Whole-Project Water Use'!F102,"") | G102: =IF('Inputs Whole-Project Water Use'!G102<>"",'Inputs Whole-Project Water Use'!G102,"") | H102: =IF('Inputs Whole-Project Water Use'!H102<>"",'Inputs Whole-Project Water Use'!H102,"") | I102: =IFERROR(IF(logic_units<>"SI Units",INDEX(data_dumip,MATCH($D102,data_waterusetypes,0)),INDEX(data_dumsi,MATCH($D102,data_waterusetypes,0))),"") | K102: =IF('Inputs Whole-Project Water Use'!K102<>"",'Inputs Whole-Project Water Use'!K102,"") | L102: =IF('Inputs Whole-Project Water Use'!L102<>"",'Inputs Whole-Project Water Use'!L102,"") | M102: =IFERROR(IF(logic_units<>"SI Units",INDEX(data_wurip,MATCH($D102,data_waterusetypes,0)),INDEX(data_wursi,MATCH($D102,data_waterusetypes,0))),"") | O102: =IFERROR(IF(OR($F102<>"",$G102<>"",$H102<>"",K102<>""),$C102*$F102*$G102*$H102*K102,""),"") | P102: =IFERROR(IF(OR($F102<>"",$G102<>"",$H102<>"",L102<>""),$C102*$F102*$G102*$H102*L102,""),"") | Q102: =IF(AND(D102<>"",'Inputs Whole-Project Water Use'!Q102=""),0,IF('Inputs Whole-Project Water Use'!Q102<>"",'Inputs Whole-Project Water Use'!Q102,"")) | R102: =IFERROR(IF(P102<>"",(P102-Q102),""),"") | S102: =IFERROR(IF(OR(O102<>"",P102<>""),O102-R102,""),"") | T102: =IFERROR(S102/O102,"")
A103: 75 | B103: =(IF('Inputs Whole-Project Water Use'!B103<>"",'Inputs Whole-Project Water Use'!B103,"")) | C103: =IF(AND(D103<>"",'Inputs Whole-Project Water Use'!C103=""),1,IF('Inputs Whole-Project Water Use'!C103<>"",'Inputs Whole-Project Water Use'!C103,"")) | D103: =IF('Inputs Whole-Project Water Use'!D103<>"",'Inputs Whole-Project Water Use'!D103,"") | F103: =IF('Inputs Whole-Project Water Use'!F103<>"",'Inputs Whole-Project Water Use'!F103,"") | G103: =IF('Inputs Whole-Project Water Use'!G103<>"",'Inputs Whole-Project Water Use'!G103,"") | H103: =IF('Inputs Whole-Project Water Use'!H103<>"",'Inputs Whole-Project Water Use'!H103,"") | I103: =IFERROR(IF(logic_units<>"SI Units",INDEX(data_dumip,MATCH($D103,data_waterusetypes,0)),INDEX(data_dumsi,MATCH($D103,data_waterusetypes,0))),"") | K103: =IF('Inputs Whole-Project Water Use'!K103<>"",'Inputs Whole-Project Water Use'!K103,"") | L103: =IF('Inputs Whole-Project Water Use'!L103<>"",'Inputs Whole-Project Water Use'!L103,"") | M103: =IFERROR(IF(logic_units<>"SI Units",INDEX(data_wurip,MATCH($D103,data_waterusetypes,0)),INDEX(data_wursi,MATCH($D103,data_waterusetypes,0))),"") | O103: =IFERROR(IF(OR($F103<>"",$G103<>"",$H103<>"",K103<>""),$C103*$F103*$G103*$H103*K103,""),"") | P103: =IFERROR(IF(OR($F103<>"",$G103<>"",$H103<>"",L103<>""),$C103*$F103*$G103*$H103*L103,""),"") | Q103: =IF(AND(D103<>"",'Inputs Whole-Project Water Use'!Q103=""),0,IF('Inputs Whole-Project Water Use'!Q103<>"",'Inputs Whole-Project Water Use'!Q103,"")) | R103: =IFERROR(IF(P103<>"",(P103-Q103),""),"") | S103: =IFERROR(IF(OR(O103<>"",P103<>""),O103-R103,""),"") | T103: =IFERROR(S103/O103,"")
A104: 76 | B104: =(IF('Inputs Whole-Project Water Use'!B104<>"",'Inputs Whole-Project Water Use'!B104,"")) | C104: =IF(AND(D104<>"",'Inputs Whole-Project Water Use'!C104=""),1,IF('Inputs Whole-Project Water Use'!C104<>"",'Inputs Whole-Project Water Use'!C104,"")) | D104: =IF('Inputs Whole-Project Water Use'!D104<>"",'Inputs Whole-Project Water Use'!D104,"") | F104: =IF('Inputs Whole-Project Water Use'!F104<>"",'Inputs Whole-Project Water Use'!F104,"") | G104: =IF('Inputs Whole-Project Water Use'!G104<>"",'Inputs Whole-Project Water Use'!G104,"") | H104: =IF('Inputs Whole-Project Water Use'!H104<>"",'Inputs Whole-Project Water Use'!H104,"") | I104: =IFERROR(IF(logic_units<>"SI Units",INDEX(data_dumip,MATCH($D104,data_waterusetypes,0)),INDEX(data_dumsi,MATCH($D104,data_waterusetypes,0))),"") | K104: =IF('Inputs Whole-Project Water Use'!K104<>"",'Inputs Whole-Project Water Use'!K104,"") | L104: =IF('Inputs Whole-Project Water Use'!L104<>"",'Inputs Whole-Project Water Use'!L104,"") | M104: =IFERROR(IF(logic_units<>"SI Units",INDEX(data_wurip,MATCH($D104,data_waterusetypes,0)),INDEX(data_wursi,MATCH($D104,data_waterusetypes,0))),"") | O104: =IFERROR(IF(OR($F104<>"",$G104<>"",$H104<>"",K104<>""),$C104*$F104*$G104*$H104*K104,""),"") | P104: =IFERROR(IF(OR($F104<>"",$G104<>"",$H104<>"",L104<>""),$C104*$F104*$G104*$H104*L104,""),"") | Q104: =IF(AND(D104<>"",'Inputs Whole-Project Water Use'!Q104=""),0,IF('Inputs Whole-Project Water Use'!Q104<>"",'Inputs Whole-Project Water Use'!Q104,"")) | R104: =IFERROR(IF(P104<>"",(P104-Q104),""),"") | S104: =IFERROR(IF(OR(O104<>"",P104<>""),O104-R104,""),"") | T104: =IFERROR(S104/O104,"")
A105: 77 | B105: =(IF('Inputs Whole-Project Water Use'!B105<>"",'Inputs Whole-Project Water Use'!B105,"")) | C105: =IF(AND(D105<>"",'Inputs Whole-Project Water Use'!C105=""),1,IF('Inputs Whole-Project Water Use'!C105<>"",'Inputs Whole-Project Water Use'!C105,"")) | D105: =IF('Inputs Whole-Project Water Use'!D105<>"",'Inputs Whole-Project Water Use'!D105,"") | F105: =IF('Inputs Whole-Project Water Use'!F105<>"",'Inputs Whole-Project Water Use'!F105,"") | G105: =IF('Inputs Whole-Project Water Use'!G105<>"",'Inputs Whole-Project Water Use'!G105,"") | H105: =IF('Inputs Whole-Project Water Use'!H105<>"",'Inputs Whole-Project Water Use'!H105,"") | I105: =IFERROR(IF(logic_units<>"SI Units",INDEX(data_dumip,MATCH($D105,data_waterusetypes,0)),INDEX(data_dumsi,MATCH($D105,data_waterusetypes,0))),"") | K105: =IF('Inputs Whole-Project Water Use'!K105<>"",'Inputs Whole-Project Water Use'!K105,"") | L105: =IF('Inputs Whole-Project Water Use'!L105<>"",'Inputs Whole-Project Water Use'!L105,"") | M105: =IFERROR(IF(logic_units<>"SI Units",INDEX(data_wurip,MATCH($D105,data_waterusetypes,0)),INDEX(data_wursi,MATCH($D105,data_waterusetypes,0))),"") | O105: =IFERROR(IF(OR($F105<>"",$G105<>"",$H105<>"",K105<>""),$C105*$F105*$G105*$H105*K105,""),"") | P105: =IFERROR(IF(OR($F105<>"",$G105<>"",$H105<>"",L105<>""),$C105*$F105*$G105*$H105*L105,""),"") | Q105: =IF(AND(D105<>"",'Inputs Whole-Project Water Use'!Q105=""),0,IF('Inputs Whole-Project Water Use'!Q105<>"",'Inputs Whole-Project Water Use'!Q105,"")) | R105: =IFERROR(IF(P105<>"",(P105-Q105),""),"") | S105: =IFERROR(IF(OR(O105<>"",P105<>""),O105-R105,""),"") | T105: =IFERROR(S105/O105,"")
A106: 78 | B106: =(IF('Inputs Whole-Project Water Use'!B106<>"",'Inputs Whole-Project Water Use'!B106,"")) | C106: =IF(AND(D106<>"",'Inputs Whole-Project Water Use'!C106=""),1,IF('Inputs Whole-Project Water Use'!C106<>"",'Inputs Whole-Project Water Use'!C106,"")) | D106: =IF('Inputs Whole-Project Water Use'!D106<>"",'Inputs Whole-Project Water Use'!D106,"") | F106: =IF('Inputs Whole-Project Water Use'!F106<>"",'Inputs Whole-Project Water Use'!F106,"") | G106: =IF('Inputs Whole-Project Water Use'!G106<>"",'Inputs Whole-Project Water Use'!G106,"") | H106: =IF('Inputs Whole-Project Water Use'!H106<>"",'Inputs Whole-Project Water Use'!H106,"") | I106: =IFERROR(IF(logic_units<>"SI Units",INDEX(data_dumip,MATCH($D106,data_waterusetypes,0)),INDEX(data_dumsi,MATCH($D106,data_waterusetypes,0))),"") | K106: =IF('Inputs Whole-Project Water Use'!K106<>"",'Inputs Whole-Project Water Use'!K106,"") | L106: =IF('Inputs Whole-Project Water Use'!L106<>"",'Inputs Whole-Project Water Use'!L106,"") | M106: =IFERROR(IF(logic_units<>"SI Units",INDEX(data_wurip,MATCH($D106,data_waterusetypes,0)),INDEX(data_wursi,MATCH($D106,data_waterusetypes,0))),"") | O106: =IFERROR(IF(OR($F106<>"",$G106<>"",$H106<>"",K106<>""),$C106*$F106*$G106*$H106*K106,""),"") | P106: =IFERROR(IF(OR($F106<>"",$G106<>"",$H106<>"",L106<>""),$C106*$F106*$G106*$H106*L106,""),"") | Q106: =IF(AND(D106<>"",'Inputs Whole-Project Water Use'!Q106=""),0,IF('Inputs Whole-Project Water Use'!Q106<>"",'Inputs Whole-Project Water Use'!Q106,"")) | R106: =IFERROR(IF(P106<>"",(P106-Q106),""),"") | S106: =IFERROR(IF(OR(O106<>"",P106<>""),O106-R106,""),"") | T106: =IFERROR(S106/O106,"")
A107: 79 | B107: =(IF('Inputs Whole-Project Water Use'!B107<>"",'Inputs Whole-Project Water Use'!B107,"")) | C107: =IF(AND(D107<>"",'Inputs Whole-Project Water Use'!C107=""),1,IF('Inputs Whole-Project Water Use'!C107<>"",'Inputs Whole-Project Water Use'!C107,"")) | D107: =IF('Inputs Whole-Project Water Use'!D107<>"",'Inputs Whole-Project Water Use'!D107,"") | F107: =IF('Inputs Whole-Project Water Use'!F107<>"",'Inputs Whole-Project Water Use'!F107,"") | G107: =IF('Inputs Whole-Project Water Use'!G107<>"",'Inputs Whole-Project Water Use'!G107,"") | H107: =IF('Inputs Whole-Project Water Use'!H107<>"",'Inputs Whole-Project Water Use'!H107,"") | I107: =IFERROR(IF(logic_units<>"SI Units",INDEX(data_dumip,MATCH($D107,data_waterusetypes,0)),INDEX(data_dumsi,MATCH($D107,data_waterusetypes,0))),"") | K107: =IF('Inputs Whole-Project Water Use'!K107<>"",'Inputs Whole-Project Water Use'!K107,"") | L107: =IF('Inputs Whole-Project Water Use'!L107<>"",'Inputs Whole-Project Water Use'!L107,"") | M107: =IFERROR(IF(logic_units<>"SI Units",INDEX(data_wurip,MATCH($D107,data_waterusetypes,0)),INDEX(data_wursi,MATCH($D107,data_waterusetypes,0))),"") | O107: =IFERROR(IF(OR($F107<>"",$G107<>"",$H107<>"",K107<>""),$C107*$F107*$G107*$H107*K107,""),"") | P107: =IFERROR(IF(OR($F107<>"",$G107<>"",$H107<>"",L107<>""),$C107*$F107*$G107*$H107*L107,""),"") | Q107: =IF(AND(D107<>"",'Inputs Whole-Project Water Use'!Q107=""),0,IF('Inputs Whole-Project Water Use'!Q107<>"",'Inputs Whole-Project Water Use'!Q107,"")) | R107: =IFERROR(IF(P107<>"",(P107-Q107),""),"") | S107: =IFERROR(IF(OR(O107<>"",P107<>""),O107-R107,""),"") | T107: =IFERROR(S107/O107,"")
A108: 80 | B108: =(IF('Inputs Whole-Project Water Use'!B108<>"",'Inputs Whole-Project Water Use'!B108,"")) | C108: =IF(AND(D108<>"",'Inputs Whole-Project Water Use'!C108=""),1,IF('Inputs Whole-Project Water Use'!C108<>"",'Inputs Whole-Project Water Use'!C108,"")) | D108: =IF('Inputs Whole-Project Water Use'!D108<>"",'Inputs Whole-Project Water Use'!D108,"") | F108: =IF('Inputs Whole-Project Water Use'!F108<>"",'Inputs Whole-Project Water Use'!F108,"") | G108: =IF('Inputs Whole-Project Water Use'!G108<>"",'Inputs Whole-Project Water Use'!G108,"") | H108: =IF('Inputs Whole-Project Water Use'!H108<>"",'Inputs Whole-Project Water Use'!H108,"") | I108: =IFERROR(IF(logic_units<>"SI Units",INDEX(data_dumip,MATCH($D108,data_waterusetypes,0)),INDEX(data_dumsi,MATCH($D108,data_waterusetypes,0))),"") | K108: =IF('Inputs Whole-Project Water Use'!K108<>"",'Inputs Whole-Project Water Use'!K108,"") | L108: =IF('Inputs Whole-Project Water Use'!L108<>"",'Inputs Whole-Project Water Use'!L108,"") | M108: =IFERROR(IF(logic_units<>"SI Units",INDEX(data_wurip,MATCH($D108,data_waterusetypes,0)),INDEX(data_wursi,MATCH($D108,data_waterusetypes,0))),"") | O108: =IFERROR(IF(OR($F108<>"",$G108<>"",$H108<>"",K108<>""),$C108*$F108*$G108*$H108*K108,""),"") | P108: =IFERROR(IF(OR($F108<>"",$G108<>"",$H108<>"",L108<>""),$C108*$F108*$G108*$H108*L108,""),"") | Q108: =IF(AND(D108<>"",'Inputs Whole-Project Water Use'!Q108=""),0,IF('Inputs Whole-Project Water Use'!Q108<>"",'Inputs Whole-Project Water Use'!Q108,"")) | R108: =IFERROR(IF(P108<>"",(P108-Q108),""),"") | S108: =IFERROR(IF(OR(O108<>"",P108<>""),O108-R108,""),"") | T108: =IFERROR(S108/O108,"")
A109: 81 | B109: =(IF('Inputs Whole-Project Water Use'!B109<>"",'Inputs Whole-Project Water Use'!B109,"")) | C109: =IF(AND(D109<>"",'Inputs Whole-Project Water Use'!C109=""),1,IF('Inputs Whole-Project Water Use'!C109<>"",'Inputs Whole-Project Water Use'!C109,"")) | D109: =IF('Inputs Whole-Project Water Use'!D109<>"",'Inputs Whole-Project Water Use'!D109,"") | F109: =IF('Inputs Whole-Project Water Use'!F109<>"",'Inputs Whole-Project Water Use'!F109,"") | G109: =IF('Inputs Whole-Project Water Use'!G109<>"",'Inputs Whole-Project Water Use'!G109,"") | H109: =IF('Inputs Whole-Project Water Use'!H109<>"",'Inputs Whole-Project Water Use'!H109,"") | I109: =IFERROR(IF(logic_units<>"SI Units",INDEX(data_dumip,MATCH($D109,data_waterusetypes,0)),INDEX(data_dumsi,MATCH($D109,data_waterusetypes,0))),"") | K109: =IF('Inputs Whole-Project Water Use'!K109<>"",'Inputs Whole-Project Water Use'!K109,"") | L109: =IF('Inputs Whole-Project Water Use'!L109<>"",'Inputs Whole-Project Water Use'!L109,"") | M109: =IFERROR(IF(logic_units<>"SI Units",INDEX(data_wurip,MATCH($D109,data_waterusetypes,0)),INDEX(data_wursi,MATCH($D109,data_waterusetypes,0))),"") | O109: =IFERROR(IF(OR($F109<>"",$G109<>"",$H109<>"",K109<>""),$C109*$F109*$G109*$H109*K109,""),"") | P109: =IFERROR(IF(OR($F109<>"",$G109<>"",$H109<>"",L109<>""),$C109*$F109*$G109*$H109*L109,""),"") | Q109: =IF(AND(D109<>"",'Inputs Whole-Project Water Use'!Q109=""),0,IF('Inputs Whole-Project Water Use'!Q109<>"",'Inputs Whole-Project Water Use'!Q109,"")) | R109: =IFERROR(IF(P109<>"",(P109-Q109),""),"") | S109: =IFERROR(IF(OR(O109<>"",P109<>""),O109-R109,""),"") | T109: =IFERROR(S109/O109,"")
A110: 82 | B110: =(IF('Inputs Whole-Project Water Use'!B110<>"",'Inputs Whole-Project Water Use'!B110,"")) | C110: =IF(AND(D110<>"",'Inputs Whole-Project Water Use'!C110=""),1,IF('Inputs Whole-Project Water Use'!C110<>"",'Inputs Whole-Project Water Use'!C110,"")) | D110: =IF('Inputs Whole-Project Water Use'!D110<>"",'Inputs Whole-Project Water Use'!D110,"") | F110: =IF('Inputs Whole-Project Water Use'!F110<>"",'Inputs Whole-Project Water Use'!F110,"") | G110: =IF('Inputs Whole-Project Water Use'!G110<>"",'Inputs Whole-Project Water Use'!G110,"") | H110: =IF('Inputs Whole-Project Water Use'!H110<>"",'Inputs Whole-Project Water Use'!H110,"") | I110: =IFERROR(IF(logic_units<>"SI Units",INDEX(data_dumip,MATCH($D110,data_waterusetypes,0)),INDEX(data_dumsi,MATCH($D110,data_waterusetypes,0))),"") | K110: =IF('Inputs Whole-Project Water Use'!K110<>"",'Inputs Whole-Project Water Use'!K110,"") | L110: =IF('Inputs Whole-Project Water Use'!L110<>"",'Inputs Whole-Project Water Use'!L110,"") | M110: =IFERROR(IF(logic_units<>"SI Units",INDEX(data_wurip,MATCH($D110,data_waterusetypes,0)),INDEX(data_wursi,MATCH($D110,data_waterusetypes,0))),"") | O110: =IFERROR(IF(OR($F110<>"",$G110<>"",$H110<>"",K110<>""),$C110*$F110*$G110*$H110*K110,""),"") | P110: =IFERROR(IF(OR($F110<>"",$G110<>"",$H110<>"",L110<>""),$C110*$F110*$G110*$H110*L110,""),"") | Q110: =IF(AND(D110<>"",'Inputs Whole-Project Water Use'!Q110=""),0,IF('Inputs Whole-Project Water Use'!Q110<>"",'Inputs Whole-Project Water Use'!Q110,"")) | R110: =IFERROR(IF(P110<>"",(P110-Q110),""),"") | S110: =IFERROR(IF(OR(O110<>"",P110<>""),O110-R110,""),"") | T110: =IFERROR(S110/O110,"")
A111: 83 | B111: =(IF('Inputs Whole-Project Water Use'!B111<>"",'Inputs Whole-Project Water Use'!B111,"")) | C111: =IF(AND(D111<>"",'Inputs Whole-Project Water Use'!C111=""),1,IF('Inputs Whole-Project Water Use'!C111<>"",'Inputs Whole-Project Water Use'!C111,"")) | D111: =IF('Inputs Whole-Project Water Use'!D111<>"",'Inputs Whole-Project Water Use'!D111,"") | F111: =IF('Inputs Whole-Project Water Use'!F111<>"",'Inputs Whole-Project Water Use'!F111,"") | G111: =IF('Inputs Whole-Project Water Use'!G111<>"",'Inputs Whole-Project Water Use'!G111,"") | H111: =IF('Inputs Whole-Project Water Use'!H111<>"",'Inputs Whole-Project Water Use'!H111,"") | I111: =IFERROR(IF(logic_units<>"SI Units",INDEX(data_dumip,MATCH($D111,data_waterusetypes,0)),INDEX(data_dumsi,MATCH($D111,data_waterusetypes,0))),"") | K111: =IF('Inputs Whole-Project Water Use'!K111<>"",'Inputs Whole-Project Water Use'!K111,"") | L111: =IF('Inputs Whole-Project Water Use'!L111<>"",'Inputs Whole-Project Water Use'!L111,"") | M111: =IFERROR(IF(logic_units<>"SI Units",INDEX(data_wurip,MATCH($D111,data_waterusetypes,0)),INDEX(data_wursi,MATCH($D111,data_waterusetypes,0))),"") | O111: =IFERROR(IF(OR($F111<>"",$G111<>"",$H111<>"",K111<>""),$C111*$F111*$G111*$H111*K111,""),"") | P111: =IFERROR(IF(OR($F111<>"",$G111<>"",$H111<>"",L111<>""),$C111*$F111*$G111*$H111*L111,""),"") | Q111: =IF(AND(D111<>"",'Inputs Whole-Project Water Use'!Q111=""),0,IF('Inputs Whole-Project Water Use'!Q111<>"",'Inputs Whole-Project Water Use'!Q111,"")) | R111: =IFERROR(IF(P111<>"",(P111-Q111),""),"") | S111: =IFERROR(IF(OR(O111<>"",P111<>""),O111-R111,""),"") | T111: =IFERROR(S111/O111,"")
... A118: 90 | B118: =(IF('Inputs Whole-Project Water Use'!B118<>"",'Inputs Whole-Project Water Use'!B118,"")) | C118: =IF(AND(D118<>"",'Inputs Whole-Project Water Use'!C118=""),1,IF('Inputs Whole-Project Water Use'!C118<>"",'Inputs Whole-Project Water Use'!C118,"")) | D118: =IF('Inputs Whole-Project Water Use'!D118<>"",'Inputs Whole-Project Water Use'!D118,"") | F118: =IF('Inputs Whole-Project Water Use'!F118<>"",'Inputs Whole-Project Water Use'!F118,"") | G118: =IF('Inputs Whole-Project Water Use'!G118<>"",'Inputs Whole-Project Water Use'!G118,"") | H118: =IF('Inputs Whole-Project Water Use'!H118<>"",'Inputs Whole-Project Water Use'!H118,"") | I118: =IFERROR(IF(logic_units<>"SI Units",INDEX(data_dumip,MATCH($D118,data_waterusetypes,0)),INDEX(data_dumsi,MATCH($D118,data_waterusetypes,0))),"") | K118: =IF('Inputs Whole-Project Water Use'!K118<>"",'Inputs Whole-Project Water Use'!K118,"") | L118: =IF('Inputs Whole-Project Water Use'!L118<>"",'Inputs Whole-Project Water Use'!L118,"") | M118: =IFERROR(IF(logic_units<>"SI Units",INDEX(data_wurip,MATCH($D118,data_waterusetypes,0)),INDEX(data_wursi,MATCH($D118,data_waterusetypes,0))),"") | O118: =IFERROR(IF(OR($F118<>"",$G118<>"",$H118<>"",K118<>""),$C118*$F118*$G118*$H118*K118,""),"") | P118: =IFERROR(IF(OR($F118<>"",$G118<>"",$H118<>"",L118<>""),$C118*$F118*$G118*$H118*L118,""),"") | Q118: =IF(AND(D118<>"",'Inputs Whole-Project Water Use'!Q118=""),0,IF('Inputs Whole-Project Water Use'!Q118<>"",'Inputs Whole-Project Water Use'!Q118,"")) | R118: =IFERROR(IF(P118<>"",(P118-Q118),""),"") | S118: =IFERROR(IF(OR(O118<>"",P118<>""),O118-R118,""),"") | T118: =IFERROR(S118/O118,"")
A119: 91 | B119: =(IF('Inputs Whole-Project Water Use'!B119<>"",'Inputs Whole-Project Water Use'!B119,"")) | C119: =IF(AND(D119<>"",'Inputs Whole-Project Water Use'!C119=""),1,IF('Inputs Whole-Project Water Use'!C119<>"",'Inputs Whole-Project Water Use'!C119,"")) | D119: =IF('Inputs Whole-Project Water Use'!D119<>"",'Inputs Whole-Project Water Use'!D119,"") | F119: =IF('Inputs Whole-Project Water Use'!F119<>"",'Inputs Whole-Project Water Use'!F119,"") | G119: =IF('Inputs Whole-Project Water Use'!G119<>"",'Inputs Whole-Project Water Use'!G119,"") | H119: =IF('Inputs Whole-Project Water Use'!H119<>"",'Inputs Whole-Project Water Use'!H119,"") | I119: =IFERROR(IF(logic_units<>"SI Units",INDEX(data_dumip,MATCH($D119,data_waterusetypes,0)),INDEX(data_dumsi,MATCH($D119,data_waterusetypes,0))),"") | K119: =IF('Inputs Whole-Project Water Use'!K119<>"",'Inputs Whole-Project Water Use'!K119,"") | L119: =IF('Inputs Whole-Project Water Use'!L119<>"",'Inputs Whole-Project Water Use'!L119,"") | M119: =IFERROR(IF(logic_units<>"SI Units",INDEX(data_wurip,MATCH($D119,data_waterusetypes,0)),INDEX(data_wursi,MATCH($D119,data_waterusetypes,0))),"") | O119: =IFERROR(IF(OR($F119<>"",$G119<>"",$H119<>"",K119<>""),$C119*$F119*$G119*$H119*K119,""),"") | P119: =IFERROR(IF(OR($F119<>"",$G119<>"",$H119<>"",L119<>""),$C119*$F119*$G119*$H119*L119,""),"") | Q119: =IF(AND(D119<>"",'Inputs Whole-Project Water Use'!Q119=""),0,IF('Inputs Whole-Project Water Use'!Q119<>"",'Inputs Whole-Project Water Use'!Q119,"")) | R119: =IFERROR(IF(P119<>"",(P119-Q119),""),"") | S119: =IFERROR(IF(OR(O119<>"",P119<>""),O119-R119,""),"") | T119: =IFERROR(S119/O119,"") | U119: Click + to left for additional rows
A120: 92 | B120: =(IF('Inputs Whole-Project Water Use'!B120<>"",'Inputs Whole-Project Water Use'!B120,"")) | C120: =IF(AND(D120<>"",'Inputs Whole-Project Water Use'!C120=""),1,IF('Inputs Whole-Project Water Use'!C120<>"",'Inputs Whole-Project Water Use'!C120,"")) | D120: =IF('Inputs Whole-Project Water Use'!D120<>"",'Inputs Whole-Project Water Use'!D120,"") | F120: =IF('Inputs Whole-Project Water Use'!F120<>"",'Inputs Whole-Project Water Use'!F120,"") | G120: =IF('Inputs Whole-Project Water Use'!G120<>"",'Inputs Whole-Project Water Use'!G120,"") | H120: =IF('Inputs Whole-Project Water Use'!H120<>"",'Inputs Whole-Project Water Use'!H120,"") | I120: =IFERROR(IF(logic_units<>"SI Units",INDEX(data_dumip,MATCH($D120,data_waterusetypes,0)),INDEX(data_dumsi,MATCH($D120,data_waterusetypes,0))),"") | K120: =IF('Inputs Whole-Project Water Use'!K120<>"",'Inputs Whole-Project Water Use'!K120,"") | L120: =IF('Inputs Whole-Project Water Use'!L120<>"",'Inputs Whole-Project Water Use'!L120,"") | M120: =IFERROR(IF(logic_units<>"SI Units",INDEX(data_wurip,MATCH($D120,data_waterusetypes,0)),INDEX(data_wursi,MATCH($D120,data_waterusetypes,0))),"") | O120: =IFERROR(IF(OR($F120<>"",$G120<>"",$H120<>"",K120<>""),$C120*$F120*$G120*$H120*K120,""),"") | P120: =IFERROR(IF(OR($F120<>"",$G120<>"",$H120<>"",L120<>""),$C120*$F120*$G120*$H120*L120,""),"") | Q120: =IF(AND(D120<>"",'Inputs Whole-Project Water Use'!Q120=""),0,IF('Inputs Whole-Project Water Use'!Q120<>"",'Inputs Whole-Project Water Use'!Q120,"")) | R120: =IFERROR(IF(P120<>"",(P120-Q120),""),"") | S120: =IFERROR(IF(OR(O120<>"",P120<>""),O120-R120,""),"") | T120: =IFERROR(S120/O120,"")
A121: 93 | B121: =(IF('Inputs Whole-Project Water Use'!B121<>"",'Inputs Whole-Project Water Use'!B121,"")) | C121: =IF(AND(D121<>"",'Inputs Whole-Project Water Use'!C121=""),1,IF('Inputs Whole-Project Water Use'!C121<>"",'Inputs Whole-Project Water Use'!C121,"")) | D121: =IF('Inputs Whole-Project Water Use'!D121<>"",'Inputs Whole-Project Water Use'!D121,"") | F121: =IF('Inputs Whole-Project Water Use'!F121<>"",'Inputs Whole-Project Water Use'!F121,"") | G121: =IF('Inputs Whole-Project Water Use'!G121<>"",'Inputs Whole-Project Water Use'!G121,"") | H121: =IF('Inputs Whole-Project Water Use'!H121<>"",'Inputs Whole-Project Water Use'!H121,"") | I121: =IFERROR(IF(logic_units<>"SI Units",INDEX(data_dumip,MATCH($D121,data_waterusetypes,0)),INDEX(data_dumsi,MATCH($D121,data_waterusetypes,0))),"") | K121: =IF('Inputs Whole-Project Water Use'!K121<>"",'Inputs Whole-Project Water Use'!K121,"") | L121: =IF('Inputs Whole-Project Water Use'!L121<>"",'Inputs Whole-Project Water Use'!L121,"") | M121: =IFERROR(IF(logic_units<>"SI Units",INDEX(data_wurip,MATCH($D121,data_waterusetypes,0)),INDEX(data_wursi,MATCH($D121,data_waterusetypes,0))),"") | O121: =IFERROR(IF(OR($F121<>"",$G121<>"",$H121<>"",K121<>""),$C121*$F121*$G121*$H121*K121,""),"") | P121: =IFERROR(IF(OR($F121<>"",$G121<>"",$H121<>"",L121<>""),$C121*$F121*$G121*$H121*L121,""),"") | Q121: =IF(AND(D121<>"",'Inputs Whole-Project Water Use'!Q121=""),0,IF('Inputs Whole-Project Water Use'!Q121<>"",'Inputs Whole-Project Water Use'!Q121,"")) | R121: =IFERROR(IF(P121<>"",(P121-Q121),""),"") | S121: =IFERROR(IF(OR(O121<>"",P121<>""),O121-R121,""),"") | T121: =IFERROR(S121/O121,"")
A122: 94 | B122: =(IF('Inputs Whole-Project Water Use'!B122<>"",'Inputs Whole-Project Water Use'!B122,"")) | C122: =IF(AND(D122<>"",'Inputs Whole-Project Water Use'!C122=""),1,IF('Inputs Whole-Project Water Use'!C122<>"",'Inputs Whole-Project Water Use'!C122,"")) | D122: =IF('Inputs Whole-Project Water Use'!D122<>"",'Inputs Whole-Project Water Use'!D122,"") | F122: =IF('Inputs Whole-Project Water Use'!F122<>"",'Inputs Whole-Project Water Use'!F122,"") | G122: =IF('Inputs Whole-Project Water Use'!G122<>"",'Inputs Whole-Project Water Use'!G122,"") | H122: =IF('Inputs Whole-Project Water Use'!H122<>"",'Inputs Whole-Project Water Use'!H122,"") | I122: =IFERROR(IF(logic_units<>"SI Units",INDEX(data_dumip,MATCH($D122,data_waterusetypes,0)),INDEX(data_dumsi,MATCH($D122,data_waterusetypes,0))),"") | K122: =IF('Inputs Whole-Project Water Use'!K122<>"",'Inputs Whole-Project Water Use'!K122,"") | L122: =IF('Inputs Whole-Project Water Use'!L122<>"",'Inputs Whole-Project Water Use'!L122,"") | M122: =IFERROR(IF(logic_units<>"SI Units",INDEX(data_wurip,MATCH($D122,data_waterusetypes,0)),INDEX(data_wursi,MATCH($D122,data_waterusetypes,0))),"") | O122: =IFERROR(IF(OR($F122<>"",$G122<>"",$H122<>"",K122<>""),$C122*$F122*$G122*$H122*K122,""),"") | P122: =IFERROR(IF(OR($F122<>"",$G122<>"",$H122<>"",L122<>""),$C122*$F122*$G122*$H122*L122,""),"") | Q122: =IF(AND(D122<>"",'Inputs Whole-Project Water Use'!Q122=""),0,IF('Inputs Whole-Project Water Use'!Q122<>"",'Inputs Whole-Project Water Use'!Q122,"")) | R122: =IFERROR(IF(P122<>"",(P122-Q122),""),"") | S122: =IFERROR(IF(OR(O122<>"",P122<>""),O122-R122,""),"") | T122: =IFERROR(S122/O122,"")
A123: 95 | B123: =(IF('Inputs Whole-Project Water Use'!B123<>"",'Inputs Whole-Project Water Use'!B123,"")) | C123: =IF(AND(D123<>"",'Inputs Whole-Project Water Use'!C123=""),1,IF('Inputs Whole-Project Water Use'!C123<>"",'Inputs Whole-Project Water Use'!C123,"")) | D123: =IF('Inputs Whole-Project Water Use'!D123<>"",'Inputs Whole-Project Water Use'!D123,"") | F123: =IF('Inputs Whole-Project Water Use'!F123<>"",'Inputs Whole-Project Water Use'!F123,"") | G123: =IF('Inputs Whole-Project Water Use'!G123<>"",'Inputs Whole-Project Water Use'!G123,"") | H123: =IF('Inputs Whole-Project Water Use'!H123<>"",'Inputs Whole-Project Water Use'!H123,"") | I123: =IFERROR(IF(logic_units<>"SI Units",INDEX(data_dumip,MATCH($D123,data_waterusetypes,0)),INDEX(data_dumsi,MATCH($D123,data_waterusetypes,0))),"") | K123: =IF('Inputs Whole-Project Water Use'!K123<>"",'Inputs Whole-Project Water Use'!K123,"") | L123: =IF('Inputs Whole-Project Water Use'!L123<>"",'Inputs Whole-Project Water Use'!L123,"") | M123: =IFERROR(IF(logic_units<>"SI Units",INDEX(data_wurip,MATCH($D123,data_waterusetypes,0)),INDEX(data_wursi,MATCH($D123,data_waterusetypes,0))),"") | O123: =IFERROR(IF(OR($F123<>"",$G123<>"",$H123<>"",K123<>""),$C123*$F123*$G123*$H123*K123,""),"") | P123: =IFERROR(IF(OR($F123<>"",$G123<>"",$H123<>"",L123<>""),$C123*$F123*$G123*$H123*L123,""),"") | Q123: =IF(AND(D123<>"",'Inputs Whole-Project Water Use'!Q123=""),0,IF('Inputs Whole-Project Water Use'!Q123<>"",'Inputs Whole-Project Water Use'!Q123,"")) | R123: =IFERROR(IF(P123<>"",(P123-Q123),""),"") | S123: =IFERROR(IF(OR(O123<>"",P123<>""),O123-R123,""),"") | T123: =IFERROR(S123/O123,"")
A124: 96 | B124: =(IF('Inputs Whole-Project Water Use'!B124<>"",'Inputs Whole-Project Water Use'!B124,"")) | C124: =IF(AND(D124<>"",'Inputs Whole-Project Water Use'!C124=""),1,IF('Inputs Whole-Project Water Use'!C124<>"",'Inputs Whole-Project Water Use'!C124,"")) | D124: =IF('Inputs Whole-Project Water Use'!D124<>"",'Inputs Whole-Project Water Use'!D124,"") | F124: =IF('Inputs Whole-Project Water Use'!F124<>"",'Inputs Whole-Project Water Use'!F124,"") | G124: =IF('Inputs Whole-Project Water Use'!G124<>"",'Inputs Whole-Project Water Use'!G124,"") | H124: =IF('Inputs Whole-Project Water Use'!H124<>"",'Inputs Whole-Project Water Use'!H124,"") | I124: =IFERROR(IF(logic_units<>"SI Units",INDEX(data_dumip,MATCH($D124,data_waterusetypes,0)),INDEX(data_dumsi,MATCH($D124,data_waterusetypes,0))),"") | K124: =IF('Inputs Whole-Project Water Use'!K124<>"",'Inputs Whole-Project Water Use'!K124,"") | L124: =IF('Inputs Whole-Project Water Use'!L124<>"",'Inputs Whole-Project Water Use'!L124,"") | M124: =IFERROR(IF(logic_units<>"SI Units",INDEX(data_wurip,MATCH($D124,data_waterusetypes,0)),INDEX(data_wursi,MATCH($D124,data_waterusetypes,0))),"") | O124: =IFERROR(IF(OR($F124<>"",$G124<>"",$H124<>"",K124<>""),$C124*$F124*$G124*$H124*K124,""),"") | P124: =IFERROR(IF(OR($F124<>"",$G124<>"",$H124<>"",L124<>""),$C124*$F124*$G124*$H124*L124,""),"") | Q124: =IF(AND(D124<>"",'Inputs Whole-Project Water Use'!Q124=""),0,IF('Inputs Whole-Project Water Use'!Q124<>"",'Inputs Whole-Project Water Use'!Q124,"")) | R124: =IFERROR(IF(P124<>"",(P124-Q124),""),"") | S124: =IFERROR(IF(OR(O124<>"",P124<>""),O124-R124,""),"") | T124: =IFERROR(S124/O124,"")
A125: 97 | B125: =(IF('Inputs Whole-Project Water Use'!B125<>"",'Inputs Whole-Project Water Use'!B125,"")) | C125: =IF(AND(D125<>"",'Inputs Whole-Project Water Use'!C125=""),1,IF('Inputs Whole-Project Water Use'!C125<>"",'Inputs Whole-Project Water Use'!C125,"")) | D125: =IF('Inputs Whole-Project Water Use'!D125<>"",'Inputs Whole-Project Water Use'!D125,"") | F125: =IF('Inputs Whole-Project Water Use'!F125<>"",'Inputs Whole-Project Water Use'!F125,"") | G125: =IF('Inputs Whole-Project Water Use'!G125<>"",'Inputs Whole-Project Water Use'!G125,"") | H125: =IF('Inputs Whole-Project Water Use'!H125<>"",'Inputs Whole-Project Water Use'!H125,"") | I125: =IFERROR(IF(logic_units<>"SI Units",INDEX(data_dumip,MATCH($D125,data_waterusetypes,0)),INDEX(data_dumsi,MATCH($D125,data_waterusetypes,0))),"") | K125: =IF('Inputs Whole-Project Water Use'!K125<>"",'Inputs Whole-Project Water Use'!K125,"") | L125: =IF('Inputs Whole-Project Water Use'!L125<>"",'Inputs Whole-Project Water Use'!L125,"") | M125: =IFERROR(IF(logic_units<>"SI Units",INDEX(data_wurip,MATCH($D125,data_waterusetypes,0)),INDEX(data_wursi,MATCH($D125,data_waterusetypes,0))),"") | O125: =IFERROR(IF(OR($F125<>"",$G125<>"",$H125<>"",K125<>""),$C125*$F125*$G125*$H125*K125,""),"") | P125: =IFERROR(IF(OR($F125<>"",$G125<>"",$H125<>"",L125<>""),$C125*$F125*$G125*$H125*L125,""),"") | Q125: =IF(AND(D125<>"",'Inputs Whole-Project Water Use'!Q125=""),0,IF('Inputs Whole-Project Water Use'!Q125<>"",'Inputs Whole-Project Water Use'!Q125,"")) | R125: =IFERROR(IF(P125<>"",(P125-Q125),""),"") | S125: =IFERROR(IF(OR(O125<>"",P125<>""),O125-R125,""),"") | T125: =IFERROR(S125/O125,"")
A126: 98 | B126: =(IF('Inputs Whole-Project Water Use'!B126<>"",'Inputs Whole-Project Water Use'!B126,"")) | C126: =IF(AND(D126<>"",'Inputs Whole-Project Water Use'!C126=""),1,IF('Inputs Whole-Project Water Use'!C126<>"",'Inputs Whole-Project Water Use'!C126,"")) | D126: =IF('Inputs Whole-Project Water Use'!D126<>"",'Inputs Whole-Project Water Use'!D126,"") | F126: =IF('Inputs Whole-Project Water Use'!F126<>"",'Inputs Whole-Project Water Use'!F126,"") | G126: =IF('Inputs Whole-Project Water Use'!G126<>"",'Inputs Whole-Project Water Use'!G126,"") | H126: =IF('Inputs Whole-Project Water Use'!H126<>"",'Inputs Whole-Project Water Use'!H126,"") | I126: =IFERROR(IF(logic_units<>"SI Units",INDEX(data_dumip,MATCH($D126,data_waterusetypes,0)),INDEX(data_dumsi,MATCH($D126,data_waterusetypes,0))),"") | K126: =IF('Inputs Whole-Project Water Use'!K126<>"",'Inputs Whole-Project Water Use'!K126,"") | L126: =IF('Inputs Whole-Project Water Use'!L126<>"",'Inputs Whole-Project Water Use'!L126,"") | M126: =IFERROR(IF(logic_units<>"SI Units",INDEX(data_wurip,MATCH($D126,data_waterusetypes,0)),INDEX(data_wursi,MATCH($D126,data_waterusetypes,0))),"") | O126: =IFERROR(IF(OR($F126<>"",$G126<>"",$H126<>"",K126<>""),$C126*$F126*$G126*$H126*K126,""),"") | P126: =IFERROR(IF(OR($F126<>"",$G126<>"",$H126<>"",L126<>""),$C126*$F126*$G126*$H126*L126,""),"") | Q126: =IF(AND(D126<>"",'Inputs Whole-Project Water Use'!Q126=""),0,IF('Inputs Whole-Project Water Use'!Q126<>"",'Inputs Whole-Project Water Use'!Q126,"")) | R126: =IFERROR(IF(P126<>"",(P126-Q126),""),"") | S126: =IFERROR(IF(OR(O126<>"",P126<>""),O126-R126,""),"") | T126: =IFERROR(S126/O126,"")
A127: 99 | B127: =(IF('Inputs Whole-Project Water Use'!B127<>"",'Inputs Whole-Project Water Use'!B127,"")) | C127: =IF(AND(D127<>"",'Inputs Whole-Project Water Use'!C127=""),1,IF('Inputs Whole-Project Water Use'!C127<>"",'Inputs Whole-Project Water Use'!C127,"")) | D127: =IF('Inputs Whole-Project Water Use'!D127<>"",'Inputs Whole-Project Water Use'!D127,"") | F127: =IF('Inputs Whole-Project Water Use'!F127<>"",'Inputs Whole-Project Water Use'!F127,"") | G127: =IF('Inputs Whole-Project Water Use'!G127<>"",'Inputs Whole-Project Water Use'!G127,"") | H127: =IF('Inputs Whole-Project Water Use'!H127<>"",'Inputs Whole-Project Water Use'!H127,"") | I127: =IFERROR(IF(logic_units<>"SI Units",INDEX(data_dumip,MATCH($D127,data_waterusetypes,0)),INDEX(data_dumsi,MATCH($D127,data_waterusetypes,0))),"") | K127: =IF('Inputs Whole-Project Water Use'!K127<>"",'Inputs Whole-Project Water Use'!K127,"") | L127: =IF('Inputs Whole-Project Water Use'!L127<>"",'Inputs Whole-Project Water Use'!L127,"") | M127: =IFERROR(IF(logic_units<>"SI Units",INDEX(data_wurip,MATCH($D127,data_waterusetypes,0)),INDEX(data_wursi,MATCH($D127,data_waterusetypes,0))),"") | O127: =IFERROR(IF(OR($F127<>"",$G127<>"",$H127<>"",K127<>""),$C127*$F127*$G127*$H127*K127,""),"") | P127: =IFERROR(IF(OR($F127<>"",$G127<>"",$H127<>"",L127<>""),$C127*$F127*$G127*$H127*L127,""),"") | Q127: =IF(AND(D127<>"",'Inputs Whole-Project Water Use'!Q127=""),0,IF('Inputs Whole-Project Water Use'!Q127<>"",'Inputs Whole-Project Water Use'!Q127,"")) | R127: =IFERROR(IF(P127<>"",(P127-Q127),""),"") | S127: =IFERROR(IF(OR(O127<>"",P127<>""),O127-R127,""),"") | T127: =IFERROR(S127/O127,"")
A128: 100 | B128: =(IF('Inputs Whole-Project Water Use'!B128<>"",'Inputs Whole-Project Water Use'!B128,"")) | C128: =IF(AND(D128<>"",'Inputs Whole-Project Water Use'!C128=""),1,IF('Inputs Whole-Project Water Use'!C128<>"",'Inputs Whole-Project Water Use'!C128,"")) | D128: =IF('Inputs Whole-Project Water Use'!D128<>"",'Inputs Whole-Project Water Use'!D128,"") | F128: =IF('Inputs Whole-Project Water Use'!F128<>"",'Inputs Whole-Project Water Use'!F128,"") | G128: =IF('Inputs Whole-Project Water Use'!G128<>"",'Inputs Whole-Project Water Use'!G128,"") | H128: =IF('Inputs Whole-Project Water Use'!H128<>"",'Inputs Whole-Project Water Use'!H128,"") | I128: =IFERROR(IF(logic_units<>"SI Units",INDEX(data_dumip,MATCH($D128,data_waterusetypes,0)),INDEX(data_dumsi,MATCH($D128,data_waterusetypes,0))),"") | K128: =IF('Inputs Whole-Project Water Use'!K128<>"",'Inputs Whole-Project Water Use'!K128,"") | L128: =IF('Inputs Whole-Project Water Use'!L128<>"",'Inputs Whole-Project Water Use'!L128,"") | M128: =IFERROR(IF(logic_units<>"SI Units",INDEX(data_wurip,MATCH($D128,data_waterusetypes,0)),INDEX(data_wursi,MATCH($D128,data_waterusetypes,0))),"") | O128: =IFERROR(IF(OR($F128<>"",$G128<>"",$H128<>"",K128<>""),$C128*$F128*$G128*$H128*K128,""),"") | P128: =IFERROR(IF(OR($F128<>"",$G128<>"",$H128<>"",L128<>""),$C128*$F128*$G128*$H128*L128,""),"") | Q128: =IF(AND(D128<>"",'Inputs Whole-Project Water Use'!Q128=""),0,IF('Inputs Whole-Project Water Use'!Q128<>"",'Inputs Whole-Project Water Use'!Q128,"")) | R128: =IFERROR(IF(P128<>"",(P128-Q128),""),"") | S128: =IFERROR(IF(OR(O128<>"",P128<>""),O128-R128,""),"") | T128: =IFERROR(S128/O128,"")
A129: 101 | B129: =(IF('Inputs Whole-Project Water Use'!B129<>"",'Inputs Whole-Project Water Use'!B129,"")) | C129: =IF(AND(D129<>"",'Inputs Whole-Project Water Use'!C129=""),1,IF('Inputs Whole-Project Water Use'!C129<>"",'Inputs Whole-Project Water Use'!C129,"")) | D129: =IF('Inputs Whole-Project Water Use'!D129<>"",'Inputs Whole-Project Water Use'!D129,"") | F129: =IF('Inputs Whole-Project Water Use'!F129<>"",'Inputs Whole-Project Water Use'!F129,"") | G129: =IF('Inputs Whole-Project Water Use'!G129<>"",'Inputs Whole-Project Water Use'!G129,"") | H129: =IF('Inputs Whole-Project Water Use'!H129<>"",'Inputs Whole-Project Water Use'!H129,"") | I129: =IFERROR(IF(logic_units<>"SI Units",INDEX(data_dumip,MATCH($D129,data_waterusetypes,0)),INDEX(data_dumsi,MATCH($D129,data_waterusetypes,0))),"") | K129: =IF('Inputs Whole-Project Water Use'!K129<>"",'Inputs Whole-Project Water Use'!K129,"") | L129: =IF('Inputs Whole-Project Water Use'!L129<>"",'Inputs Whole-Project Water Use'!L129,"") | M129: =IFERROR(IF(logic_units<>"SI Units",INDEX(data_wurip,MATCH($D129,data_waterusetypes,0)),INDEX(data_wursi,MATCH($D129,data_waterusetypes,0))),"") | O129: =IFERROR(IF(OR($F129<>"",$G129<>"",$H129<>"",K129<>""),$C129*$F129*$G129*$H129*K129,""),"") | P129: =IFERROR(IF(OR($F129<>"",$G129<>"",$H129<>"",L129<>""),$C129*$F129*$G129*$H129*L129,""),"") | Q129: =IF(AND(D129<>"",'Inputs Whole-Project Water Use'!Q129=""),0,IF('Inputs Whole-Project Water Use'!Q129<>"",'Inputs Whole-Project Water Use'!Q129,"")) | R129: =IFERROR(IF(P129<>"",(P129-Q129),""),"") | S129: =IFERROR(IF(OR(O129<>"",P129<>""),O129-R129,""),"") | T129: =IFERROR(S129/O129,"")
A130: 102 | B130: =(IF('Inputs Whole-Project Water Use'!B130<>"",'Inputs Whole-Project Water Use'!B130,"")) | C130: =IF(AND(D130<>"",'Inputs Whole-Project Water Use'!C130=""),1,IF('Inputs Whole-Project Water Use'!C130<>"",'Inputs Whole-Project Water Use'!C130,"")) | D130: =IF('Inputs Whole-Project Water Use'!D130<>"",'Inputs Whole-Project Water Use'!D130,"") | F130: =IF('Inputs Whole-Project Water Use'!F130<>"",'Inputs Whole-Project Water Use'!F130,"") | G130: =IF('Inputs Whole-Project Water Use'!G130<>"",'Inputs Whole-Project Water Use'!G130,"") | H130: =IF('Inputs Whole-Project Water Use'!H130<>"",'Inputs Whole-Project Water Use'!H130,"") | I130: =IFERROR(IF(logic_units<>"SI Units",INDEX(data_dumip,MATCH($D130,data_waterusetypes,0)),INDEX(data_dumsi,MATCH($D130,data_waterusetypes,0))),"") | K130: =IF('Inputs Whole-Project Water Use'!K130<>"",'Inputs Whole-Project Water Use'!K130,"") | L130: =IF('Inputs Whole-Project Water Use'!L130<>"",'Inputs Whole-Project Water Use'!L130,"") | M130: =IFERROR(IF(logic_units<>"SI Units",INDEX(data_wurip,MATCH($D130,data_waterusetypes,0)),INDEX(data_wursi,MATCH($D130,data_waterusetypes,0))),"") | O130: =IFERROR(IF(OR($F130<>"",$G130<>"",$H130<>"",K130<>""),$C130*$F130*$G130*$H130*K130,""),"") | P130: =IFERROR(IF(OR($F130<>"",$G130<>"",$H130<>"",L130<>""),$C130*$F130*$G130*$H130*L130,""),"") | Q130: =IF(AND(D130<>"",'Inputs Whole-Project Water Use'!Q130=""),0,IF('Inputs Whole-Project Water Use'!Q130<>"",'Inputs Whole-Project Water Use'!Q130,"")) | R130: =IFERROR(IF(P130<>"",(P130-Q130),""),"") | S130: =IFERROR(IF(OR(O130<>"",P130<>""),O130-R130,""),"") | T130: =IFERROR(S130/O130,"")
A131: 103 | B131: =(IF('Inputs Whole-Project Water Use'!B131<>"",'Inputs Whole-Project Water Use'!B131,"")) | C131: =IF(AND(D131<>"",'Inputs Whole-Project Water Use'!C131=""),1,IF('Inputs Whole-Project Water Use'!C131<>"",'Inputs Whole-Project Water Use'!C131,"")) | D131: =IF('Inputs Whole-Project Water Use'!D131<>"",'Inputs Whole-Project Water Use'!D131,"") | F131: =IF('Inputs Whole-Project Water Use'!F131<>"",'Inputs Whole-Project Water Use'!F131,"") | G131: =IF('Inputs Whole-Project Water Use'!G131<>"",'Inputs Whole-Project Water Use'!G131,"") | H131: =IF('Inputs Whole-Project Water Use'!H131<>"",'Inputs Whole-Project Water Use'!H131,"") | I131: =IFERROR(IF(logic_units<>"SI Units",INDEX(data_dumip,MATCH($D131,data_waterusetypes,0)),INDEX(data_dumsi,MATCH($D131,data_waterusetypes,0))),"") | K131: =IF('Inputs Whole-Project Water Use'!K131<>"",'Inputs Whole-Project Water Use'!K131,"") | L131: =IF('Inputs Whole-Project Water Use'!L131<>"",'Inputs Whole-Project Water Use'!L131,"") | M131: =IFERROR(IF(logic_units<>"SI Units",INDEX(data_wurip,MATCH($D131,data_waterusetypes,0)),INDEX(data_wursi,MATCH($D131,data_waterusetypes,0))),"") | O131: =IFERROR(IF(OR($F131<>"",$G131<>"",$H131<>"",K131<>""),$C131*$F131*$G131*$H131*K131,""),"") | P131: =IFERROR(IF(OR($F131<>"",$G131<>"",$H131<>"",L131<>""),$C131*$F131*$G131*$H131*L131,""),"") | Q131: =IF(AND(D131<>"",'Inputs Whole-Project Water Use'!Q131=""),0,IF('Inputs Whole-Project Water Use'!Q131<>"",'Inputs Whole-Project Water Use'!Q131,"")) | R131: =IFERROR(IF(P131<>"",(P131-Q131),""),"") | S131: =IFERROR(IF(OR(O131<>"",P131<>""),O131-R131,""),"") | T131: =IFERROR(S131/O131,"")
... A138: 110 | B138: =(IF('Inputs Whole-Project Water Use'!B138<>"",'Inputs Whole-Project Water Use'!B138,"")) | C138: =IF(AND(D138<>"",'Inputs Whole-Project Water Use'!C138=""),1,IF('Inputs Whole-Project Water Use'!C138<>"",'Inputs Whole-Project Water Use'!C138,"")) | D138: =IF('Inputs Whole-Project Water Use'!D138<>"",'Inputs Whole-Project Water Use'!D138,"") | F138: =IF('Inputs Whole-Project Water Use'!F138<>"",'Inputs Whole-Project Water Use'!F138,"") | G138: =IF('Inputs Whole-Project Water Use'!G138<>"",'Inputs Whole-Project Water Use'!G138,"") | H138: =IF('Inputs Whole-Project Water Use'!H138<>"",'Inputs Whole-Project Water Use'!H138,"") | I138: =IFERROR(IF(logic_units<>"SI Units",INDEX(data_dumip,MATCH($D138,data_waterusetypes,0)),INDEX(data_dumsi,MATCH($D138,data_waterusetypes,0))),"") | K138: =IF('Inputs Whole-Project Water Use'!K138<>"",'Inputs Whole-Project Water Use'!K138,"") | L138: =IF('Inputs Whole-Project Water Use'!L138<>"",'Inputs Whole-Project Water Use'!L138,"") | M138: =IFERROR(IF(logic_units<>"SI Units",INDEX(data_wurip,MATCH($D138,data_waterusetypes,0)),INDEX(data_wursi,MATCH($D138,data_waterusetypes,0))),"") | O138: =IFERROR(IF(OR($F138<>"",$G138<>"",$H138<>"",K138<>""),$C138*$F138*$G138*$H138*K138,""),"") | P138: =IFERROR(IF(OR($F138<>"",$G138<>"",$H138<>"",L138<>""),$C138*$F138*$G138*$H138*L138,""),"") | Q138: =IF(AND(D138<>"",'Inputs Whole-Project Water Use'!Q138=""),0,IF('Inputs Whole-Project Water Use'!Q138<>"",'Inputs Whole-Project Water Use'!Q138,"")) | R138: =IFERROR(IF(P138<>"",(P138-Q138),""),"") | S138: =IFERROR(IF(OR(O138<>"",P138<>""),O138-R138,""),"") | T138: =IFERROR(S138/O138,"")
B140: ='Inputs Whole-Project Water Use'!B140 -> Total Annual Appliance Water Use | Water Use Savings (unit) | O140: =SUM(logic_appawub) -> 0 | P140: =SUM(logic_appawudwoaw) -> 0 | Q140: =SUM(logic_appawuawa) -> 0 | R140: =SUM(logic_appawud) -> 0 | S140: =SUM(logic_appawusa) -> 0 | T140: =IFERROR(S140/O140,0) -> 0
B143: LOGIC 4 KITCHEN EQUIPMENT WATER USE BASELINE AND DESIGN MODEL
B145: Click + to the left to add additional rows. Click - to the left to collapse (content will be saved).
B146: Project Equipment Information | H146: Baseline and Design Water Use Information | O146: Water Consumption
...

Sheet Database
B2: LEED v5 Whole Project Water Use Calculator LEED for Building Design and Construction | Interior Design and Construction Database
B4: GENERAL INFORMATION
B6: Project Type | C6: Options | E6: Select
E7: BD+C New Construction (NC)
E8: BD+C Core and Shell (CS)
E9: ID+C
B11: Unit systems | C11: Options | E11: Select | F11: Amount | G11: Amount
E12: IP Units | F12: gal/year | G12: gals
E13: SI Units | F13: l/year | G13: liters
B15: Alternative Water | C15: Options | E15: Select
E16: No
E17: Yes
B19: Process Water | C19: Options | E19: Select
E20: No
E21: Yes
B24: BASELINE CALCULATIONS
B26: Water Uses | C26: Water Use Types | E26: Daily Usage Multiplier IP | F26: Daily Usage Multiplier SI | G26: Water Use Rate IP | H26: Water Use Rate SI
B27: data_waterusesapp | C27: data_waterusetypesapp | E27: data_dumipapp | F27: data_dumsiapp | G27: data_wuripapp | H27: data_wursiapp
B28: Appliance | C28: Commercial clothes washers | E28: equipment cubic feet | F28: equipment cubic meters | G28: gal/cf per cycle | H28: gal/m3 per cycle
B29: Appliance | C29: Residential clothes washers | E29: equipment cubic feet | F29: equipment cubic meters | G29: gal/cf per cycle | H29: gal/m3 per cycle
B30: Appliance | C30: Ice machine | E30: lbs ice per cycle | F30: lbs ice per cycle | G30: gal/100 lbs ice | H30: L/100 kgs ice
B31: Appliance | C31: Prerinse spray valves | E31: minutes of use | F31: minutes of use | G31: gpm | H31: lpm
B32: Appliance | C32: Other | E32: include in narrative | F32: include in narrative | G32: include in narrative | H32: include in narrative
B33: data_wateruseskitch | C33: data_waterusetypeskitch | E33: data_dumipkitch | F33: data_dumsikitch | G33: data_wuripkitch | H33: data_wursikitch
B34: Kitchen Equipment | C34: Dishwasher Undercounter | E34: no. racks in dishwasher | F34: no. racks in dishwasher | G34: gal/rack | H34: L/rack
B35: Kitchen Equipment | C35: Dishwasher Single tank, stationary, door | E35: no. racks in dishwasher | F35: no. racks in dishwasher | G35: gal/rack | H35: L/rack
B36: Kitchen Equipment | C36: Dishwasher Single tank, conveyor | E36: no. racks in dishwasher | F36: no. racks in dishwasher | G36: gal/rack | H36: L/rack
B37: Kitchen Equipment | C37: Dishwasher Multiple tank, conveyor | E37: no. racks in dishwasher | F37: no. racks in dishwasher | G37: gal/rack | H37: L/rack
... B73: Other | C73: manual input | E73: other, include in narrative | F73: other, include in narrative | G73: other, include in narrative | H73: other, include in narrative
B76: POINTS FOR CREDIT
B78: Percent Reduction | D78: Dropdown
B79: BD+C New Construction Percent Reduction | D79: BD+C New Construction (NC)
B80: BD+C Core and Shell Percent Reduction | D80: BD+C Core and Shell (CS)
B81: Interior Design + Construction Percent Reduction | D81: ID+C
B83: BD+C New Construction Percent Reduction | D83: BD+C New Construction (NC)
B84: Percent Reduction | C84: Points | D84: Alternative water
B85: 0.3 | C85: 1 | D85: 2
B86: 0.35 | C86: 2 | D86: 3
B87: 0.4 | C87: 3 | D87: 4
B88: 0.45 | C88: 4 | D88: 5
B89: 0.5 | C89: 5 | D89: 6
B90: 0.55 | C90: 6 | D90: 7
B91: 0.6 | C91: 7 | D91: 8
B92: 0.65 | C92: 8 | D92: EP
B94: BD+C Core and Shell Percent Reduction | D94: BD+C Core and Shell (CS)
B95: Percent Reduction | C95: Points | D95: Alternative water
B96: 0.3 | C96: 1 | D96: 2
B97: 0.35 | C97: 2 | D97: 3
B98: 0.4 | C98: 3 | D98: 4
B99: 0.45 | C99: 4 | D99: 5
B100: 0.5 | C100: 5 | D100: 6
B101: 0.55 | C101: 6 | D101: 7
B102: 0.6 | C102: 7 | D102: –
B105: Interior Design + Construction Percent Reduction | D105: ID+C
B106: Percent Reduction | C106: Points | D106: Alternative water
B107: 0.3 | C107: 1 | D107: 2
B108: 0.35 | C108: 2 | D108: 3
B109: 0.4 | C109: 3 | D109: 4
B110: 0.45 | C110: 4 | D110: 5
B111: 0.5 | C111: 5 | D111: 6
B112: 0.55 | C112: 6 | D112: 7
B113: 0.6 | C113: 7 | D113: 8
B114: 0.65 | C114: 8 | D114: 0
B116: Project Type | E116: Percent Reduction | F116: Points | G116: Alternative water
B117: Percent Reduction | E117: 0.3 | F117: 1 | G117: 2
B118: Percent Reduction | E118: 0.35 | F118: 2 | G118: 3
B119: Percent Reduction | E119: 0.4 | F119: 3 | G119: 4
B120: Percent Reduction | E120: 0.45 | F120: 4 | G120: 5
B121: Percent Reduction | E121: 0.5 | F121: 5 | G121: 6
B122: Percent Reduction | E122: 0.55 | F122: 6 | G122: 7
B123: Percent Reduction | E123: 0.6 | F123: 7 | G123: 8 (only NC + IDC)
B124: Percent Reduction | E124: 0.65 | F124: 8 (only NC + IDC) | G124: EP (only NC)
B125: BD+C New Construction Percent Reduction | E125: 0.3 | F125: 1 | G125: 2
B126: BD+C New Construction Percent Reduction | E126: 0.35 | F126: 2 | G126: 3
B127: BD+C New Construction Percent Reduction | E127: 0.4 | F127: 3 | G127: 4
B128: BD+C New Construction Percent Reduction | E128: 0.45 | F128: 4 | G128: 5
B129: BD+C New Construction Percent Reduction | E129: 0.5 | F129: 5 | G129: 6
B130: BD+C New Construction Percent Reduction | E130: 0.55 | F130: 6 | G130: 7
B131: BD+C New Construction Percent Reduction | E131: 0.6 | F131: 7 | G131: 8
B132: BD+C New Construction Percent Reduction | E132: 0.65 | F132: 8 | G132: 8 + EP
B133: BD+C Core and Shell Percent Reduction | E133: 0.3 | F133: 1 | G133: 2
B134: BD+C Core and Shell Percent Reduction | E134: 0.35 | F134: 2 | G134: 3
B135: BD+C Core and Shell Percent Reduction | E135: 0.4 | F135: 3 | G135: 4
B136: BD+C Core and Shell Percent Reduction | E136: 0.45 | F136: 4 | G136: 5
B137: BD+C Core and Shell Percent Reduction | E137: 0.5 | F137: 5 | G137: 6
B138: BD+C Core and Shell Percent Reduction | E138: 0.55 | F138: 6 | G138: 7
B139: BD+C Core and Shell Percent Reduction | E139: 0.6 | F139: 7 | G139: 7
B140: BD+C Core and Shell Percent Reduction | E140: 0.65 | F140: 7 | G140: 7
B141: Interior Design + Construction Percent Reduction | E141: 0.3 | F141: 1 | G141: 2
B142: Interior Design + Construction Percent Reduction | E142: 0.35 | F142: 2 | G142: 3
B143: Interior Design + Construction Percent Reduction | E143: 0.4 | F143: 3 | G143: 4
B144: Interior Design + Construction Percent Reduction | E144: 0.45 | F144: 4 | G144: 5
... B148: Interior Design + Construction Percent Reduction | E148: 0.65 | F148: 8 | G148: 8

Sheet Summary
B2: LEED v5 Whole Project Water Use Calculator LEED for Building Design and Construction | Interior Design and Construction Summary
C5: Project Type | D5: =IF(logic_prjtyp<>"",logic_prjtyp,"")
C7: PROJECT WATER USE BASELINE AND DESIGN
C9: Project Uses Alternative Water Sources | H9: =logic_totalwuawyn -> No
C10: =CONCATENATE("Total Annual Water Use Baseline (",IF(logic_units<>"",INDEX(data_genunitsvol,MATCH(logic_units,data_genunits,0)),"unit"),"/year)") -> Total Annual Water Use Baseline (unit/year) | H10: =logic_totalwub -> 0
C11: =CONCATENATE("Total Annual Alternative Water Use (",IF(logic_units<>"",INDEX(data_genunitsvol,MATCH(logic_units,data_genunits,0)),"unit"),"/year)") -> Total Annual Alternative Water Use (unit/year) | H11: =logic_totalwuaw -> 0
C12: =CONCATENATE("Total Annual Water Use Design (including alternative water use) (",IF(logic_units<>"",INDEX(data_genunitsvol,MATCH(logic_units,data_genunits,0)),"unit"),"/year)") -> Total Annual Water Use Design (including alternative water use) (unit/year) | H12: =logic_totalwud -> 0
C13: Total Percent Reduction for WEc2: Enhanced Water Efficiency (includes alternative water) | H13: =logic_totalwusprc -> 0
C14: Positive values indicate savings, negative values indicate increase from baseline
C16: WHOLE PROJECT WATER USE CREDIT THRESDHOLDS
C18: =IF($D5<>"",INDEX(data_ptspr,MATCH($D5,data_ptsdrp,0)),"Percent Reduction") -> Percent Reduction | G18: Points | H18: Alternative Water
C19: 0.3 | G19: {=INDEX(data_ptslkpnts,MATCH(1,(data_ptslkpr=$C19)*(data_ptslkpt=Summary!$C$18),0))} -> 1 | H19: {=INDEX(data_ptslkaw,MATCH(1,(data_ptslkpr=$C19)*(data_ptslkpt=Summary!$C$18),0))} -> 2
C20: 0.35 | G20: {=INDEX(data_ptslkpnts,MATCH(1,(data_ptslkpr=$C20)*(data_ptslkpt=Summary!$C$18),0))} -> 2 | H20: {=INDEX(data_ptslkaw,MATCH(1,(data_ptslkpr=$C20)*(data_ptslkpt=Summary!$C$18),0))} -> 3
C21: 0.4 | G21: {=INDEX(data_ptslkpnts,MATCH(1,(data_ptslkpr=$C21)*(data_ptslkpt=Summary!$C$18),0))} -> 3 | H21: {=INDEX(data_ptslkaw,MATCH(1,(data_ptslkpr=$C21)*(data_ptslkpt=Summary!$C$18),0))} -> 4
C22: 0.45 | G22: {=INDEX(data_ptslkpnts,MATCH(1,(data_ptslkpr=$C22)*(data_ptslkpt=Summary!$C$18),0))} -> 4 | H22: {=INDEX(data_ptslkaw,MATCH(1,(data_ptslkpr=$C22)*(data_ptslkpt=Summary!$C$18),0))} -> 5
