Workbook
Name energy_offset_dropdown: IF(table_renewsummary[[#This Row],[4cat]]="Tier 1",Tier_1,IF(table_renewsummary[[#This Row],[4cat]]="Tier 2",Tier_2,Tier_3))
Name energyCategories: Input!$C$35:$C$144
Name energyTypes: Input!$D$35:$D$144
Name energyUnits: Database!$B$29:$B$37
Name IP_Units: Database!$B$21:$B$26
Name kWhUnits: Database!$C$29:$C$37
Name projectType: Input!$D$7
Name renewableGen: Input!$G$35:$G$144
Name SI_Units: Database!$C$21:$C$24
Name Tier_1: Database!$B$56:$B$57
Name Tier_2: Database!$C$56
Name Tier_3: Database!$D$56:$D$57
Name Tier1_cs: Database!$G$69:$H$73
Name Tier1_cs_min: Database!$G$69:$G$73
Name Tier1_cs_pts: Database!$H$69:$H$73
Name Tier1_nc_idc: Database!$C$69:$D$75
Name Tier1_nc_idc_min: Database!$C$69:$C$75
Name Tier1_nc_idc_pts: Database!$D$69:$D$75
Name Tier2_cs: Database!$G$74:$H$78
Name Tier2_cs_min: Database!$G$74:$G$78
Name Tier2_cs_pts: Database!$H$74:$H$78
Name Tier2_nc_idc: Database!$C$76:$D$81
Name Tier2_nc_idc_min: Database!$C$76:$C$81
Name Tier2_nc_idc_pts: Database!$D$76:$D$81
Name Tier3_cs: Database!$G$79:$H$81
Name Tier3_cs_min: Database!$G$79:$G$81
Name Tier3_cs_pts: Database!$H$79:$H$81
Name Tier3_nc_idc: Database!$C$82:$D$84
Name Tier3_nc_idc_min: Database!$C$82:$C$84
Name Tier3_nc_idc_pts: Database!$D$82:$D$84
Name unitOption: Input!$D$6
Name unitsConverter: Database!$B$29:$B$36
Name unitsTable: Database!$B$29:$C$36

Sheet Instructions
B2: LEED v5 Renewable Energy Calculator LEED for Building Design and Construction | Interior Design and Construction Instructions
C5: CREDIT INSTRUCTIONS
D7: EAc4 Renewable Energy:
D8: ▪ | E8: Included Options. Renewable energy may be supplied or procured from Tier 1 (on-site or social impact project), Tier 2 (new off-site
E9: renewable electricity), and Tier 3 (off-site renewable energy certified Green-e® or equivalent).
D10: ▪ | E10: Points Allocation. Projects earn:
F11: Building Design and Construction - New Construction (between 1–5 points): for supplying or procuring renewable energy
F12: from any combination of Tier 1,Tier 2, and Tier 3.
F13: Points are based on the percentage of annual site energy supplied by renewable sources:
F14: 1 point: 5% (Tier 1), 20% (Tier 2), or 50% (Tier 3) of annual site energy
F15: 2 points: 10% (Tier 1), 40% (Tier 2), or 100% (Tier 3)
F16: 3 points: 20% (Tier 2) or 60% (Tier 3)
F17: 4 points: 35% (Tier 2) or 80% (Tier 3)
F18: 5 points: 100% of annual site energy from Tier 1 and/or Tier 2 renewables
F19: Building Design and Construction - Core & Shell (1–4 points): for supplying or procuring renewable energy from Tier 1, Tier
F20: 2, and Tier 3.
F21: Points are based on the percentage of annual base building site energy use supplied by renewable sources:
F22: 1 point: 15% (Tier 1), 35% (Tier 2), or 100% (Tier 3) of base building energy use
... F27: calculation of project area.
D28: ▪ | E28: Platinum Prerequisite. For LEED Platinum, projects must achieve 100% of annual energy use (Building Desing and Construction
E29: and Interior Design and Construction) or 100% of annual base building energy use (Core & Shell) from Tier 1, Tier 2, and/or Tier 3
E30: renewable energy sources.
D31: ▪ | E31: Contract Requirements. All renewable energy contracts must demonstrate ownership of environmental attributes (EACs/RECs), meet
E32: a minimum 10-year term (or prorated equivalent), and comply with location and vintage requirements.
D33: ▪ | E33: Renewable Energy Readiness (Core & Shell only). Projects may earn 1 point by incorporating solar or equivalent renewable
E34: readiness features in design, including designated solar zones, structural and mounting considerations, interconnection pathways,
E35: and reserved electrical service capacity. Note: This option is not included or evaluated in the calculator inputs.
C37: Option 1. Renewable Energy Supply or Procurement
C38: (1–5 points New Construction, 1–4 points Core and Shell, 1-5 points Interior Design and Construction) Projects earn points by supplying or
C39: procuring renewable energy to offset a percentage of the building's energy use. The credit establishes a three-tier hierarchy that rewards
C40: renewable energy sources based on their direct impact.
C42: Tier 1: On-site Renewable Energy Generation or Social Impact Project
C43: This tier includes energy generated from renewable systems located on the project site, on the campus, or on the site of a qualifying social
C44: impact project.
C45: Points can be earned via two methods, and the calculator will automatically award the highest achievement:
C46: Percent of Annual Site Energy Method: Offsetting a percentage of the building’s annual energy use with on-site generation. This is the
C47: required method for earning more than two points in this tier.
C48: Minimum Rated Capacity Method: Installing a minimum renewable energy system capacity based on the building's floor area. This path is
C49: designed for multi-story buildings or projects with high process loads.
... C96: INPUT INSTRUCTIONS
E98: User input cell formatting.
E99: Automatic input cell formatting.
E100: Calculation cell formating.
C102: INPUT INSTRUCTIONS
C104: 1 | D104: General project information
E105: ▪ | F105: Enter Project Name
E106: ▪ | F106: Select the Unit of Measurement system
E107: ▪ | F107: Select Project Type
C109: 2 | D109: District Energy Systems (DES) Optional:
E110: ▪ | F110: If your project is served by a District Energy System (DES) multipliers (projects with district cooling), select that DES
F111: multipliers is applicable. Please chech that percentage of total reported fuel(s) associated with the district heating system is 0%
F112: (default value).
E113: ▪ | F113: If documenting renewable electricity for district heating reported as fuel(s), indicate the percentage of fuel(s) associated
F114: with the district heating system based on submetering results from the energy simulation.
E115: ▪ | F115: Select this to adjust the total project site energy use calculated in Step 3. Reported district cooling will be multiplied by 0.325 and
F116: reported district heating will be multiplied by 1.2.
F117: Do not select this option if the project was modeled using ASHRAE Standard 90.1-2022 Addendum a in EAp2: Minimum
F118: Energy Efficiency.
C120: 3 | D120: Project Annual Site Energy Use
F121: BD+C: New Construction:
E122: ▪ | F122: Enter the annual site energy use for the project (electricity + fuels + district energy) for each energy source in the Consumption
F123: column.
F124: BD+C: Core & Shell:
E125: ▪ | F125: Enter the annual base building energy use. This is defined as the greater of:
F126: 25% of the total estimated building energy use, OR the metered base building load.
E127: ▪ | F127: Total estimated building:
F128: Report the total estimated building energy consumption inclusive of base building energy use and tenant use.
E129: ▪ | F129: Base building metered:
F130: Report the total annual site energy consumption from base building energy meters.Include the full explanation of base building
F131: energy.
F132: ID+C: Interior Design + Construction:
E133: ▪ | F133: Enter the tenant annual site energy use (electricity + fuels + district energy within the tenant space).
F134: Note: Applicable to All Rating Systems:
F135: Reporting energy use for district energy systems:
E136: ▪ | F136: Report the site energy use for district heating and district cooling directly. Do not adjust with DES multipliers (these adjustments
F137: are applied in the calculator if selected in Step 2).
E138: ▪ | F138: Report the site energy use for electricity and fuel(s) from energy simulation results that estimate the upstream DES electricity
F139: and fuel use allocated to the building. Energy simulation results must be documented using default virtual DES efficiencies from
F140: ASHRAE Standard 90.1-2022, Addendum a, or improved DES efficiencies documented for EAc3: Enhanced Energy Efficiency.
E141: ▪ | F141: For Fuel(s), include all combustion fuels and any fuel input for fuel cells.
C143: 4 | D143: Complete the Renewable Energy Generation Summary
E144: ▪ | F144: Fill in one row for each type of renewable energy you are tracking.
E145: ▪ | F145: Select the Renewable Energy Category (Tier 1, Tier 2, or Tier 3).
E146: ▪ | F146: Select the Energy Offset Type (Electricity or Fuel). Note that Tier 2 is only applicable to electricity.
E147: ▪ | F147: Enter the Annual Renewable Generation.
E148: ▪ | F148: Select the Units of energy.
D149: For a contract duration shorter than ten years or a one-time bulk purchase, calculate the annual renewable energy quantity by prorating
D150: the total contracted EACs or RECs across ten years.
D151: Project energy source: Total renewable electricity generation and EAC/REC procurement for Tier 1 + Tier 2 + Tier 3 can only be applied to
D152: project electricity use or district energy use up to 100% of annual electricity plus district energy use.
D153: Renewable fuels can only be applied to project fuel use or district heat up to 100% of annual fuel plus district heat use.
C155: 5 | D155: Tier 1 Minimum Rated Capacity Method (optional)
D156: The specific inputs will change depending on your selected Rating System to ensure the calculation is correct for NC, C&S, or ID+C
D157: projects.
E158: ▪ | F158: Enter the data required to calculate Area [A].
E159: ▪ | F159: Enter the Total installed renewable capacity in Watts (DC).
D160: For ID+C projects.
D161: The value for Area [A] is not the building's full floor plate area but is instead a value prorated to your project's area relative to the total base
D162: building area.
D163: When ID+C is selected, additional data input is needed, such as "Project Area," "Total gross area of base building," and the building's
...

Sheet Input
B2: LEED v5 Renewable Energy Calculator LEED for Building Design and Construction | Interior Design and Construction Inputs
B4: STEP 1: GENERAL INFORMATION
B6: Unit of Measurement System
B7: Project Type
B9: STEP 2: DISTRICT ENERGY SYSTEMS (DES)
B10: Optional for projects with district energy systems (select only one)
B12: DES Multipliers (projects with district cooling)
B13: Apply DES Multipliers to reported project site energy use?
B15: District heating energy reported as fuel(s)
B16: Provide the percentage of total reported fuel(s) associated with the district heating system (determine this value using submetering in the energy simulation). | G16: % | H16: =IF(AND($F$16>0,F$13="Yes"),"This value must be zero if 'Yes' is selected above","")
B18: STEP 3: PROJECT ANNUAL SITE ENERGY USE
B20: All rating systems | G20: Core and Shell Only
B21: Energy Type | C21: =IFERROR(VLOOKUP(projectType,Database!$D$11:$E$13,2,FALSE),Database!$E$11) -> Annual site energy | D21: Units | E21: =CONCATENATE(C21," (kWh)") -> Annual site energy (kWh) | F21: =CONCATENATE(IF(projectType="BD+C: Core and Shell",$J$21,CONCATENATE($C21," (kWh)","")), " with DES adjustments") -> Annual site energy (kWh) with DES adjustments | G21: Base building metered site energy | H21: Units | I21: Base building metered site energy (kWh) | J21: Annual base building site energy (kWh)
B22: Electricity | E22: =IFERROR($C22*VLOOKUP($D22,unitsTable, 2, FALSE),0) -> 0 | F22: =IF(projectType="BD+C: Core and Shell",$J22,$E22) -> 0 | H22: =IF(G22="","",D22) | I22: =IFERROR($G22 * VLOOKUP($D22,unitsTable, 2, FALSE),0) -> 0 | J22: =IF(projectType="BD+C: Core and Shell",IF($I$27>0.25*E$27,I22,E22*0.25),0) -> 0
B23: Fuel(s) | E23: =IFERROR($C23*VLOOKUP($D23,unitsTable, 2, FALSE),0) -> 0 | F23: =IF(projectType="BD+C: Core and Shell",$J23,$E23)*IF(F16>0,100%-F16/100,1) -> 0 | H23: =IF(G23="","",D23) | I23: =IFERROR($G23 * VLOOKUP($D23,unitsTable, 2, FALSE),0) -> 0 | J23: =IF(projectType="BD+C: Core and Shell",IF($I$27>0.25*E$27,I23,E23*0.25),0) -> 0
B24: District cooling | E24: =IFERROR($C24*VLOOKUP($D24,unitsTable, 2, FALSE),0) -> 0 | F24: =IF(projectType="BD+C: Core and Shell",$J24,$E24)*IF($F$13="Yes",0.325,1) -> 0 | H24: =IF(G24="","",D24) | I24: =IFERROR($G24 * VLOOKUP($D24,unitsTable, 2, FALSE),0) -> 0 | J24: =IF(projectType="BD+C: Core and Shell",IF($I$27>0.25*E$27,I24,E24*0.25),0) -> 0
B25: District heating | E25: =IFERROR($C25*VLOOKUP($D25,unitsTable, 2, FALSE),0) -> 0 | F25: =IF(projectType="BD+C: Core and Shell",$J25,$E25)*IF(F16>0,F16/100,IF(F13="Yes",1.2,1)) -> 0 | H25: =IF(G25="","",D25) | I25: =IFERROR($G25 * VLOOKUP($D25,unitsTable, 2, FALSE),0) -> 0 | J25: =IF(projectType="BD+C: Core and Shell",IF($I$27>0.25*E$27,I25,E25*0.25),0) -> 0
B27: Total (kWh) | E27: =(SUM(E$22:E$25)) -> 0 | F27: =(SUM(F$22:F$25)) -> 0 | I27: =(SUM(I$22:I$25)) -> 0 | J27: =(SUM(J$22:J$25)) -> 0
B28: Subtotal: Electricity + District Energy (kWh) | E28: =E22+E24+E25 -> 0 | F28: =F22+F24+F25 -> 0 | I28: =I22+I24+I25 -> 0 | J28: =J22+J24+J25 -> 0
B29: Subtotal: Fuel(s) + District Heating | E29: =E23+E25 -> 0 | F29: =F23+F25 -> 0 | I29: =I23+I25 -> 0 | J29: =J23+J25 -> 0
B31: STEP 4: RENEWABLE ENERGY GENERATION SUMMARY
B33: Name | C33: Renewable Energy Category | D33: Energy Offset Type | E33: Annual Renewable Generation | F33: Units of Energy | G33: Annual Renewable Generation (kWh) | H33: Percent of annual project electricity + district energy | I33: Percent of annual project fuel(s) + district heating + other | J33: =CONCATENATE("Percent of ",IF(projectType="BD+C: Core and Shell",Database!$G$12,Input!$C$21)) -> Percent of Annual site energy
B34: 4name | C34: 4cat | D34: 4offset | E34: 4qty | F34: 4units | G34: 4qty_calc | H34: 4per_elec | I34: 4per_fuel | J34: 4per_site | K34: Column1 | L34: Column2
A35: 1 | G35: =IFERROR(table_renewsummary[[#This Row],[4qty]]*INDEX(unitsTable,MATCH(table_renewsummary[[#This Row],[4units]],INDEX(unitsTable,0,1),0),2),0) -> 0 | H35: =IFERROR(IF(table_renewsummary[[#This Row],[4offset]]="Electricity",(table_renewsummary[[#This Row],[4qty_calc]]/(IF(projectType="BD+C:Core and Shell",$E$28,$F$28))),0),0) -> 0 | I35: =IFERROR(IF(table_renewsummary[[#This Row],[4offset]]="Fuel(s)",(table_renewsummary[[#This Row],[4qty_calc]]/(IF(projectType="BD+C:Core and Shell",$E$29,$F$29))),0),0) -> 0 | J35: =IFERROR(table_renewsummary[[#This Row],[4qty_calc]]/$F$27,0) -> 0
A36: 2 | G36: =IFERROR(table_renewsummary[[#This Row],[4qty]]*INDEX(unitsTable,MATCH(table_renewsummary[[#This Row],[4units]],INDEX(unitsTable,0,1),0),2),0) -> 0 | H36: =IFERROR(IF(table_renewsummary[[#This Row],[4offset]]="Electricity",(table_renewsummary[[#This Row],[4qty_calc]]/(IF(projectType="BD+C:Core and Shell",$E$28,$F$28))),0),0) -> 0 | I36: =IFERROR(IF(table_renewsummary[[#This Row],[4offset]]="Fuel(s)",(table_renewsummary[[#This Row],[4qty_calc]]/(IF(projectType="BD+C:Core and Shell",$E$29,$F$29))),0),0) -> 0 | J36: =IFERROR(table_renewsummary[[#This Row],[4qty_calc]]/$F$27,0) -> 0
A37: 3 | G37: =IFERROR(table_renewsummary[[#This Row],[4qty]]*INDEX(unitsTable,MATCH(table_renewsummary[[#This Row],[4units]],INDEX(unitsTable,0,1),0),2),0) -> 0 | H37: =IFERROR(IF(table_renewsummary[[#This Row],[4offset]]="Electricity",(table_renewsummary[[#This Row],[4qty_calc]]/(IF(projectType="BD+C:Core and Shell",$E$28,$F$28))),0),0) -> 0 | I37: =IFERROR(IF(table_renewsummary[[#This Row],[4offset]]="Fuel(s)",(table_renewsummary[[#This Row],[4qty_calc]]/(IF(projectType="BD+C:Core and Shell",$E$29,$F$29))),0),0) -> 0 | J37: =IFERROR(table_renewsummary[[#This Row],[4qty_calc]]/$F$27,0) -> 0
A38: 4 | G38: =IFERROR(table_renewsummary[[#This Row],[4qty]]*INDEX(unitsTable,MATCH(table_renewsummary[[#This Row],[4units]],INDEX(unitsTable,0,1),0),2),0) -> 0 | H38: =IFERROR(IF(table_renewsummary[[#This Row],[4offset]]="Electricity",(table_renewsummary[[#This Row],[4qty_calc]]/(IF(projectType="BD+C:Core and Shell",$E$28,$F$28))),0),0) -> 0 | I38: =IFERROR(IF(table_renewsummary[[#This Row],[4offset]]="Fuel(s)",(table_renewsummary[[#This Row],[4qty_calc]]/(IF(projectType="BD+C:Core and Shell",$E$29,$F$29))),0),0) -> 0 | J38: =IFERROR(table_renewsummary[[#This Row],[4qty_calc]]/$F$27,0) -> 0
A39: 5 | G39: =IFERROR(table_renewsummary[[#This Row],[4qty]]*INDEX(unitsTable,MATCH(table_renewsummary[[#This Row],[4units]],INDEX(unitsTable,0,1),0),2),0) -> 0 | H39: =IFERROR(IF(table_renewsummary[[#This Row],[4offset]]="Electricity",(table_renewsummary[[#This Row],[4qty_calc]]/(IF(projectType="BD+C:Core and Shell",$E$28,$F$28))),0),0) -> 0 | I39: =IFERROR(IF(table_renewsummary[[#This Row],[4offset]]="Fuel(s)",(table_renewsummary[[#This Row],[4qty_calc]]/(IF(projectType="BD+C:Core and Shell",$E$29,$F$29))),0),0) -> 0 | J39: =IFERROR(table_renewsummary[[#This Row],[4qty_calc]]/$F$27,0) -> 0
A40: 6 | G40: =IFERROR(table_renewsummary[[#This Row],[4qty]]*INDEX(unitsTable,MATCH(table_renewsummary[[#This Row],[4units]],INDEX(unitsTable,0,1),0),2),0) -> 0 | H40: =IFERROR(IF(table_renewsummary[[#This Row],[4offset]]="Electricity",(table_renewsummary[[#This Row],[4qty_calc]]/(IF(projectType="BD+C:Core and Shell",$E$28,$F$28))),0),0) -> 0 | I40: =IFERROR(IF(table_renewsummary[[#This Row],[4offset]]="Fuel(s)",(table_renewsummary[[#This Row],[4qty_calc]]/(IF(projectType="BD+C:Core and Shell",$E$29,$F$29))),0),0) -> 0 | J40: =IFERROR(table_renewsummary[[#This Row],[4qty_calc]]/$F$27,0) -> 0
A41: 7 | G41: =IFERROR(table_renewsummary[[#This Row],[4qty]]*INDEX(unitsTable,MATCH(table_renewsummary[[#This Row],[4units]],INDEX(unitsTable,0,1),0),2),0) -> 0 | H41: =IFERROR(IF(table_renewsummary[[#This Row],[4offset]]="Electricity",(table_renewsummary[[#This Row],[4qty_calc]]/(IF(projectType="BD+C:Core and Shell",$E$28,$F$28))),0),0) -> 0 | I41: =IFERROR(IF(table_renewsummary[[#This Row],[4offset]]="Fuel(s)",(table_renewsummary[[#This Row],[4qty_calc]]/(IF(projectType="BD+C:Core and Shell",$E$29,$F$29))),0),0) -> 0 | J41: =IFERROR(table_renewsummary[[#This Row],[4qty_calc]]/$F$27,0) -> 0
A42: 8 | G42: =IFERROR(table_renewsummary[[#This Row],[4qty]]*INDEX(unitsTable,MATCH(table_renewsummary[[#This Row],[4units]],INDEX(unitsTable,0,1),0),2),0) -> 0 | H42: =IFERROR(IF(table_renewsummary[[#This Row],[4offset]]="Electricity",(table_renewsummary[[#This Row],[4qty_calc]]/(IF(projectType="BD+C:Core and Shell",$E$28,$F$28))),0),0) -> 0 | I42: =IFERROR(IF(table_renewsummary[[#This Row],[4offset]]="Fuel(s)",(table_renewsummary[[#This Row],[4qty_calc]]/(IF(projectType="BD+C:Core and Shell",$E$29,$F$29))),0),0) -> 0 | J42: =IFERROR(table_renewsummary[[#This Row],[4qty_calc]]/$F$27,0) -> 0
A43: 9 | G43: =IFERROR(table_renewsummary[[#This Row],[4qty]]*INDEX(unitsTable,MATCH(table_renewsummary[[#This Row],[4units]],INDEX(unitsTable,0,1),0),2),0) -> 0 | H43: =IFERROR(IF(table_renewsummary[[#This Row],[4offset]]="Electricity",(table_renewsummary[[#This Row],[4qty_calc]]/(IF(projectType="BD+C:Core and Shell",$E$28,$F$28))),0),0) -> 0 | I43: =IFERROR(IF(table_renewsummary[[#This Row],[4offset]]="Fuel(s)",(table_renewsummary[[#This Row],[4qty_calc]]/(IF(projectType="BD+C:Core and Shell",$E$29,$F$29))),0),0) -> 0 | J43: =IFERROR(table_renewsummary[[#This Row],[4qty_calc]]/$F$27,0) -> 0
A44: 10 | G44: =IFERROR(table_renewsummary[[#This Row],[4qty]]*INDEX(unitsTable,MATCH(table_renewsummary[[#This Row],[4units]],INDEX(unitsTable,0,1),0),2),0) -> 0 | H44: =IFERROR(IF(table_renewsummary[[#This Row],[4offset]]="Electricity",(table_renewsummary[[#This Row],[4qty_calc]]/(IF(projectType="BD+C:Core and Shell",$E$28,$F$28))),0),0) -> 0 | I44: =IFERROR(IF(table_renewsummary[[#This Row],[4offset]]="Fuel(s)",(table_renewsummary[[#This Row],[4qty_calc]]/(IF(projectType="BD+C:Core and Shell",$E$29,$F$29))),0),0) -> 0 | J44: =IFERROR(table_renewsummary[[#This Row],[4qty_calc]]/$F$27,0) -> 0
A45: 11 | G45: =IFERROR(table_renewsummary[[#This Row],[4qty]]*INDEX(unitsTable,MATCH(table_renewsummary[[#This Row],[4units]],INDEX(unitsTable,0,1),0),2),0) -> 0 | H45: =IFERROR(IF(table_renewsummary[[#This Row],[4offset]]="Electricity",(table_renewsummary[[#This Row],[4qty_calc]]/(IF(projectType="BD+C:Core and Shell",$E$28,$F$28))),0),0) -> 0 | I45: =IFERROR(IF(table_renewsummary[[#This Row],[4offset]]="Fuel(s)",(table_renewsummary[[#This Row],[4qty_calc]]/(IF(projectType="BD+C:Core and Shell",$E$29,$F$29))),0),0) -> 0 | J45: =IFERROR(table_renewsummary[[#This Row],[4qty_calc]]/$F$27,0) -> 0
A46: 12 | G46: =IFERROR(table_renewsummary[[#This Row],[4qty]]*INDEX(unitsTable,MATCH(table_renewsummary[[#This Row],[4units]],INDEX(unitsTable,0,1),0),2),0) -> 0 | H46: =IFERROR(IF(table_renewsummary[[#This Row],[4offset]]="Electricity",(table_renewsummary[[#This Row],[4qty_calc]]/(IF(projectType="BD+C:Core and Shell",$E$28,$F$28))),0),0) -> 0 | I46: =IFERROR(IF(table_renewsummary[[#This Row],[4offset]]="Fuel(s)",(table_renewsummary[[#This Row],[4qty_calc]]/(IF(projectType="BD+C:Core and Shell",$E$29,$F$29))),0),0) -> 0 | J46: =IFERROR(table_renewsummary[[#This Row],[4qty_calc]]/$F$27,0) -> 0
... A83: 49 | G83: =IFERROR(table_renewsummary[[#This Row],[4qty]]*INDEX(unitsTable,MATCH(table_renewsummary[[#This Row],[4units]],INDEX(unitsTable,0,1),0),2),0) -> 0 | H83: =IFERROR(IF(table_renewsummary[[#This Row],[4offset]]="Electricity",(table_renewsummary[[#This Row],[4qty_calc]]/(IF(projectType="BD+C:Core and Shell",$E$28,$F$28))),0),0) -> 0 | I83: =IFERROR(IF(table_renewsummary[[#This Row],[4offset]]="Fuel(s)",(table_renewsummary[[#This Row],[4qty_calc]]/(IF(projectType="BD+C:Core and Shell",$E$29,$F$29))),0),0) -> 0 | J83: =IFERROR(table_renewsummary[[#This Row],[4qty_calc]]/$F$27,0) -> 0
A84: 50 | G84: =IFERROR(table_renewsummary[[#This Row],[4qty]]*INDEX(unitsTable,MATCH(table_renewsummary[[#This Row],[4units]],INDEX(unitsTable,0,1),0),2),0) -> 0 | H84: =IFERROR(IF(table_renewsummary[[#This Row],[4offset]]="Electricity",(table_renewsummary[[#This Row],[4qty_calc]]/(IF(projectType="BD+C:Core and Shell",$E$28,$F$28))),0),0) -> 0 | I84: =IFERROR(IF(table_renewsummary[[#This Row],[4offset]]="Fuel(s)",(table_renewsummary[[#This Row],[4qty_calc]]/(IF(projectType="BD+C:Core and Shell",$E$29,$F$29))),0),0) -> 0 | J84: =IFERROR(table_renewsummary[[#This Row],[4qty_calc]]/$F$27,0) -> 0 | K84: Click + to left for additional rows
A85: 51 | G85: =IFERROR(table_renewsummary[[#This Row],[4qty]]*INDEX(unitsTable,MATCH(table_renewsummary[[#This Row],[4units]],INDEX(unitsTable,0,1),0),2),0) -> 0 | H85: =IFERROR(IF(table_renewsummary[[#This Row],[4offset]]="Electricity",(table_renewsummary[[#This Row],[4qty_calc]]/(IF(projectType="BD+C:Core and Shell",$E$28,$F$28))),0),0) -> 0 | I85: =IFERROR(IF(table_renewsummary[[#This Row],[4offset]]="Fuel(s)",(table_renewsummary[[#This Row],[4qty_calc]]/(IF(projectType="BD+C:Core and Shell",$E$29,$F$29))),0),0) -> 0 | J85: =IFERROR(table_renewsummary[[#This Row],[4qty_calc]]/$F$27,0) -> 0
A86: 52 | G86: =IFERROR(table_renewsummary[[#This Row],[4qty]]*INDEX(unitsTable,MATCH(table_renewsummary[[#This Row],[4units]],INDEX(unitsTable,0,1),0),2),0) -> 0 | H86: =IFERROR(IF(table_renewsummary[[#This Row],[4offset]]="Electricity",(table_renewsummary[[#This Row],[4qty_calc]]/(IF(projectType="BD+C:Core and Shell",$E$28,$F$28))),0),0) -> 0 | I86: =IFERROR(IF(table_renewsummary[[#This Row],[4offset]]="Fuel(s)",(table_renewsummary[[#This Row],[4qty_calc]]/(IF(projectType="BD+C:Core and Shell",$E$29,$F$29))),0),0) -> 0 | J86: =IFERROR(table_renewsummary[[#This Row],[4qty_calc]]/$F$27,0) -> 0
A87: 53 | G87: =IFERROR(table_renewsummary[[#This Row],[4qty]]*INDEX(unitsTable,MATCH(table_renewsummary[[#This Row],[4units]],INDEX(unitsTable,0,1),0),2),0) -> 0 | H87: =IFERROR(IF(table_renewsummary[[#This Row],[4offset]]="Electricity",(table_renewsummary[[#This Row],[4qty_calc]]/(IF(projectType="BD+C:Core and Shell",$E$28,$F$28))),0),0) -> 0 | I87: =IFERROR(IF(table_renewsummary[[#This Row],[4offset]]="Fuel(s)",(table_renewsummary[[#This Row],[4qty_calc]]/(IF(projectType="BD+C:Core and Shell",$E$29,$F$29))),0),0) -> 0 | J87: =IFERROR(table_renewsummary[[#This Row],[4qty_calc]]/$F$27,0) -> 0
A88: 54 | G88: =IFERROR(table_renewsummary[[#This Row],[4qty]]*INDEX(unitsTable,MATCH(table_renewsummary[[#This Row],[4units]],INDEX(unitsTable,0,1),0),2),0) -> 0 | H88: =IFERROR(IF(table_renewsummary[[#This Row],[4offset]]="Electricity",(table_renewsummary[[#This Row],[4qty_calc]]/(IF(projectType="BD+C:Core and Shell",$E$28,$F$28))),0),0) -> 0 | I88: =IFERROR(IF(table_renewsummary[[#This Row],[4offset]]="Fuel(s)",(table_renewsummary[[#This Row],[4qty_calc]]/(IF(projectType="BD+C:Core and Shell",$E$29,$F$29))),0),0) -> 0 | J88: =IFERROR(table_renewsummary[[#This Row],[4qty_calc]]/$F$27,0) -> 0
A89: 55 | G89: =IFERROR(table_renewsummary[[#This Row],[4qty]]*INDEX(unitsTable,MATCH(table_renewsummary[[#This Row],[4units]],INDEX(unitsTable,0,1),0),2),0) -> 0 | H89: =IFERROR(IF(table_renewsummary[[#This Row],[4offset]]="Electricity",(table_renewsummary[[#This Row],[4qty_calc]]/(IF(projectType="BD+C:Core and Shell",$E$28,$F$28))),0),0) -> 0 | I89: =IFERROR(IF(table_renewsummary[[#This Row],[4offset]]="Fuel(s)",(table_renewsummary[[#This Row],[4qty_calc]]/(IF(projectType="BD+C:Core and Shell",$E$29,$F$29))),0),0) -> 0 | J89: =IFERROR(table_renewsummary[[#This Row],[4qty_calc]]/$F$27,0) -> 0
A90: 56 | G90: =IFERROR(table_renewsummary[[#This Row],[4qty]]*INDEX(unitsTable,MATCH(table_renewsummary[[#This Row],[4units]],INDEX(unitsTable,0,1),0),2),0) -> 0 | H90: =IFERROR(IF(table_renewsummary[[#This Row],[4offset]]="Electricity",(table_renewsummary[[#This Row],[4qty_calc]]/(IF(projectType="BD+C:Core and Shell",$E$28,$F$28))),0),0) -> 0 | I90: =IFERROR(IF(table_renewsummary[[#This Row],[4offset]]="Fuel(s)",(table_renewsummary[[#This Row],[4qty_calc]]/(IF(projectType="BD+C:Core and Shell",$E$29,$F$29))),0),0) -> 0 | J90: =IFERROR(table_renewsummary[[#This Row],[4qty_calc]]/$F$27,0) -> 0
A91: 57 | G91: =IFERROR(table_renewsummary[[#This Row],[4qty]]*INDEX(unitsTable,MATCH(table_renewsummary[[#This Row],[4units]],INDEX(unitsTable,0,1),0),2),0) -> 0 | H91: =IFERROR(IF(table_renewsummary[[#This Row],[4offset]]="Electricity",(table_renewsummary[[#This Row],[4qty_calc]]/(IF(projectType="BD+C:Core and Shell",$E$28,$F$28))),0),0) -> 0 | I91: =IFERROR(IF(table_renewsummary[[#This Row],[4offset]]="Fuel(s)",(table_renewsummary[[#This Row],[4qty_calc]]/(IF(projectType="BD+C:Core and Shell",$E$29,$F$29))),0),0) -> 0 | J91: =IFERROR(table_renewsummary[[#This Row],[4qty_calc]]/$F$27,0) -> 0
A92: 58 | G92: =IFERROR(table_renewsummary[[#This Row],[4qty]]*INDEX(unitsTable,MATCH(table_renewsummary[[#This Row],[4units]],INDEX(unitsTable,0,1),0),2),0) -> 0 | H92: =IFERROR(IF(table_renewsummary[[#This Row],[4offset]]="Electricity",(table_renewsummary[[#This Row],[4qty_calc]]/(IF(projectType="BD+C:Core and Shell",$E$28,$F$28))),0),0) -> 0 | I92: =IFERROR(IF(table_renewsummary[[#This Row],[4offset]]="Fuel(s)",(table_renewsummary[[#This Row],[4qty_calc]]/(IF(projectType="BD+C:Core and Shell",$E$29,$F$29))),0),0) -> 0 | J92: =IFERROR(table_renewsummary[[#This Row],[4qty_calc]]/$F$27,0) -> 0
A93: 59 | G93: =IFERROR(table_renewsummary[[#This Row],[4qty]]*INDEX(unitsTable,MATCH(table_renewsummary[[#This Row],[4units]],INDEX(unitsTable,0,1),0),2),0) -> 0 | H93: =IFERROR(IF(table_renewsummary[[#This Row],[4offset]]="Electricity",(table_renewsummary[[#This Row],[4qty_calc]]/(IF(projectType="BD+C:Core and Shell",$E$28,$F$28))),0),0) -> 0 | I93: =IFERROR(IF(table_renewsummary[[#This Row],[4offset]]="Fuel(s)",(table_renewsummary[[#This Row],[4qty_calc]]/(IF(projectType="BD+C:Core and Shell",$E$29,$F$29))),0),0) -> 0 | J93: =IFERROR(table_renewsummary[[#This Row],[4qty_calc]]/$F$27,0) -> 0
A94: 60 | G94: =IFERROR(table_renewsummary[[#This Row],[4qty]]*INDEX(unitsTable,MATCH(table_renewsummary[[#This Row],[4units]],INDEX(unitsTable,0,1),0),2),0) -> 0 | H94: =IFERROR(IF(table_renewsummary[[#This Row],[4offset]]="Electricity",(table_renewsummary[[#This Row],[4qty_calc]]/(IF(projectType="BD+C:Core and Shell",$E$28,$F$28))),0),0) -> 0 | I94: =IFERROR(IF(table_renewsummary[[#This Row],[4offset]]="Fuel(s)",(table_renewsummary[[#This Row],[4qty_calc]]/(IF(projectType="BD+C:Core and Shell",$E$29,$F$29))),0),0) -> 0 | J94: =IFERROR(table_renewsummary[[#This Row],[4qty_calc]]/$F$27,0) -> 0
A95: 61 | G95: =IFERROR(table_renewsummary[[#This Row],[4qty]]*INDEX(unitsTable,MATCH(table_renewsummary[[#This Row],[4units]],INDEX(unitsTable,0,1),0),2),0) -> 0 | H95: =IFERROR(IF(table_renewsummary[[#This Row],[4offset]]="Electricity",(table_renewsummary[[#This Row],[4qty_calc]]/(IF(projectType="BD+C:Core and Shell",$E$28,$F$28))),0),0) -> 0 | I95: =IFERROR(IF(table_renewsummary[[#This Row],[4offset]]="Fuel(s)",(table_renewsummary[[#This Row],[4qty_calc]]/(IF(projectType="BD+C:Core and Shell",$E$29,$F$29))),0),0) -> 0 | J95: =IFERROR(table_renewsummary[[#This Row],[4qty_calc]]/$F$27,0) -> 0
A96: 62 | G96: =IFERROR(table_renewsummary[[#This Row],[4qty]]*INDEX(unitsTable,MATCH(table_renewsummary[[#This Row],[4units]],INDEX(unitsTable,0,1),0),2),0) -> 0 | H96: =IFERROR(IF(table_renewsummary[[#This Row],[4offset]]="Electricity",(table_renewsummary[[#This Row],[4qty_calc]]/(IF(projectType="BD+C:Core and Shell",$E$28,$F$28))),0),0) -> 0 | I96: =IFERROR(IF(table_renewsummary[[#This Row],[4offset]]="Fuel(s)",(table_renewsummary[[#This Row],[4qty_calc]]/(IF(projectType="BD+C:Core and Shell",$E$29,$F$29))),0),0) -> 0 | J96: =IFERROR(table_renewsummary[[#This Row],[4qty_calc]]/$F$27,0) -> 0
... A103: 69 | G103: =IFERROR(table_renewsummary[[#This Row],[4qty]]*INDEX(unitsTable,MATCH(table_renewsummary[[#This Row],[4units]],INDEX(unitsTable,0,1),0),2),0) -> 0 | H103: =IFERROR(IF(table_renewsummary[[#This Row],[4offset]]="Electricity",(table_renewsummary[[#This Row],[4qty_calc]]/(IF(projectType="BD+C:Core and Shell",$E$28,$F$28))),0),0) -> 0 | I103: =IFERROR(IF(table_renewsummary[[#This Row],[4offset]]="Fuel(s)",(table_renewsummary[[#This Row],[4qty_calc]]/(IF(projectType="BD+C:Core and Shell",$E$29,$F$29))),0),0) -> 0 | J103: =IFERROR(table_renewsummary[[#This Row],[4qty_calc]]/$F$27,0) -> 0
A104: 70 | G104: =IFERROR(table_renewsummary[[#This Row],[4qty]]*INDEX(unitsTable,MATCH(table_renewsummary[[#This Row],[4units]],INDEX(unitsTable,0,1),0),2),0) -> 0 | H104: =IFERROR(IF(table_renewsummary[[#This Row],[4offset]]="Electricity",(table_renewsummary[[#This Row],[4qty_calc]]/(IF(projectType="BD+C:Core and Shell",$E$28,$F$28))),0),0) -> 0 | I104: =IFERROR(IF(table_renewsummary[[#This Row],[4offset]]="Fuel(s)",(table_renewsummary[[#This Row],[4qty_calc]]/(IF(projectType="BD+C:Core and Shell",$E$29,$F$29))),0),0) -> 0 | J104: =IFERROR(table_renewsummary[[#This Row],[4qty_calc]]/$F$27,0) -> 0 | K104: Click + to left for additional rows
A105: 71 | G105: =IFERROR(table_renewsummary[[#This Row],[4qty]]*INDEX(unitsTable,MATCH(table_renewsummary[[#This Row],[4units]],INDEX(unitsTable,0,1),0),2),0) -> 0 | H105: =IFERROR(IF(table_renewsummary[[#This Row],[4offset]]="Electricity",(table_renewsummary[[#This Row],[4qty_calc]]/(IF(projectType="BD+C:Core and Shell",$E$28,$F$28))),0),0) -> 0 | I105: =IFERROR(IF(table_renewsummary[[#This Row],[4offset]]="Fuel(s)",(table_renewsummary[[#This Row],[4qty_calc]]/(IF(projectType="BD+C:Core and Shell",$E$29,$F$29))),0),0) -> 0 | J105: =IFERROR(table_renewsummary[[#This Row],[4qty_calc]]/$F$27,0) -> 0
A106: 72 | G106: =IFERROR(table_renewsummary[[#This Row],[4qty]]*INDEX(unitsTable,MATCH(table_renewsummary[[#This Row],[4units]],INDEX(unitsTable,0,1),0),2),0) -> 0 | H106: =IFERROR(IF(table_renewsummary[[#This Row],[4offset]]="Electricity",(table_renewsummary[[#This Row],[4qty_calc]]/(IF(projectType="BD+C:Core and Shell",$E$28,$F$28))),0),0) -> 0 | I106: =IFERROR(IF(table_renewsummary[[#This Row],[4offset]]="Fuel(s)",(table_renewsummary[[#This Row],[4qty_calc]]/(IF(projectType="BD+C:Core and Shell",$E$29,$F$29))),0),0) -> 0 | J106: =IFERROR(table_renewsummary[[#This Row],[4qty_calc]]/$F$27,0) -> 0
A107: 73 | G107: =IFERROR(table_renewsummary[[#This Row],[4qty]]*INDEX(unitsTable,MATCH(table_renewsummary[[#This Row],[4units]],INDEX(unitsTable,0,1),0),2),0) -> 0 | H107: =IFERROR(IF(table_renewsummary[[#This Row],[4offset]]="Electricity",(table_renewsummary[[#This Row],[4qty_calc]]/(IF(projectType="BD+C:Core and Shell",$E$28,$F$28))),0),0) -> 0 | I107: =IFERROR(IF(table_renewsummary[[#This Row],[4offset]]="Fuel(s)",(table_renewsummary[[#This Row],[4qty_calc]]/(IF(projectType="BD+C:Core and Shell",$E$29,$F$29))),0),0) -> 0 | J107: =IFERROR(table_renewsummary[[#This Row],[4qty_calc]]/$F$27,0) -> 0
A108: 74 | G108: =IFERROR(table_renewsummary[[#This Row],[4qty]]*INDEX(unitsTable,MATCH(table_renewsummary[[#This Row],[4units]],INDEX(unitsTable,0,1),0),2),0) -> 0 | H108: =IFERROR(IF(table_renewsummary[[#This Row],[4offset]]="Electricity",(table_renewsummary[[#This Row],[4qty_calc]]/(IF(projectType="BD+C:Core and Shell",$E$28,$F$28))),0),0) -> 0 | I108: =IFERROR(IF(table_renewsummary[[#This Row],[4offset]]="Fuel(s)",(table_renewsummary[[#This Row],[4qty_calc]]/(IF(projectType="BD+C:Core and Shell",$E$29,$F$29))),0),0) -> 0 | J108: =IFERROR(table_renewsummary[[#This Row],[4qty_calc]]/$F$27,0) -> 0
A109: 75 | G109: =IFERROR(table_renewsummary[[#This Row],[4qty]]*INDEX(unitsTable,MATCH(table_renewsummary[[#This Row],[4units]],INDEX(unitsTable,0,1),0),2),0) -> 0 | H109: =IFERROR(IF(table_renewsummary[[#This Row],[4offset]]="Electricity",(table_renewsummary[[#This Row],[4qty_calc]]/(IF(projectType="BD+C:Core and Shell",$E$28,$F$28))),0),0) -> 0 | I109: =IFERROR(IF(table_renewsummary[[#This Row],[4offset]]="Fuel(s)",(table_renewsummary[[#This Row],[4qty_calc]]/(IF(projectType="BD+C:Core and Shell",$E$29,$F$29))),0),0) -> 0 | J109: =IFERROR(table_renewsummary[[#This Row],[4qty_calc]]/$F$27,0) -> 0
A110: 76 | G110: =IFERROR(table_renewsummary[[#This Row],[4qty]]*INDEX(unitsTable,MATCH(table_renewsummary[[#This Row],[4units]],INDEX(unitsTable,0,1),0),2),0) -> 0 | H110: =IFERROR(IF(table_renewsummary[[#This Row],[4offset]]="Electricity",(table_renewsummary[[#This Row],[4qty_calc]]/(IF(projectType="BD+C:Core and Shell",$E$28,$F$28))),0),0) -> 0 | I110: =IFERROR(IF(table_renewsummary[[#This Row],[4offset]]="Fuel(s)",(table_renewsummary[[#This Row],[4qty_calc]]/(IF(projectType="BD+C:Core and Shell",$E$29,$F$29))),0),0) -> 0 | J110: =IFERROR(table_renewsummary[[#This Row],[4qty_calc]]/$F$27,0) -> 0
A111: 77 | G111: =IFERROR(table_renewsummary[[#This Row],[4qty]]*INDEX(unitsTable,MATCH(table_renewsummary[[#This Row],[4units]],INDEX(unitsTable,0,1),0),2),0) -> 0 | H111: =IFERROR(IF(table_renewsummary[[#This Row],[4offset]]="Electricity",(table_renewsummary[[#This Row],[4qty_calc]]/(IF(projectType="BD+C:Core and Shell",$E$28,$F$28))),0),0) -> 0 | I111: =IFERROR(IF(table_renewsummary[[#This Row],[4offset]]="Fuel(s)",(table_renewsummary[[#This Row],[4qty_calc]]/(IF(projectType="BD+C:Core and Shell",$E$29,$F$29))),0),0) -> 0 | J111: =IFERROR(table_renewsummary[[#This Row],[4qty_calc]]/$F$27,0) -> 0
A112: 78 | G112: =IFERROR(table_renewsummary[[#This Row],[4qty]]*INDEX(unitsTable,MATCH(table_renewsummary[[#This Row],[4units]],INDEX(unitsTable,0,1),0),2),0) -> 0 | H112: =IFERROR(IF(table_renewsummary[[#This Row],[4offset]]="Electricity",(table_renewsummary[[#This Row],[4qty_calc]]/(IF(projectType="BD+C:Core and Shell",$E$28,$F$28))),0),0) -> 0 | I112: =IFERROR(IF(table_renewsummary[[#This Row],[4offset]]="Fuel(s)",(table_renewsummary[[#This Row],[4qty_calc]]/(IF(projectType="BD+C:Core and Shell",$E$29,$F$29))),0),0) -> 0 | J112: =IFERROR(table_renewsummary[[#This Row],[4qty_calc]]/$F$27,0) -> 0
A113: 79 | G113: =IFERROR(table_renewsummary[[#This Row],[4qty]]*INDEX(unitsTable,MATCH(table_renewsummary[[#This Row],[4units]],INDEX(unitsTable,0,1),0),2),0) -> 0 | H113: =IFERROR(IF(table_renewsummary[[#This Row],[4offset]]="Electricity",(table_renewsummary[[#This Row],[4qty_calc]]/(IF(projectType="BD+C:Core and Shell",$E$28,$F$28))),0),0) -> 0 | I113: =IFERROR(IF(table_renewsummary[[#This Row],[4offset]]="Fuel(s)",(table_renewsummary[[#This Row],[4qty_calc]]/(IF(projectType="BD+C:Core and Shell",$E$29,$F$29))),0),0) -> 0 | J113: =IFERROR(table_renewsummary[[#This Row],[4qty_calc]]/$F$27,0) -> 0
A114: 80 | G114: =IFERROR(table_renewsummary[[#This Row],[4qty]]*INDEX(unitsTable,MATCH(table_renewsummary[[#This Row],[4units]],INDEX(unitsTable,0,1),0),2),0) -> 0 | H114: =IFERROR(IF(table_renewsummary[[#This Row],[4offset]]="Electricity",(table_renewsummary[[#This Row],[4qty_calc]]/(IF(projectType="BD+C:Core and Shell",$E$28,$F$28))),0),0) -> 0 | I114: =IFERROR(IF(table_renewsummary[[#This Row],[4offset]]="Fuel(s)",(table_renewsummary[[#This Row],[4qty_calc]]/(IF(projectType="BD+C:Core and Shell",$E$29,$F$29))),0),0) -> 0 | J114: =IFERROR(table_renewsummary[[#This Row],[4qty_calc]]/$F$27,0) -> 0
A115: 81 | G115: =IFERROR(table_renewsummary[[#This Row],[4qty]]*INDEX(unitsTable,MATCH(table_renewsummary[[#This Row],[4units]],INDEX(unitsTable,0,1),0),2),0) -> 0 | H115: =IFERROR(IF(table_renewsummary[[#This Row],[4offset]]="Electricity",(table_renewsummary[[#This Row],[4qty_calc]]/(IF(projectType="BD+C:Core and Shell",$E$28,$F$28))),0),0) -> 0 | I115: =IFERROR(IF(table_renewsummary[[#This Row],[4offset]]="Fuel(s)",(table_renewsummary[[#This Row],[4qty_calc]]/(IF(projectType="BD+C:Core and Shell",$E$29,$F$29))),0),0) -> 0 | J115: =IFERROR(table_renewsummary[[#This Row],[4qty_calc]]/$F$27,0) -> 0
A116: 82 | G116: =IFERROR(table_renewsummary[[#This Row],[4qty]]*INDEX(unitsTable,MATCH(table_renewsummary[[#This Row],[4units]],INDEX(unitsTable,0,1),0),2),0) -> 0 | H116: =IFERROR(IF(table_renewsummary[[#This Row],[4offset]]="Electricity",(table_renewsummary[[#This Row],[4qty_calc]]/(IF(projectType="BD+C:Core and Shell",$E$28,$F$28))),0),0) -> 0 | I116: =IFERROR(IF(table_renewsummary[[#This Row],[4offset]]="Fuel(s)",(table_renewsummary[[#This Row],[4qty_calc]]/(IF(projectType="BD+C:Core and Shell",$E$29,$F$29))),0),0) -> 0 | J116: =IFERROR(table_renewsummary[[#This Row],[4qty_calc]]/$F$27,0) -> 0
... A123: 89 | G123: =IFERROR(table_renewsummary[[#This Row],[4qty]]*INDEX(unitsTable,MATCH(table_renewsummary[[#This Row],[4units]],INDEX(unitsTable,0,1),0),2),0) -> 0 | H123: =IFERROR(IF(table_renewsummary[[#This Row],[4offset]]="Electricity",(table_renewsummary[[#This Row],[4qty_calc]]/(IF(projectType="BD+C:Core and Shell",$E$28,$F$28))),0),0) -> 0 | I123: =IFERROR(IF(table_renewsummary[[#This Row],[4offset]]="Fuel(s)",(table_renewsummary[[#This Row],[4qty_calc]]/(IF(projectType="BD+C:Core and Shell",$E$29,$F$29))),0),0) -> 0 | J123: =IFERROR(table_renewsummary[[#This Row],[4qty_calc]]/$F$27,0) -> 0
A124: 90 | G124: =IFERROR(table_renewsummary[[#This Row],[4qty]]*INDEX(unitsTable,MATCH(table_renewsummary[[#This Row],[4units]],INDEX(unitsTable,0,1),0),2),0) -> 0 | H124: =IFERROR(IF(table_renewsummary[[#This Row],[4offset]]="Electricity",(table_renewsummary[[#This Row],[4qty_calc]]/(IF(projectType="BD+C:Core and Shell",$E$28,$F$28))),0),0) -> 0 | I124: =IFERROR(IF(table_renewsummary[[#This Row],[4offset]]="Fuel(s)",(table_renewsummary[[#This Row],[4qty_calc]]/(IF(projectType="BD+C:Core and Shell",$E$29,$F$29))),0),0) -> 0 | J124: =IFERROR(table_renewsummary[[#This Row],[4qty_calc]]/$F$27,0) -> 0 | K124: Click + to left for additional rows
A125: 91 | G125: =IFERROR(table_renewsummary[[#This Row],[4qty]]*INDEX(unitsTable,MATCH(table_renewsummary[[#This Row],[4units]],INDEX(unitsTable,0,1),0),2),0) -> 0 | H125: =IFERROR(IF(table_renewsummary[[#This Row],[4offset]]="Electricity",(table_renewsummary[[#This Row],[4qty_calc]]/(IF(projectType="BD+C:Core and Shell",$E$28,$F$28))),0),0) -> 0 | I125: =IFERROR(IF(table_renewsummary[[#This Row],[4offset]]="Fuel(s)",(table_renewsummary[[#This Row],[4qty_calc]]/(IF(projectType="BD+C:Core and Shell",$E$29,$F$29))),0),0) -> 0 | J125: =IFERROR(table_renewsummary[[#This Row],[4qty_calc]]/$F$27,0) -> 0
A126: 92 | G126: =IFERROR(table_renewsummary[[#This Row],[4qty]]*INDEX(unitsTable,MATCH(table_renewsummary[[#This Row],[4units]],INDEX(unitsTable,0,1),0),2),0) -> 0 | H126: =IFERROR(IF(table_renewsummary[[#This Row],[4offset]]="Electricity",(table_renewsummary[[#This Row],[4qty_calc]]/(IF(projectType="BD+C:Core and Shell",$E$28,$F$28))),0),0) -> 0 | I126: =IFERROR(IF(table_renewsummary[[#This Row],[4offset]]="Fuel(s)",(table_renewsummary[[#This Row],[4qty_calc]]/(IF(projectType="BD+C:Core and Shell",$E$29,$F$29))),0),0) -> 0 | J126: =IFERROR(table_renewsummary[[#This Row],[4qty_calc]]/$F$27,0) -> 0
A127: 93 | G127: =IFERROR(table_renewsummary[[#This Row],[4qty]]*INDEX(unitsTable,MATCH(table_renewsummary[[#This Row],[4units]],INDEX(unitsTable,0,1),0),2),0) -> 0 | H127: =IFERROR(IF(table_renewsummary[[#This Row],[4offset]]="Electricity",(table_renewsummary[[#This Row],[4qty_calc]]/(IF(projectType="BD+C:Core and Shell",$E$28,$F$28))),0),0) -> 0 | I127: =IFERROR(IF(table_renewsummary[[#This Row],[4offset]]="Fuel(s)",(table_renewsummary[[#This Row],[4qty_calc]]/(IF(projectType="BD+C:Core and Shell",$E$29,$F$29))),0),0) -> 0 | J127: =IFERROR(table_renewsummary[[#This Row],[4qty_calc]]/$F$27,0) -> 0
A128: 94 | G128: =IFERROR(table_renewsummary[[#This Row],[4qty]]*INDEX(unitsTable,MATCH(table_renewsummary[[#This Row],[4units]],INDEX(unitsTable,0,1),0),2),0) -> 0 | H128: =IFERROR(IF(table_renewsummary[[#This Row],[4offset]]="Electricity",(table_renewsummary[[#This Row],[4qty_calc]]/(IF(projectType="BD+C:Core and Shell",$E$28,$F$28))),0),0) -> 0 | I128: =IFERROR(IF(table_renewsummary[[#This Row],[4offset]]="Fuel(s)",(table_renewsummary[[#This Row],[4qty_calc]]/(IF(projectType="BD+C:Core and Shell",$E$29,$F$29))),0),0) -> 0 | J128: =IFERROR(table_renewsummary[[#This Row],[4qty_calc]]/$F$27,0) -> 0
A129: 95 | G129: =IFERROR(table_renewsummary[[#This Row],[4qty]]*INDEX(unitsTable,MATCH(table_renewsummary[[#This Row],[4units]],INDEX(unitsTable,0,1),0),2),0) -> 0 | H129: =IFERROR(IF(table_renewsummary[[#This Row],[4offset]]="Electricity",(table_renewsummary[[#This Row],[4qty_calc]]/(IF(projectType="BD+C:Core and Shell",$E$28,$F$28))),0),0) -> 0 | I129: =IFERROR(IF(table_renewsummary[[#This Row],[4offset]]="Fuel(s)",(table_renewsummary[[#This Row],[4qty_calc]]/(IF(projectType="BD+C:Core and Shell",$E$29,$F$29))),0),0) -> 0 | J129: =IFERROR(table_renewsummary[[#This Row],[4qty_calc]]/$F$27,0) -> 0
A130: 96 | G130: =IFERROR(table_renewsummary[[#This Row],[4qty]]*INDEX(unitsTable,MATCH(table_renewsummary[[#This Row],[4units]],INDEX(unitsTable,0,1),0),2),0) -> 0 | H130: =IFERROR(IF(table_renewsummary[[#This Row],[4offset]]="Electricity",(table_renewsummary[[#This Row],[4qty_calc]]/(IF(projectType="BD+C:Core and Shell",$E$28,$F$28))),0),0) -> 0 | I130: =IFERROR(IF(table_renewsummary[[#This Row],[4offset]]="Fuel(s)",(table_renewsummary[[#This Row],[4qty_calc]]/(IF(projectType="BD+C:Core and Shell",$E$29,$F$29))),0),0) -> 0 | J130: =IFERROR(table_renewsummary[[#This Row],[4qty_calc]]/$F$27,0) -> 0
A131: 97 | G131: =IFERROR(table_renewsummary[[#This Row],[4qty]]*INDEX(unitsTable,MATCH(table_renewsummary[[#This Row],[4units]],INDEX(unitsTable,0,1),0),2),0) -> 0 | H131: =IFERROR(IF(table_renewsummary[[#This Row],[4offset]]="Electricity",(table_renewsummary[[#This Row],[4qty_calc]]/(IF(projectType="BD+C:Core and Shell",$E$28,$F$28))),0),0) -> 0 | I131: =IFERROR(IF(table_renewsummary[[#This Row],[4offset]]="Fuel(s)",(table_renewsummary[[#This Row],[4qty_calc]]/(IF(projectType="BD+C:Core and Shell",$E$29,$F$29))),0),0) -> 0 | J131: =IFERROR(table_renewsummary[[#This Row],[4qty_calc]]/$F$27,0) -> 0
A132: 98 | G132: =IFERROR(table_renewsummary[[#This Row],[4qty]]*INDEX(unitsTable,MATCH(table_renewsummary[[#This Row],[4units]],INDEX(unitsTable,0,1),0),2),0) -> 0 | H132: =IFERROR(IF(table_renewsummary[[#This Row],[4offset]]="Electricity",(table_renewsummary[[#This Row],[4qty_calc]]/(IF(projectType="BD+C:Core and Shell",$E$28,$F$28))),0),0) -> 0 | I132: =IFERROR(IF(table_renewsummary[[#This Row],[4offset]]="Fuel(s)",(table_renewsummary[[#This Row],[4qty_calc]]/(IF(projectType="BD+C:Core and Shell",$E$29,$F$29))),0),0) -> 0 | J132: =IFERROR(table_renewsummary[[#This Row],[4qty_calc]]/$F$27,0) -> 0
A133: 99 | G133: =IFERROR(table_renewsummary[[#This Row],[4qty]]*INDEX(unitsTable,MATCH(table_renewsummary[[#This Row],[4units]],INDEX(unitsTable,0,1),0),2),0) -> 0 | H133: =IFERROR(IF(table_renewsummary[[#This Row],[4offset]]="Electricity",(table_renewsummary[[#This Row],[4qty_calc]]/(IF(projectType="BD+C:Core and Shell",$E$28,$F$28))),0),0) -> 0 | I133: =IFERROR(IF(table_renewsummary[[#This Row],[4offset]]="Fuel(s)",(table_renewsummary[[#This Row],[4qty_calc]]/(IF(projectType="BD+C:Core and Shell",$E$29,$F$29))),0),0) -> 0 | J133: =IFERROR(table_renewsummary[[#This Row],[4qty_calc]]/$F$27,0) -> 0
A134: 100 | G134: =IFERROR(table_renewsummary[[#This Row],[4qty]]*INDEX(unitsTable,MATCH(table_renewsummary[[#This Row],[4units]],INDEX(unitsTable,0,1),0),2),0) -> 0 | H134: =IFERROR(IF(table_renewsummary[[#This Row],[4offset]]="Electricity",(table_renewsummary[[#This Row],[4qty_calc]]/(IF(projectType="BD+C:Core and Shell",$E$28,$F$28))),0),0) -> 0 | I134: =IFERROR(IF(table_renewsummary[[#This Row],[4offset]]="Fuel(s)",(table_renewsummary[[#This Row],[4qty_calc]]/(IF(projectType="BD+C:Core and Shell",$E$29,$F$29))),0),0) -> 0 | J134: =IFERROR(table_renewsummary[[#This Row],[4qty_calc]]/$F$27,0) -> 0
A135: 101 | G135: =IFERROR(table_renewsummary[[#This Row],[4qty]]*INDEX(unitsTable,MATCH(table_renewsummary[[#This Row],[4units]],INDEX(unitsTable,0,1),0),2),0) -> 0 | H135: =IFERROR(IF(table_renewsummary[[#This Row],[4offset]]="Electricity",(table_renewsummary[[#This Row],[4qty_calc]]/(IF(projectType="BD+C:Core and Shell",$E$28,$F$28))),0),0) -> 0 | I135: =IFERROR(IF(table_renewsummary[[#This Row],[4offset]]="Fuel(s)",(table_renewsummary[[#This Row],[4qty_calc]]/(IF(projectType="BD+C:Core and Shell",$E$29,$F$29))),0),0) -> 0 | J135: =IFERROR(table_renewsummary[[#This Row],[4qty_calc]]/$F$27,0) -> 0
A136: 102 | G136: =IFERROR(table_renewsummary[[#This Row],[4qty]]*INDEX(unitsTable,MATCH(table_renewsummary[[#This Row],[4units]],INDEX(unitsTable,0,1),0),2),0) -> 0 | H136: =IFERROR(IF(table_renewsummary[[#This Row],[4offset]]="Electricity",(table_renewsummary[[#This Row],[4qty_calc]]/(IF(projectType="BD+C:Core and Shell",$E$28,$F$28))),0),0) -> 0 | I136: =IFERROR(IF(table_renewsummary[[#This Row],[4offset]]="Fuel(s)",(table_renewsummary[[#This Row],[4qty_calc]]/(IF(projectType="BD+C:Core and Shell",$E$29,$F$29))),0),0) -> 0 | J136: =IFERROR(table_renewsummary[[#This Row],[4qty_calc]]/$F$27,0) -> 0
... A143: 109 | G143: =IFERROR(table_renewsummary[[#This Row],[4qty]]*INDEX(unitsTable,MATCH(table_renewsummary[[#This Row],[4units]],INDEX(unitsTable,0,1),0),2),0) -> 0 | H143: =IFERROR(IF(table_renewsummary[[#This Row],[4offset]]="Electricity",(table_renewsummary[[#This Row],[4qty_calc]]/(IF(projectType="BD+C:Core and Shell",$E$28,$F$28))),0),0) -> 0 | I143: =IFERROR(IF(table_renewsummary[[#This Row],[4offset]]="Fuel(s)",(table_renewsummary[[#This Row],[4qty_calc]]/(IF(projectType="BD+C:Core and Shell",$E$29,$F$29))),0),0) -> 0 | J143: =IFERROR(table_renewsummary[[#This Row],[4qty_calc]]/$F$27,0) -> 0
A144: 110 | G144: =IFERROR(table_renewsummary[[#This Row],[4qty]]*INDEX(unitsTable,MATCH(table_renewsummary[[#This Row],[4units]],INDEX(unitsTable,0,1),0),2),0) -> 0 | H144: =IFERROR(IF(table_renewsummary[[#This Row],[4offset]]="Electricity",(table_renewsummary[[#This Row],[4qty_calc]]/(IF(projectType="BD+C:Core and Shell",$E$28,$F$28))),0),0) -> 0 | I144: =IFERROR(IF(table_renewsummary[[#This Row],[4offset]]="Fuel(s)",(table_renewsummary[[#This Row],[4qty_calc]]/(IF(projectType="BD+C:Core and Shell",$E$29,$F$29))),0),0) -> 0 | J144: =IFERROR(table_renewsummary[[#This Row],[4qty_calc]]/$F$27,0) -> 0 | K144: Click + to left for additional rows
B145: Total Tier 1 + Tier 2 + Tier 3 (not accounting for energy source eligibility) | G145: =SUM(table_renewsummary[4qty_calc]) -> 0 | H145: =MIN(SUM(table_renewsummary[4per_elec]),1) -> 0 | I145: =MIN(SUM(table_renewsummary[4per_fuel]),1) -> 0 | J145: =SUM(table_renewsummary[4per_site]) -> 0
B146: Tier 1 total renewable quantity and eligible percent | G146: =(SUMIF(energyCategories,"Tier 1",table_renewsummary[4qty_calc])) -> 0 | H146: =MIN(SUMIF(energyCategories,"Tier 1",table_renewsummary[4per_elec]),1) -> 0 | I146: =MIN(SUMIF(energyCategories,"Tier 1",table_renewsummary[4per_fuel]),1) -> 0 | J146: =IF(projectType="BD+C:Core and Shell",(IFERROR(ROUNDUP(IF(projectType="BD+C: Core and Shell",$H146*$E$28+$I146*$E$29,$H146*$F28+$I146*$F$29)/$F$27,3),0)),(IFERROR(ROUNDUP(IF(projectType="BD+C: Core and Shell",$H146*$E$28+$I146*$E$29,$H146*$F28+$I146*$F$29)/$F$27,3),0))) -> 0
B147: Tier 2 total renewable quantity and eligible percent | G147: =(SUMIF(energyCategories,"Tier 2",table_renewsummary[4qty_calc])) -> 0 | H147: =MIN(SUMIF(energyCategories,"Tier 2",table_renewsummary[4per_elec]),1-H146) -> 0 | I147: =MIN(SUMIF(energyCategories,"Tier 2",table_renewsummary[4per_fuel]),1) -> 0 | J147: =IF(projectType="BD+C:Core and Shell",(IFERROR(ROUNDUP(IF(projectType="BD+C: Core and Shell",$H147*$E$28+$I147*$E$29,$H147*$F28+$I147*$F$29)/$F$27,3),0)),(IFERROR(ROUNDUP(IF(projectType="BD+C: Core and Shell",$H147*$E$28+$I147*$E$29,$H147*$F28+$I147*$F$29)/$F$27,3),0))) -> 0
B148: Tier 3 total renewable quantity and eligible percent | G148: =(SUMIF(energyCategories,"Tier 3",table_renewsummary[4qty_calc])) -> 0 | H148: =MIN(SUMIF(energyCategories,"Tier 3",table_renewsummary[4per_elec]),1-H147-H146) -> 0 | I148: =MIN(SUMIF(energyCategories,"Tier 3",table_renewsummary[4per_fuel]),1-I146) -> 0 | J148: =IF(projectType="BD+C:Core and Shell",(IFERROR(ROUNDUP(IF(projectType="BD+C: Core and Shell",$H148*$E$28+$I148*$E$29,$H148*$F28+$I148*$F$29)/$F$27,3),0)),(IFERROR(ROUNDUP(IF(projectType="BD+C: Core and Shell",$H148*$E$28+$I148*$E$29,$H148*$F28+$I148*$F$29)/$F$27,3),0))) -> 0
B149: Total eligible percent for Tier 1 + Tier 2 + Tier 3 | J149: =SUM(J$146:J$148) -> 0
B151: STEP 5: TIER 1 MINIMUM RATED CAPACITY METHOD (OPTIONAL)
B152: Project characteristics (all rating systems)
B153: How many above-grade floors does the project building have?
B154: =IF(F153<=3, "Building gross floor area","Combined gross floor area of the three largest floors in the building") -> Building gross floor area | G154: =IFERROR(VLOOKUP(Input!$D$6,Database!$D$7:$F$8,2,0),"")
B156: Additional project characteristics (Interior Design and Construction only)
B157: Total gross floor area of base building | G157: =IFERROR(VLOOKUP(Input!$D$6,Database!$D$7:$F$8,2,0),"") | H157: For buildings with three floors or less, this value is the same as the "Combined gross floor area" of all floors in the building.
B158: Project gross floor area | G158: =IFERROR(VLOOKUP(Input!$D$6,Database!$D$7:$F$8,2,0),"")
B159: Area of the three largest floors, prorated to the project based on project area | F159: =IFERROR(IF(F158>F157,"Error",F158/F157*F154),"") | G159: =IFERROR(VLOOKUP(Input!$D$6,Database!$D$7:$F$8,2,0),"")
B161: Rated capacity:
B162: Total installed renewable capacity (Watts) | G162: W
B163: Results:
B164: =CONCATENATE("Renewable capacity per unit area for the three largest floors",IF(projectType="ID+C: Interior Design and Construction",", prorated based on project area","")) -> Renewable capacity per unit area for the three largest floors | F164: =IFERROR($F$162/IF(projectType="ID+C: Interior Design and Construction",$F$159,$F$154),0) -> 0 | G164: =IFERROR(VLOOKUP(Input!$D$6,Database!$D$7:$F$8,3,0),"")
B166: STEP 6: PARTIAL POINTS DETERMINATION
C168: Partial Points
B169: Tier | C169: Percent of annual site energy method | E169: Capacity method
B170: Tier 1 | C170: {=IF($D$7="BD+C: Core and Shell", IF($J$146<=MIN(Tier1_cs_min), INDEX(Tier1_cs_pts,1), IF($J$146>=MAX(Tier1_cs_min), INDEX(Tier1_cs_pts,ROWS(Tier1_cs_pts)), INDEX(Tier1_cs_pts, MATCH($J$146, Tier1_cs_min, 1)) + ( ($J$146 - INDEX(Tier1_cs_min, MATCH($J$146, Tier1_cs_min, 1))) / (INDEX(Tier1_cs_min, MATCH($J$146, Tier1_cs_min, 1)+1) - INDEX(Tier1_cs_min, MATCH($J$146, Tier1_cs_min, 1))) ) * (INDEX(Tier1_cs_pts, MATCH($J$146, Tier1_cs_min, 1)+1) - INDEX(Tier1_cs_pts, MATCH($J$146, Tier1_cs_min, 1))) ) ), IF($J$146<=MIN(Tier1_nc_idc_min), INDEX(Tier1_nc_idc_pts,1), IF($J$146>=MAX(Tier1_nc_idc_min), INDEX(Tier1_nc_idc_pts,ROWS(Tier1_nc_idc_pts)), INDEX(Tier1_nc_idc_pts, MATCH($J$146, Tier1_nc_idc_min, 1)) + ( ($J$146 - INDEX(Tier1_nc_idc_min, MATCH($J$146, Tier1_nc_idc_min, 1))) / (INDEX(Tier1_nc_idc_min, MATCH($J$146, Tier1_nc_idc_min, 1)+1) - INDEX(Tier1_nc_idc_min, MATCH($J$146, Tier1_nc_idc_min, 1))) ) * (INDEX(Tier1_nc_idc_pts, MATCH($J$146, Tier1_nc_idc_min, 1)+1) - INDEX(Tier1_nc_idc_pts, MATCH($J$146, Tier1_nc_idc_min, 1))) ) ) )} -> 0 | D170: or | E170: =IF($D$6="IP Units",IF(F164>=2,2,IF(F164>=(1),1,0)),IF(F164>=21.6,2,IF(F164>=10.8,1,0))) -> 0
...

Sheet Database
B2: USGBC Calculator || LEED for Building Operations and Maintenance & Interior Design and Construction LEED v5 EAc4: Renewable Energy Database
B4: GENERAL INFORMATION
B6: Unit systems | C6: Options | D6: Select | E6: Area | F6: Energy
D7: SI Units | E7: m2 | F7: W/m2
D8: IP Units | E8: ft2 | F8: W/ft2
B10: Project type | C10: Options | D10: Select | E10: Name of Energy Field
D11: BD+C: New Construction | E11: Annual site energy
D12: BD+C: Core and Shell | E12: Total annual building site energy | F12: Base building metered site energy | G12: Annual base building site energy
D13: ID+C: Interior Design and Construction | E13: Tenant annual site energy
B17: PROJECT SITE ENERGY USE
B20: IP_Units | C20: SI_Units
B21: kBtu | C21: GJ
B22: therms | C22: MJ
B23: MMBtu | C23: kWh
B24: ton Hours | C24: MWh
B25: kWh
B26: MWh
B28: Energy Consumption Units | C28: convert to kWh | D28: Source
B29: GJ | C29: 277.77778 | D29: EPA, 2025. Thermal Energy Conversions. ENERGY STAR Portfolio Manager.
B30: MJ | C30: 0.27777778 | D30: EPA, 2025. Thermal Energy Conversions. ENERGY STAR Portfolio Manager.
B31: kWh | C31: 1 | D31: EPA, 2025. Thermal Energy Conversions. ENERGY STAR Portfolio Manager.
B32: MWh | C32: 1000 | D32: EPA, 2025. Thermal Energy Conversions. ENERGY STAR Portfolio Manager.
B33: kBtu | C33: 0.29308324 | D33: EPA, 2025. Thermal Energy Conversions. ENERGY STAR Portfolio Manager.
B34: therms | C34: 29.308324 | D34: EPA, 2025. Thermal Energy Conversions. ENERGY STAR Portfolio Manager.
B35: MMBtu | C35: 293.08324 | D35: EPA, 2025. Thermal Energy Conversions. ENERGY STAR Portfolio Manager.
B36: ton Hours | C36: 3.5169988 | D36: EPA, 2025. Thermal Energy Conversions. ENERGY STAR Portfolio Manager.
B37: Select
B39: Offset Energy type
B40: Electricity
B41: Fuel(s)
B42: Other
B45: RENEWABLE ENERGY GENERATION
B47: LEED Renewable Category
B48: Tier 1 | C48: 1
B49: Tier 2 | C49: 2
B50: Tier 3 | C50: 3
B51: Select
B54: Tier 1 On-site renewable sources | C54: Tier 2 Renewable Electricity Generation Sources | D54: Tier 3 Renewable Generation Sources | F54: Energy Generation Type
B55: Select | C55: Select | D55: Select | F55: Select
B56: Electricity | C56: Electricity | D56: Electricity | F56: Electricity
B57: Fuel(s) | D57: Fuel(s) | F57: Fuel(s)
F60: Select
F61: Yes
F62: No
B65: Points
B67: BD+C: New Construction / ID+C:Interior Design and Construction | F67: BD+C: Core and Shell
B68: Tier | C68: % Mínimum | D68: Points | F68: Tier | G68: % Mínimum | H68: Points
B69: Tier 1 | C69: 0 | D69: 0 | F69: Tier 1 | G69: 0 | H69: 0
B70: Tier 1 | C70: 0.05 | D70: 1 | F70: Tier 1 | G70: 0.15 | H70: 1
B71: Tier 1 | C71: 0.1 | D71: 2 | F71: Tier 1 | G71: 0.3 | H71: 2
B72: Tier 1 | C72: 0.2 | D72: 3 | F72: Tier 1 | G72: 0.65 | H72: 3
B73: Tier 1 | C73: 0.35 | D73: 4 | F73: Tier 1 | G73: 1 | H73: 4
B74: Tier 1 | C74: 0.55 | D74: 5 | F74: Tier 2 | G74: 0 | H74: 0
B75: Tier 1 | C75: 1 | D75: 5 | F75: Tier 2 | G75: 0.35 | H75: 1
B76: Tier 2 | C76: 0 | D76: 0 | F76: Tier 2 | G76: 0.7 | H76: 2
B77: Tier 2 | C77: 0.2 | D77: 1 | F77: Tier 2 | G77: 1 | H77: 3
B78: Tier 2 | C78: 0.4 | D78: 2 | F78: Tier 2 | G78: 2 | H78: 4
B79: Tier 2 | C79: 0.6 | D79: 3 | F79: Tier 3 | G79: 0 | H79: 0
B80: Tier 2 | C80: 0.8 | D80: 4 | F80: Tier 3 | G80: 1 | H80: 1
B81: Tier 2 | C81: 1 | D81: 5 | F81: Tier 3 | G81: 2 | H81: 2
B82: Tier 3 | C82: 0 | D82: 0 | F82: According to Leed v5
B83: Tier 3 | C83: 0.55 | D83: 1
B84: Tier 3 | C84: 1 | D84: 2
B85: According to august 22

Sheet Summary
B2: LEED v5 Renewable Energy Calculator LEED for Building Design and Construction | Interior Design and Construction Summary
C5: EA CREDIT RENEWABLE ENERGY
C8: Project Type | D8: =projectType -> 0
C10: Renewable energy summary
C12: Tier 1 renewable capacity per unit area for the three largest floors | D12: =Input!F164 -> 0 | F12: =Input!G164 | H12: =IF(Input!$C$170<Input!$E$170,Input!$E$170,"Not applicable") -> Not applicable | I12: Points
C13: (if applicable)
D15: Annual renewable generation (kWh) | F15: Qualifying Percent of Total Annual Site Energy
C17: Tier 1: On-site renewable energy percent of annual project site energy use | D17: =Input!$G$146 -> 0 | F17: =Input!$J$146 -> 0 | H17: =IF(Input!$C$170<Input!$E$170,"Not applicable",Input!C170) -> 0 | I17: Points
C19: Tier 2. New Off-site renewable electricity percent of annual project site energy use | D19: =Input!$G$147 -> 0 | F19: =Input!$J$147 -> 0 | H19: =Input!C171 -> 0 | I19: Points
C21: Tier 3. Off-site renewable percent of annual project site energy use | D21: =Input!$G$148 -> 0 | F21: =Input!$J$148 -> 0 | H21: =Input!C172 -> 0 | I21: Points
C23: Total (Tier 1 + Tier 2 + Tier 3) | D23: =Input!$G$145 -> 0 | F23: =Input!$J$149 -> 0
C25: Points: | H25: =MIN( IF($D$8="BD+C: Core and Shell", 4, 5), ROUNDDOWN( IF($H$17="Not applicable", $H$12, $H$17) + $H$19 + $H$21, 0 ) ) -> 0 | I25: Points
C26: Calculations refer to the method leading to highest points achievement for Tier 1, and round down to the nearest whole number, up to the maximum available points.
C28: Meets renewable energy thresholds for LEED Platinum eligibility | H28: =IF(Input!$J$149>=1,"Yes","No") -> No
C29: (100% Tier 1 + Tier 2 + Tier 3)
